timestamp_utc,grid_power_w,batt_power_l_w,batt_power_r_w,solar_power_l_w,solar_power_r_w,soc_l_pct,soc_r_pct
2026-02-25T11:00:00+00:00,298.4834290508505,,,,,,
2026-02-25T12:00:00+00:00,1865.324732981852,,,,,,
2026-02-25T13:00:00+00:00,1632.1470067263356,,,,,,
2026-02-25T14:00:00+00:00,1220.9094243924587,,,,,,
2026-02-25T15:00:00+00:00,329.2678256549911,,,,,,
2026-02-25T16:00:00+00:00,1279.2520558146136,,,,,,
2026-02-25T17:00:00+00:00,1054.725563757747,,,,,,
2026-02-25T18:00:00+00:00,616.3365714265498,,,,,,
2026-02-25T19:00:00+00:00,939.2008632706369,,,,,,
2026-02-25T20:00:00+00:00,1156.0351511198558,,,,,,
2026-02-25T21:00:00+00:00,637.8071879469994,,,,,,
2026-02-25T22:00:00+00:00,826.8701890317666,,,,,,
2026-02-25T23:00:00+00:00,1105.3640749234776,,,,,,
2026-02-26T00:00:00+00:00,641.0843183630551,,,,,,
2026-02-26T01:00:00+00:00,656.3668245513093,,,,,,
2026-02-26T02:00:00+00:00,5049.31046495499,,,,,,
2026-02-26T03:00:00+00:00,1341.757509235514,,,,,,
2026-02-26T04:00:00+00:00,764.6311755129477,,,,,,
2026-02-26T05:00:00+00:00,573.2318848436012,,,,,,
2026-02-26T06:00:00+00:00,1007.0672873812905,,,,,,
2026-02-26T07:00:00+00:00,331.93496093058553,,,,,,
2026-02-26T08:00:00+00:00,1038.8497126698005,,,,,,
2026-02-26T09:00:00+00:00,838.4394062458938,,,,,,
2026-02-26T10:00:00+00:00,290.91385640661275,,,,,,
2026-02-26T11:00:00+00:00,606.9259680952807,,,,,,
2026-02-26T12:00:00+00:00,1342.9743678414527,,,,,,
2026-02-26T13:00:00+00:00,643.5642416540583,,,,,,
2026-02-26T14:00:00+00:00,278.2899230667305,,,,,,
2026-02-26T15:00:00+00:00,1036.2961018937337,,,,,,
2026-02-26T16:00:00+00:00,1187.7224598003008,,,,,,
2026-02-26T17:00:00+00:00,1033.145887552136,,,,,,
2026-02-26T18:00:00+00:00,991.2766247804299,,,,,,
2026-02-26T19:00:00+00:00,2993.2892141323987,,,,,,
2026-02-26T20:00:00+00:00,1029.3268134587572,,,,,,
2026-02-26T21:00:00+00:00,1004.7370547869322,,,,,,
2026-02-26T22:00:00+00:00,693.7835392005157,,,,,,
2026-02-26T23:00:00+00:00,868.8748601627263,,,,,,
2026-02-27T00:00:00+00:00,626.2694558616114,,,,,,
2026-02-27T01:00:00+00:00,1229.9177266265988,,,,,,
2026-02-27T02:00:00+00:00,858.6816170413455,,,,,,
2026-02-27T03:00:00+00:00,921.5109478083464,,,,,,
2026-02-27T04:00:00+00:00,194.66333766362195,,,,,,
2026-02-27T05:00:00+00:00,1082.097657150265,,,,,,
2026-02-27T06:00:00+00:00,690.101668553837,,,,,,
2026-02-27T07:00:00+00:00,3247.9432676491488,,,,,,
2026-02-27T08:00:00+00:00,1152.2404447283332,,,,,,
2026-02-27T09:00:00+00:00,213.79136662686858,,,,,,
2026-02-27T10:00:00+00:00,188.0134251122175,,,,,,
2026-02-27T11:00:00+00:00,194.92573377412722,,,,,,
2026-02-27T12:00:00+00:00,2443.6866185937415,,,,,,
2026-02-27T13:00:00+00:00,459.8221806460563,,,,,,
2026-02-27T14:00:00+00:00,1029.1035421125098,,,,,,
2026-02-27T15:00:00+00:00,512.3375526665731,,,,,,
2026-02-27T16:00:00+00:00,264.09343480379556,,,,,,
2026-02-27T17:00:00+00:00,281.2692247384975,,,,,,
2026-02-27T18:00:00+00:00,478.37093098648194,,,,,,
2026-02-27T19:00:00+00:00,250.22795756181586,,,,,,
2026-02-27T20:00:00+00:00,511.4730096666023,,,,,,
2026-02-27T21:00:00+00:00,2475.477074735868,,,,,,
2026-02-27T22:00:00+00:00,180.71147888738997,,,,,,
2026-02-27T23:00:00+00:00,146.6532149015064,,,,,,
2026-02-28T00:00:00+00:00,697.9047711828861,,,,,,
2026-02-28T01:00:00+00:00,222.56119342622858,,,,,,
2026-02-28T02:00:00+00:00,192.4650067374142,,,,,,
2026-02-28T03:00:00+00:00,1051.727192107181,,,,,,
2026-02-28T04:00:00+00:00,235.43564622789947,,,,,,
2026-02-28T05:00:00+00:00,205.72445330008944,,,,,,
2026-02-28T06:00:00+00:00,960.4096809633916,,,,,,
2026-02-28T07:00:00+00:00,1053.4204113691435,,,,,,
2026-02-28T08:00:00+00:00,3920.889498304208,,,,,,
2026-02-28T09:00:00+00:00,1653.537045708071,,,,,,
2026-02-28T10:00:00+00:00,3207.2743037634336,,,,,,
2026-02-28T11:00:00+00:00,15.860565838548874,,,,,,
2026-02-28T12:00:00+00:00,-67.86464545571359,,,,,,
2026-02-28T13:00:00+00:00,330.5283698106245,,,,,,
2026-02-28T14:00:00+00:00,602.182944058391,,,,,,
2026-02-28T15:00:00+00:00,729.1419152129306,,,,,,
2026-02-28T16:00:00+00:00,4107.211754325708,,,,,,
2026-02-28T17:00:00+00:00,12645.205421700068,,,,,,
2026-02-28T18:00:00+00:00,14280.005642163322,,,,,,
2026-02-28T19:00:00+00:00,15473.21520609354,,,,,,
2026-02-28T20:00:00+00:00,1341.4059406056829,,,,,,
2026-02-28T21:00:00+00:00,866.8490712752495,,,,,,
2026-02-28T22:00:00+00:00,994.3074540517524,,,,,,
2026-02-28T23:00:00+00:00,1090.2615629036811,,,,,,
2026-03-01T00:00:00+00:00,483.11723550692045,,,,,,
2026-03-01T01:00:00+00:00,933.6371206459918,,,,,,
2026-03-01T02:00:00+00:00,930.7916456222166,,,,,,
2026-03-01T03:00:00+00:00,139.89985169886862,,,,,,
2026-03-01T04:00:00+00:00,1053.7314983933081,,,,,,
2026-03-01T05:00:00+00:00,1096.5648530102444,,,,,,
2026-03-01T06:00:00+00:00,644.8028423897537,,,,,,
2026-03-01T07:00:00+00:00,401.9891922539352,,,,,,
2026-03-01T08:00:00+00:00,2222.332799009069,,,,,,
2026-03-01T09:00:00+00:00,1456.6780854522574,,,,,,
2026-03-01T10:00:00+00:00,379.86001357211643,,,,,,
2026-03-01T11:00:00+00:00,882.6261601997845,,,,,,
2026-03-01T12:00:00+00:00,707.357860894609,,,,,,
2026-03-01T13:00:00+00:00,1078.165388460826,,,,,,
2026-03-01T14:00:00+00:00,1410.5111994249392,,,,,,
2026-03-01T15:00:00+00:00,2580.710891990622,,,,,,
2026-03-01T16:00:00+00:00,346.48200035259833,,,,,,
2026-03-01T17:00:00+00:00,658.3723508245283,,,,,,
2026-03-01T18:00:00+00:00,2562.6861611900854,,,,,,
2026-03-01T19:00:00+00:00,4162.292049970259,,,,,,
2026-03-01T20:00:00+00:00,1863.8759661071774,,,,,,
2026-03-01T21:00:00+00:00,1286.422102578433,,,,,,
2026-03-01T22:00:00+00:00,1131.3182011234294,,,,,,
2026-03-01T23:00:00+00:00,252.33291634283918,,,,,,
2026-03-02T00:00:00+00:00,1067.3062814701414,,,,,,
2026-03-02T01:00:00+00:00,1031.4577411564414,,,,,,
2026-03-02T02:00:00+00:00,1046.0373846343657,,,,,,
2026-03-02T03:00:00+00:00,1085.9758241884754,,,,,,
2026-03-02T04:00:00+00:00,1100.7549699671906,,,,,,
2026-03-02T05:00:00+00:00,768.3208131122714,,,,,,
2026-03-02T06:00:00+00:00,1005.5230024892402,,,,,,
2026-03-02T07:00:00+00:00,698.0671960998783,,,,,,
2026-03-02T08:00:00+00:00,3997.8811764059487,,,,,,
2026-03-02T09:00:00+00:00,498.6118775537525,,,,,,
2026-03-02T10:00:00+00:00,378.53158708103115,,,,,,
2026-03-02T11:00:00+00:00,697.7856411686627,,,,,,
2026-03-02T12:00:00+00:00,159.01859347937554,,,,,,
2026-03-02T13:00:00+00:00,609.828041242267,,,,,,
2026-03-02T14:00:00+00:00,596.4871106978533,,,,,,
2026-03-02T15:00:00+00:00,666.6613551904419,,,,,,
2026-03-02T16:00:00+00:00,978.238698479599,,,,,,
2026-03-02T17:00:00+00:00,1179.4586687467727,,,,,,
2026-03-02T18:00:00+00:00,925.0852890849663,,,,,,
2026-03-02T19:00:00+00:00,1098.4360825715148,,,,,,
2026-03-02T20:00:00+00:00,3683.3156502379247,,,,,,
2026-03-02T21:00:00+00:00,1941.9731472761644,,,,,,
2026-03-02T22:00:00+00:00,1141.8558553935343,,,,,,
2026-03-02T23:00:00+00:00,951.2618073185732,,,,,,
2026-03-03T00:00:00+00:00,1379.6261259012106,,,,,,
2026-03-03T01:00:00+00:00,1803.1358932519186,,,,,,
2026-03-03T02:00:00+00:00,1678.1004403577026,,,,,,
2026-03-03T03:00:00+00:00,1100.1042924109622,,,,,,
2026-03-03T04:00:00+00:00,1484.228872079823,,,,,,
2026-03-03T05:00:00+00:00,1528.8518657152601,,,,,,
2026-03-03T06:00:00+00:00,3120.05532685803,,,,,,
2026-03-03T07:00:00+00:00,1730.01208246499,,,,,,
2026-03-03T08:00:00+00:00,2081.200801524808,,,,,,
2026-03-03T09:00:00+00:00,2063.202842945574,,,,,,
2026-03-03T10:00:00+00:00,1151.7207363788593,,,,,,
2026-03-03T11:00:00+00:00,919.0515220243395,,,,,,
2026-03-03T12:00:00+00:00,87.39046052782463,,,,,,
2026-03-03T13:00:00+00:00,678.98590359555,,,,,,
2026-03-03T14:00:00+00:00,722.3638456448548,,,,,,
2026-03-03T15:00:00+00:00,816.8510148942933,,,,,,
2026-03-03T16:00:00+00:00,6571.6849498513575,,,,,,
2026-03-03T17:00:00+00:00,13553.540735812167,,,,,,
2026-03-03T18:00:00+00:00,1366.3983276829679,,,,,,
2026-03-03T19:00:00+00:00,589.0702605583745,,,,,,
2026-03-03T20:00:00+00:00,2417.675544483598,,,,,,
2026-03-03T21:00:00+00:00,728.6189184340552,,,,,,
2026-03-03T22:00:00+00:00,1288.2093127573178,,,,,,
2026-03-03T23:00:00+00:00,1814.404904710443,,,,,,
2026-03-04T00:00:00+00:00,1339.548687437786,,,,,,
2026-03-04T01:00:00+00:00,1320.7731846969127,,,,,,
2026-03-04T02:00:00+00:00,397.27910266218356,,,,,,
2026-03-04T03:00:00+00:00,1127.511148320651,,,,,,
2026-03-04T04:00:00+00:00,1283.666640727076,,,,,,
2026-03-04T05:00:00+00:00,624.1861616361708,,,,,,
2026-03-04T06:00:00+00:00,624.5277336041,,,,,,
2026-03-04T07:00:00+00:00,2301.5899059276003,,,,,,
2026-03-04T08:00:00+00:00,1863.2808482504652,,,,,,
2026-03-04T09:00:00+00:00,3151.712535327157,,,,,,
2026-03-04T10:00:00+00:00,1053.9054484226733,,,,,,
2026-03-04T11:00:00+00:00,372.5046102558088,,,,,,
2026-03-04T12:00:00+00:00,328.7415126001586,,,,,,
2026-03-04T13:00:00+00:00,781.6266844756769,,,,,,
2026-03-04T14:00:00+00:00,605.3469848016891,,,,,,
2026-03-04T15:00:00+00:00,862.0765626084481,,,,,,
2026-03-04T16:00:00+00:00,441.9544035080519,,,,,,
2026-03-04T17:00:00+00:00,773.8742473395265,,,,,,
2026-03-04T18:00:00+00:00,493.648307024185,,,,,,
2026-03-04T19:00:00+00:00,663.7311038703352,,,,,,
2026-03-04T20:00:00+00:00,2903.5358327558442,,,,,,
2026-03-04T21:00:00+00:00,764.4367324622372,,,,,,
2026-03-04T22:00:00+00:00,1438.70975439695,,,,,,
2026-03-04T23:00:00+00:00,828.227774043787,,,,,,
2026-03-05T00:00:00+00:00,684.2411008782547,,,,,,
2026-03-05T01:00:00+00:00,802.206871002065,,,,,,
2026-03-05T02:00:00+00:00,4400.4337410270755,,,,,,
2026-03-05T03:00:00+00:00,802.6297245516295,,,,,,
2026-03-05T04:00:00+00:00,870.8906245368756,,,,,,
2026-03-05T05:00:00+00:00,945.250681538828,,,,,,
2026-03-05T06:00:00+00:00,2388.5170712950408,,,,,,
2026-03-05T07:00:00+00:00,862.0604921140435,,,,,,
2026-03-05T08:00:00+00:00,573.7617985745809,,,,,,
2026-03-05T09:00:00+00:00,1951.87391302629,,,,,,
2026-03-05T10:00:00+00:00,956.2103524472706,,,,,,
2026-03-05T11:00:00+00:00,-94.43204062300917,,,,,,
2026-03-05T12:00:00+00:00,1612.282261219656,,,,,,
2026-03-05T13:00:00+00:00,931.4244531422391,,,,,,
2026-03-05T14:00:00+00:00,335.70695186832586,,,,,,
2026-03-05T15:00:00+00:00,2421.6982929297606,,,,,,
2026-03-05T16:00:00+00:00,492.2177625355036,,,,,,
2026-03-05T17:00:00+00:00,419.2133189910519,,,,,,
2026-03-05T18:00:00+00:00,473.8811648840411,,,,,,
2026-03-05T19:00:00+00:00,522.2881498256762,,,,,,
2026-03-05T20:00:00+00:00,498.36498476526,,,,,,
2026-03-05T21:00:00+00:00,860.2154833342928,,,,,,
2026-03-05T22:00:00+00:00,2491.5150975219176,,,,,,
2026-03-05T23:00:00+00:00,732.6690124724942,,,,,,
2026-03-06T00:00:00+00:00,831.1305584180205,,,,,,
2026-03-06T01:00:00+00:00,764.3890471473534,,,,,,
2026-03-06T02:00:00+00:00,693.598590051174,,,,,,
2026-03-06T03:00:00+00:00,911.378871511672,,,,,,
2026-03-06T04:00:00+00:00,824.2219341230156,,,,,,
2026-03-06T05:00:00+00:00,657.6242843465842,,,,,,
2026-03-06T06:00:00+00:00,669.4977353080136,,,,,,
2026-03-06T07:00:00+00:00,354.0265804931333,,,,,,
2026-03-06T08:00:00+00:00,265.29057190423083,,,,,,
2026-03-06T09:00:00+00:00,1593.4629688398475,,,,,,
2026-03-06T10:00:00+00:00,255.44000350785973,,,,,,
2026-03-06T11:00:00+00:00,311.75840267508363,,,,,,
2026-03-06T12:00:00+00:00,155.85651994451027,,,,,,
2026-03-06T13:00:00+00:00,2054.3002984096947,,,,,,
2026-03-06T14:00:00+00:00,485.09390609248203,,,,,,
2026-03-06T15:00:00+00:00,10376.927983484682,,,,,,
2026-03-06T16:00:00+00:00,12567.022914614534,,,,,,
2026-03-06T17:00:00+00:00,12479.589193876882,,,,,,
2026-03-06T18:00:00+00:00,12462.693187266954,,,,,,
2026-03-06T19:00:00+00:00,13880.467704220753,,,,,,
2026-03-06T20:00:00+00:00,5713.256137211248,,,,,,
2026-03-06T21:00:00+00:00,1026.7450957581927,,,,,,
2026-03-06T22:00:00+00:00,2053.1791215182743,,,,,,
2026-03-06T23:00:00+00:00,1302.9788979757275,,,,,,
2026-03-07T00:00:00+00:00,1107.0094766227303,,,,,,
2026-03-07T01:00:00+00:00,1077.5286919335433,,,,,,
2026-03-07T02:00:00+00:00,1213.4915619043963,,,,,,
2026-03-07T03:00:00+00:00,1749.6258887994265,,,,,,
2026-03-07T04:00:00+00:00,3044.3064581753447,,,,,,
2026-03-07T05:00:00+00:00,1258.427567146381,,,,,,
2026-03-07T06:00:00+00:00,925.027956561279,,,,,,
2026-03-07T07:00:00+00:00,1919.6937518357997,,,,,,
2026-03-07T08:00:00+00:00,501.0524708338418,,,,,,
2026-03-07T09:00:00+00:00,562.3864573559039,,,,,,
2026-03-07T10:00:00+00:00,1998.847277406455,,,,,,
2026-03-07T11:00:00+00:00,2883.0828591617596,,,,,,
2026-03-07T12:00:00+00:00,224.1601585216275,,,,,,
2026-03-07T13:00:00+00:00,333.7993977888303,,,,,,
2026-03-07T14:00:00+00:00,373.31943533964585,,,,,,
2026-03-07T15:00:00+00:00,397.97106466211886,,,,,,
2026-03-07T16:00:00+00:00,1372.3798667112885,,,,,,
2026-03-07T17:00:00+00:00,1270.0234847605843,,,,,,
2026-03-07T18:00:00+00:00,1018.8969295065585,,,,,,
2026-03-07T19:00:00+00:00,1043.7533909487702,,,,,,
2026-03-07T20:00:00+00:00,3814.9390312364108,,,,,,
2026-03-07T21:00:00+00:00,825.2104484869934,,,,,,
2026-03-07T22:00:00+00:00,652.9947251040389,,,,,,
2026-03-07T23:00:00+00:00,1487.3231288117029,,,,,,
2026-03-08T00:00:00+00:00,508.96220285991217,,,,,,
2026-03-08T01:00:00+00:00,1041.166036815276,,,,,,
2026-03-08T02:00:00+00:00,663.8862369589968,,,,,,
2026-03-08T03:00:00+00:00,714.0248354604527,,,,,,
2026-03-08T04:00:00+00:00,1436.120860393686,,,,,,
2026-03-08T05:00:00+00:00,1382.678030761951,,,,,,
2026-03-08T06:00:00+00:00,965.4658884824056,,,,,,
2026-03-08T07:00:00+00:00,176.21534607455524,,,,,,
2026-03-08T08:00:00+00:00,2755.8471561136234,,,,,,
2026-03-08T09:00:00+00:00,2211.3771688540387,,,,,,
2026-03-08T10:00:00+00:00,255.49850568207395,,,,,,
2026-03-08T11:00:00+00:00,1503.108600324919,,,,,,
2026-03-08T12:00:00+00:00,6045.842051931303,,,,,,
2026-03-08T13:00:00+00:00,11655.063327855014,,,,,,
2026-03-08T14:00:00+00:00,3027.007542367112,,,,,,
2026-03-08T15:00:00+00:00,1264.4550924822554,,,,,,
2026-03-08T16:00:00+00:00,913.429946023411,,,,,,
2026-03-08T17:00:00+00:00,408.48510860639834,,,,,,
2026-03-08T18:00:00+00:00,403.30579059091195,,,,,,
2026-03-08T19:00:00+00:00,2617.3369748287737,,,,,,
2026-03-08T20:00:00+00:00,1294.2328786895982,,,,,,
2026-03-08T21:00:00+00:00,425.3773440146388,,,,,,
2026-03-08T22:00:00+00:00,1064.4926937386522,,,,,,
2026-03-08T23:00:00+00:00,1028.7413112597535,,,,,,
2026-03-09T00:00:00+00:00,954.6824971081413,,,,,,
2026-03-09T01:00:00+00:00,962.9373495436386,,,,,,
2026-03-09T02:00:00+00:00,841.3562050282613,,,,,,
2026-03-09T03:00:00+00:00,467.66897656284726,,,,,,
2026-03-09T04:00:00+00:00,1179.4907591010463,,,,,,
2026-03-09T05:00:00+00:00,1046.6228706745217,,,,,,
2026-03-09T06:00:00+00:00,2817.8917178223314,,,,,,
2026-03-09T07:00:00+00:00,1959.264996723188,,,,,,
2026-03-09T08:00:00+00:00,1731.725923399885,,,,,,
2026-03-09T09:00:00+00:00,106.22590769085362,,,,,,
2026-03-09T10:00:00+00:00,2510.977481640058,,,,,,
2026-03-09T11:00:00+00:00,1795.5811378884757,,,,,,
2026-03-09T12:00:00+00:00,3003.5467419596366,,,,,,
2026-03-09T13:00:00+00:00,621.7310824921998,,,,,,
2026-03-09T14:00:00+00:00,430.55570283929,,,,,,
2026-03-09T15:00:00+00:00,1805.766774343657,,,,,,
2026-03-09T16:00:00+00:00,1215.2563174145369,,,,,,
2026-03-09T17:00:00+00:00,1434.2867657301304,,,,,,
2026-03-09T18:00:00+00:00,1137.613001610941,,,,,,
2026-03-09T19:00:00+00:00,882.3650195049353,,,,,,
2026-03-09T20:00:00+00:00,3919.6718161869067,,,,,,
2026-03-09T21:00:00+00:00,1236.2705799830985,,,,,,
2026-03-09T22:00:00+00:00,830.1756295992647,,,,,,
2026-03-09T23:00:00+00:00,479.01245982834695,,,,,,
2026-03-10T00:00:00+00:00,1121.8795353026296,,,,,,
2026-03-10T01:00:00+00:00,931.570055701989,,,,,,
2026-03-10T02:00:00+00:00,222.37011763893256,,,,,,
2026-03-10T03:00:00+00:00,976.1268749778138,,,,,,
2026-03-10T04:00:00+00:00,943.5742068460828,,,,,,
2026-03-10T05:00:00+00:00,264.0673321635023,,,,,,
2026-03-10T06:00:00+00:00,3461.3839245566323,,,,,,
2026-03-10T07:00:00+00:00,438.5737946704283,,,,,,
2026-03-10T08:00:00+00:00,1347.8097848825464,,,,,,
2026-03-10T09:00:00+00:00,141.35742451519528,,,,,,
2026-03-10T10:00:00+00:00,83.19702066343417,,,,,,
2026-03-10T11:00:00+00:00,76.02455850559278,,,,,,
2026-03-10T12:00:00+00:00,191.58200291371222,,,,,,
2026-03-10T13:00:00+00:00,418.37536643672837,,,,,,
2026-03-10T14:00:00+00:00,383.05627675353225,,,,,,
2026-03-10T15:00:00+00:00,172.11877568349442,,,,,,
2026-03-10T16:00:00+00:00,860.9870255102959,,,,,,
2026-03-10T17:00:00+00:00,546.7759504988672,,,,,,
2026-03-10T18:00:00+00:00,1606.1923219475602,,,,,,
2026-03-10T19:00:00+00:00,2737.1210179657605,,,,,,
2026-03-10T20:00:00+00:00,1045.6424814754207,,,,,,
2026-03-10T21:00:00+00:00,1138.2623627792661,,,,,,
2026-03-10T22:00:00+00:00,228.34589553575336,,,,,,
2026-03-10T23:00:00+00:00,1068.8631284754813,,,,,,
2026-03-11T00:00:00+00:00,373.00368000662576,,,,,,
2026-03-11T01:00:00+00:00,2913.9191086746255,,,,,,
2026-03-11T02:00:00+00:00,277.07023895749194,,,,,,
2026-03-11T03:00:00+00:00,851.1114828385431,,,,,,
2026-03-11T04:00:00+00:00,954.024768154819,,,,,,
2026-03-11T05:00:00+00:00,950.5773270201175,,,,,,
2026-03-11T06:00:00+00:00,167.2745265183475,,,,,,
2026-03-11T07:00:00+00:00,54.07155610744582,,,,,,
2026-03-11T08:00:00+00:00,36.12033101448306,,,,,,
2026-03-11T09:00:00+00:00,68.27872747620333,235.74217465733332,314.69957658,358.4093936303333,452.30961507933335,37.025582564333334,53.326413903
2026-03-11T10:00:00+00:00,-7.718376581601107,336.97444137462804,378.8262091249744,509.1769172160775,539.2635648787173,53.63747557367955,70.96683769037288
2026-03-11T11:00:00+00:00,-21.48435469383305,386.13121373583334,302.9201111811111,499.80207091666665,532.3983393780555,74.74100247916667,90.68104489916668
2026-03-11T12:00:00+00:00,6.599125192905826,36.353284100833335,23.568951685277778,160.07336316194446,234.03296598305556,85.79616145388889,99.55580849666666
2026-03-11T13:00:00+00:00,33.810462091231386,8.836670337222222,14.400195230555559,97.98392098,115.0891690986111,86,98.012158015
2026-03-11T14:00:00+00:00,283.15948522999355,-70.88702849527778,-74.52619600722223,53.80968957111111,61.88871282777777,83.44056916333334,95.95569450583334
2026-03-11T15:00:00+00:00,381.2223822884291,-47.11311924722222,-41.23108229444444,14.873120340833333,18.521865953888888,79.73229668638889,92.52062209638889
2026-03-11T16:00:00+00:00,364.0804641142597,-303.0473629280555,-313.59364420444444,0,0,69.18194814694445,82.03129126583333
2026-03-11T17:00:00+00:00,340.31661670983203,-359.50435448694446,-426.05228364722217,0,0,44.861906500555556,56.80293234194445
2026-03-11T18:00:00+00:00,214.66202467687253,-264.4339490947222,-336.0530452,0,0,23.574459996666665,32.62009627472222
2026-03-11T19:00:00+00:00,907.0157147833246,-59.02062835555555,-155.63099022805554,0,0,11.0811292625,13.63612881361111
2026-03-11T20:00:00+00:00,2650.5290389368706,0,0,0,0,10,10
2026-03-11T21:00:00+00:00,579.5280083824383,0,0,0,0,10,10
2026-03-11T22:00:00+00:00,790.5624004237261,0,0,0,0,10,10
2026-03-11T23:00:00+00:00,763.9442674251468,0,0,0,0,10,10
2026-03-12T00:00:00+00:00,616.3938323509504,0,0,0,0,10,10
2026-03-12T01:00:00+00:00,742.9049154999589,0,0,0,0,10,10
2026-03-12T02:00:00+00:00,3971.923112875447,0,0,0,0,10,10
2026-03-12T03:00:00+00:00,761.23057269637,0,0,0,0,10,10
2026-03-12T04:00:00+00:00,1241.5311056670796,0,0,0,0,10,10
2026-03-12T05:00:00+00:00,1268.2459714926988,0,0,0,0,10,10
2026-03-12T06:00:00+00:00,185.19117128251807,8.22842855611111,13.139573255555556,88.38694386055556,93.29045918583334,10,10.202845745555555
2026-03-12T07:00:00+00:00,36.91186602215805,64.77238397583334,74.19997237388888,269.11344464027775,296.24444341388886,11.132143195833335,12.048523513333334
2026-03-12T08:00:00+00:00,1078.5839694245751,75.85840253388888,77.47465592777777,408.5924235005555,441.22052615361116,16.161990191111112,17.889655120555556
2026-03-12T09:00:00+00:00,1052.9328011758773,143.95573647083333,125.59738702888889,508.4977604730556,537.3797185427778,19.673878686944445,21.62875453861111
2026-03-12T10:00:00+00:00,184.7752410005603,319.56233485583334,310.7438211302778,527.8063090741667,530.7277558533333,33.08481541138889,35.46407165638889
2026-03-12T11:00:00+00:00,878.1990777632523,69.41934032166667,68.09410404416667,199.34412383694442,213.20411515166666,45.098756503333334,47.88215123361112
2026-03-12T12:00:00+00:00,198.4678634995211,29.88271909833333,111.31365060166667,154.6406184711111,268.80457626055556,46.5753661175,55.82075183138889
2026-03-12T13:00:00+00:00,149.60224107726552,0.22747842,-8.444162477777777,104.42862401638888,117.77920279333334,47,55.04634662944445
2026-03-12T14:00:00+00:00,187.77012919100775,-18.444255636944444,-49.70282074,47.51992872694444,39.73417809888889,46.57325193416667,53.646971138611114
2026-03-12T15:00:00+00:00,246.674732255865,34.023123372777775,-37.83354947888889,35.885978582499995,29.35638387277778,46.12149465583334,51.050486346111114
2026-03-12T16:00:00+00:00,554.0603909514169,-335.2685934786111,-345.6318677266666,3.2296069433333336,4.461295296388889,36.87394858888889,40.39237405777778
2026-03-12T17:00:00+00:00,668.8703530551525,-129.4782183475,-167.76383293611113,0,0,14.199304640000001,16.038269349166665
2026-03-12T18:00:00+00:00,4629.274708587923,0,0,0,0,10,10
2026-03-12T19:00:00+00:00,1425.9966224439675,0,0,0,0,10,10
2026-03-12T20:00:00+00:00,10664.811459539074,0,0,0,0,10,10
2026-03-12T21:00:00+00:00,12909.156985141604,0,0,0,0,10,10
2026-03-12T22:00:00+00:00,12287.002348315109,0,0,0,0,10,10
2026-03-12T23:00:00+00:00,7973.928624861436,0,0,0,0,10,10
2026-03-13T00:00:00+00:00,257.4827698512111,0,0,0,0,10,10
2026-03-13T01:00:00+00:00,1023.6756169217318,0,0,0,0,10,10
2026-03-13T02:00:00+00:00,1033.2528891172549,0,0,0,0,10,10
2026-03-13T03:00:00+00:00,1046.488058177027,0,0,0,0,10,10
2026-03-13T04:00:00+00:00,1043.8128883610439,0,0,0,0,10,10
2026-03-13T05:00:00+00:00,991.008541247757,0,0,0,0,10,10
2026-03-13T06:00:00+00:00,87.43890427138696,38.1296911425,45.11983568277778,104.65682660583333,108.83002927888889,10.535658350833334,10.652609544999999
2026-03-13T07:00:00+00:00,4000.6427292236444,73.19627242694445,82.4284375475,309.23943917027776,319.6470464513889,14.345974687499998,15.335697538055555
2026-03-13T08:00:00+00:00,999.2112908391941,93.62380527277777,89.65688828861111,458.0296814694445,464.57545983138886,16.99212640611111,18.075048468055556
2026-03-13T09:00:00+00:00,1115.0278267795295,220.483609595,224.18687522416667,528.9216879725001,543.30431014,29.31450703222222,30.7837810475
2026-03-13T10:00:00+00:00,506.4496155614392,263.7856029497222,266.92701016194445,586.7384908783333,599.4175127152778,38.48987015777778,39.985966824722226
2026-03-13T11:00:00+00:00,625.4427191173861,285.6147130230556,295.86238789777775,533.6930907669445,551.8884372780556,57.09145358999999,59.196846820833336
2026-03-13T12:00:00+00:00,3010.9640256994644,-64.78120651527777,87.88588279777777,174.98242389861107,362.7221755325,63.990822345,72.21526013194445
2026-03-13T13:00:00+00:00,534.5845544091284,-105.7624373638889,0,44.10614967194445,125.32172561722221,55.18412963472222,70
2026-03-13T14:00:00+00:00,232.54741607777217,-77.29813038805555,-33.18238093,51.560314255,92.98682948333334,48.621278976388886,69.70619263722223
2026-03-13T15:00:00+00:00,168.9814043752264,-11.991471947777777,-68.67692090166666,46.02842549166667,35.719348795277774,45.05301132444444,65.55535107749999
2026-03-13T16:00:00+00:00,60.40194437257835,-63.54471952222223,-64.09622446388889,4.752241050277777,5.224713781388889,43.82568235,62.41984792583333
2026-03-13T17:00:00+00:00,495.64812967694303,-314.8109151547222,-371.2005338625,0,0,27.208615338333335,45.820735973888894
2026-03-13T18:00:00+00:00,433.9167396311872,-134.74294673083332,-327.5907694688889,0,0,12.431067112777777,25.944326251944442
2026-03-13T19:00:00+00:00,3151.2087687836142,0,-126.83421683750002,0,0,10,11.5504887475
2026-03-13T20:00:00+00:00,709.820508207437,0,0,0,0,10,10
2026-03-13T21:00:00+00:00,889.7710158037108,0,0,0,0,10,10
2026-03-13T22:00:00+00:00,874.9874057496326,0,0,0,0,10,10
2026-03-13T23:00:00+00:00,1046.0073544808167,0,0,0,0,10,10
2026-03-14T00:00:00+00:00,828.4335676100296,0,0,0,0,10,10
2026-03-14T01:00:00+00:00,2002.8638103360042,0,0,0,0,10,10
2026-03-14T02:00:00+00:00,528.2613634598662,0,0,0,0,10,10
2026-03-14T03:00:00+00:00,513.4677783226086,0,0,0,0,10,10
2026-03-14T04:00:00+00:00,593.3489321268205,0,0,0,0,10,10
2026-03-14T05:00:00+00:00,654.660841202455,0,0,0,0,10,10
2026-03-14T06:00:00+00:00,465.5649051363419,0,0,0,0,10,10
2026-03-14T07:00:00+00:00,755.448269703977,12.048224480833333,11.381699305833335,43.766381870277776,51.14408995,10.649613661666667,10.77337627861111
2026-03-14T08:00:00+00:00,974.5031712349229,20.624970524444446,36.66942156666667,158.6987212011111,189.50459197638892,11.110794216111112,11.221845798888888
2026-03-14T09:00:00+00:00,200.5697298721025,49.76707456555556,76.47122227777778,210.05018790583335,255.9649192675,12.707147315833334,14.784334039166666
2026-03-14T10:00:00+00:00,2106.256858219104,-32.939554860277774,-12.687409528333331,128.4290685238889,143.07927900916664,14.9542500175,18.125504556944446
2026-03-14T11:00:00+00:00,2268.1271316342804,-6.450012561111111,-54.06760606694445,63.279124369444446,59.64711156444445,10.296477322500001,11.32472938138889
2026-03-14T12:00:00+00:00,574.700916639912,0,0,79.15947499555556,88.22700039333334,10,10
2026-03-14T13:00:00+00:00,644.6494307953186,0,0,71.43892963027777,72.79309390611111,10,10
2026-03-14T14:00:00+00:00,607.8354075475066,0,0,53.83687764111111,54.299822801666664,10,10
2026-03-14T15:00:00+00:00,645.8754401440063,0.6218157630555555,0,19.83424213361111,27.86471025972222,10,10
2026-03-14T16:00:00+00:00,1394.1450965382312,0,0,0,0,10,10
2026-03-14T17:00:00+00:00,2553.5737747438293,0,0,0,0,10,10
2026-03-14T18:00:00+00:00,961.4075667942251,0,0,0,0,10,10
2026-03-14T19:00:00+00:00,814.4865042695288,0,0,0,0,10,10
2026-03-14T20:00:00+00:00,971.193776083464,0,0,0,0,10,10
2026-03-14T21:00:00+00:00,1054.1842125740707,0,0,0,0,10,10
2026-03-14T22:00:00+00:00,3229.1030835249453,0,0,0,0,10,10
2026-03-14T23:00:00+00:00,890.083501806685,0,0,0,0,10,10
2026-03-15T00:00:00+00:00,982.5618775545903,0,0,0,0,10,10
2026-03-15T01:00:00+00:00,660.8853598345567,0,0,0,0,10,10
2026-03-15T02:00:00+00:00,642.1748417470711,0,0,0,0,10,10
2026-03-15T03:00:00+00:00,839.5675972921044,0,0,0,0,10,10
2026-03-15T04:00:00+00:00,631.5574351502122,0,0,0,0,10,10
2026-03-15T05:00:00+00:00,753.3196872205464,0,0,0,0,10,10
2026-03-15T06:00:00+00:00,664.7253907191831,17.143485817777776,16.864783168055556,17.414781144722223,21.609165905833333,10.381917161111112,10.398733979166666
2026-03-15T07:00:00+00:00,1592.7562437884073,2.6662336358333336,-20.284135000000003,32.23820934916667,31.637924174722226,11,11.28462011388889
2026-03-15T08:00:00+00:00,2326.441435845809,0,0,48.28647957944444,48.632174945555555,11,11
2026-03-15T09:00:00+00:00,4154.973246616425,0,0,53.99507417666666,59.086641552777785,11,11
2026-03-15T10:00:00+00:00,3485.3858567668826,5.499781801388889,0,35.43161941111111,43.40263255111111,11,11
2026-03-15T11:00:00+00:00,2674.422938329029,-5.632340375277775,0,26.075041212777776,38.88001807,11.140214007777779,11
2026-03-15T12:00:00+00:00,87.71719808189111,1.567520254722222,15.876815552222224,90.71982789527777,106.00317106749999,12,11
2026-03-15T13:00:00+00:00,97.38774609615307,0,0,68.28027920833334,74.61556034444445,12,11
2026-03-15T14:00:00+00:00,126.01652267605749,0,0,47.74365196944444,49.662691379444446,12,11
2026-03-15T15:00:00+00:00,89.34574843559307,-34.10465741972222,-34.66854418083333,32.66729581194445,34.717719304166664,11.735604955833333,11
2026-03-15T16:00:00+00:00,12218.431459938625,-19.59512355,-2.2009638894444445,0,0,10.188081585833332,10.020765523333333
2026-03-15T17:00:00+00:00,12362.661677466278,0,0,0,0,10,10
2026-03-15T18:00:00+00:00,12188.088644528769,0,0,0,0,10,10
2026-03-15T19:00:00+00:00,16296.796739661555,0,0,0,0,10,10
2026-03-15T20:00:00+00:00,12347.220545647278,0,0,0,0,10,10
2026-03-15T21:00:00+00:00,12626.254645770365,0,0,0,0,10,10
2026-03-15T22:00:00+00:00,6776.365055017976,0,0,0,0,10,10
2026-03-15T23:00:00+00:00,712.2009076818041,0,0,0,0,10,10
2026-03-16T00:00:00+00:00,659.4803680322613,0,0,0,0,10,10
2026-03-16T01:00:00+00:00,1010.4437638382586,0,0,0,0,10,10
2026-03-16T02:00:00+00:00,1026.3571484708914,0,0,0,0,10,10
2026-03-16T03:00:00+00:00,2183.437961897639,0,0,0,0,10,10
2026-03-16T04:00:00+00:00,1023.7984100931948,0,0,0,0,10,10
2026-03-16T05:00:00+00:00,1009.5305105428587,0.6000705305555555,0,0.600073213611111,0,10,10
2026-03-16T06:00:00+00:00,64.9548217068989,38.61632008833333,50.35426600694444,113.82130970305555,122.96694196611111,11.050447441666668,11.426261385833334
2026-03-16T07:00:00+00:00,2000.5452549619577,-13.246022332500003,-43.393080714166665,79.12834059194445,74.37278875722222,11.438123477222222,11.977638695277777
2026-03-16T08:00:00+00:00,1990.6330708291578,0,0,51.390273326666666,50.56725303861111,11,11
2026-03-16T09:00:00+00:00,1362.3714943344833,0,0,74.89738349555556,78.97242973722221,11,11
2026-03-16T10:00:00+00:00,3365.5671723785035,0,0,81.30798668888889,89.87814807194445,11,11
2026-03-16T11:00:00+00:00,1536.8095815889737,0,0,100.89693700472223,114.87630675499999,11,11
2026-03-16T12:00:00+00:00,385.5595136161601,14.102664556944442,53.53759141611112,181.71201089638888,269.0753196505555,12.764378506666667,14.582055516111112
2026-03-16T13:00:00+00:00,1530.311791059871,-18.96529279888889,-71.19085417694444,19.388774756944443,11.602178581944443,11.007357802222222,12.155094234722222
2026-03-16T14:00:00+00:00,751.277837606946,1.0705351741666667,0.5339479080555555,70.34547683888889,77.24724835444444,11,10.489633847222223
2026-03-16T15:00:00+00:00,922.0347736351787,1.5639669269444445,0,45.38144883416666,46.60259235833333,11,10
2026-03-16T16:00:00+00:00,1134.001237510127,-5.036289079166666,0.4733808061111111,3.6438893813888886,5.11230195861111,10.332558736944444,10.016659862500001
2026-03-16T17:00:00+00:00,2357.469418622932,0,0,0,0,10,10
2026-03-16T18:00:00+00:00,1671.2287767071693,0,0,0,0,10,10
2026-03-16T19:00:00+00:00,3843.4332940517593,0,0,0,0,10,10
2026-03-16T20:00:00+00:00,934.66896937103,0,0,0,0,10,10
2026-03-16T21:00:00+00:00,1029.7358941244624,0,0,0,0,10,10
2026-03-16T22:00:00+00:00,1344.0305911761589,0,0,0,0,10,10
2026-03-16T23:00:00+00:00,1053.622557742912,0,0,0,0,10,10
2026-03-17T00:00:00+00:00,1041.3067927024206,0,0,0,0,10,10
2026-03-17T01:00:00+00:00,879.4955020309167,0,0,0,0,10,10
2026-03-17T02:00:00+00:00,642.6671225313356,0,0,0,0,10,10
2026-03-17T03:00:00+00:00,927.7100129031583,0,0,0,0,10,10
2026-03-17T04:00:00+00:00,1152.8263589670341,0,0,0,0,10,10
2026-03-17T05:00:00+00:00,1745.228346233873,0,0,0,0,10,10
2026-03-17T06:00:00+00:00,2594.5350613068736,23.52633297277778,23.768924329444445,143.84661344111112,154.88802331944444,10.630694230277777,10.680698462777778
2026-03-17T07:00:00+00:00,94.13029836102915,59.34738042194444,61.57551896305555,226.00364715277775,238.28757416555558,12.9850335625,13.417856952500001
2026-03-17T08:00:00+00:00,1353.8845188715281,60.59286191333334,61.31956479000001,465.0861303633333,483.5044256038889,17.23331403,18.1818580625
2026-03-17T09:00:00+00:00,3446.864291448301,15.955697565833333,-38.09378346416667,407.29933190027776,324.8929060013889,19.366015389722225,17.27378058277778
2026-03-17T10:00:00+00:00,755.5908918681893,141.66586712138889,159.65954874055555,459.42828289666664,514.2448511647223,21.10480001611111,19.40480069166667
2026-03-17T11:00:00+00:00,855.2934284981073,134.14894169666667,180.89736443611113,434.29891609,490.39345575833335,29.88916801138889,31.37938655611111
2026-03-17T12:00:00+00:00,163.44885301567916,70.91191364527778,204.1931533338889,228.19081067638888,408.3506037588889,36.397086978055555,42.74711623444444
2026-03-17T13:00:00+00:00,806.9949727202928,-75.96619803222222,-145.85684129055554,49.11879751666667,48.239647205000004,34.56645354305555,43.53560658166666
2026-03-17T14:00:00+00:00,712.667340479575,-38.39949412722222,-125.99715308305555,28.106905206944443,30.070203900555555,29.473706464722223,33.778216666388886
2026-03-17T15:00:00+00:00,808.2630218456908,24.332507840833333,-43.42363343722223,27.958270689166667,18.37832264388889,29.38213579472222,27.544980696666666
2026-03-17T16:00:00+00:00,498.16375260510057,-188.89565877944446,-172.89478873138887,2.2515286413888886,1.3279100661111112,24.658802618055557,22.435035802777776
2026-03-17T17:00:00+00:00,1544.3314415844916,-56.52421996555555,-48.89320074138888,0,0,11.458421184444445,11.330934542500001
2026-03-17T18:00:00+00:00,2961.2770491037622,0,0,0,0,10,10
2026-03-17T19:00:00+00:00,918.577340698382,0,0,0,0,10,10
2026-03-17T20:00:00+00:00,716.1544531103245,0,0,0,0,10,10
2026-03-17T21:00:00+00:00,1691.320896371868,0,0,0,0,10,10
2026-03-17T22:00:00+00:00,1239.933401212638,0,0,0,0,10,10
2026-03-17T23:00:00+00:00,2754.3394320628945,0,0,0,0,10,10
2026-03-18T00:00:00+00:00,1451.057527671607,0,0,0,0,10,10
2026-03-18T01:00:00+00:00,1082.0167632232085,0,0,0,0,10,10
2026-03-18T02:00:00+00:00,984.5667417061486,0,0,0,0,10,10
2026-03-18T03:00:00+00:00,660.356308726428,0,0,0,0,10,10
2026-03-18T04:00:00+00:00,1020.3665490006547,0,0,0,0,10,10
2026-03-18T05:00:00+00:00,827.6062297428248,0.06031024305555557,1.4275048916666668,0.06031242361111111,2.118903363611111,10,10
2026-03-18T06:00:00+00:00,869.6598454561002,40.536263635000005,39.91669143972222,115.02227675916667,119.20542489333333,10.989868479166667,11.013000281666669
2026-03-18T07:00:00+00:00,604.4720506156199,96.54006305166666,101.34423836027777,288.68507051805557,323.4650469738889,14.457410198611113,14.85853342861111
2026-03-18T08:00:00+00:00,895.215477615052,127.36887321555555,134.76430378444445,435.5109103497222,455.2148192072222,23.18703490388889,24.004804051666667
2026-03-18T09:00:00+00:00,991.1620622618913,81.16237196361111,66.95326336472222,505.7666689897222,522.4492249530555,25.605216280555556,26.457210621944444
2026-03-18T10:00:00+00:00,663.1635279438229,349.39746071194446,344.1817458275,572.0619650166667,590.9403093436111,38.54500350861111,38.27518328194444
2026-03-18T11:00:00+00:00,555.4088043539283,330.35016946499996,361.4435463711111,525.4394714058334,576.4839200286111,59.378343396944445,59.78752531333333
2026-03-18T12:00:00+00:00,2321.7110870419638,122.59565494388887,237.73061358305554,220.09972535638892,465.6004121922222,73.91304938666666,77.88836644333334
2026-03-18T13:00:00+00:00,197.84545472186747,0,0,70.619896096,130.54786537266665,75,82
2026-03-18T14:00:00+00:00,499.4149939024048,,,,,,
2026-03-18T15:00:00+00:00,629.9189691221794,,,,,,
2026-03-18T16:00:00+00:00,1117.2840779506566,,,,,,
2026-03-18T17:00:00+00:00,1790.2858615063935,,,,,,
2026-03-18T18:00:00+00:00,1622.0662097154755,,,,,,
2026-03-18T19:00:00+00:00,782.9384286525428,-304.1990237738903,-300.1096757850549,0,0,34.916131880336906,33.99546405151515
2026-03-18T20:00:00+00:00,2781.9089183469637,-182.60573832055556,-184.91921789111112,0,0,13.244755884444444,13.588854474722224
2026-03-18T21:00:00+00:00,1504.7627935812045,0,0,0,0,10,10
2026-03-18T22:00:00+00:00,1077.6218146601789,0,0,0,0,10,10
2026-03-18T23:00:00+00:00,1036.21718452129,0,0,0,0,10,10
2026-03-19T00:00:00+00:00,1084.876417321021,0,0,0,0,10,10
2026-03-19T01:00:00+00:00,859.6559856902471,0,0,0,0,10,10
2026-03-19T02:00:00+00:00,4267.9556666078315,0,0,0,0,10,10
2026-03-19T03:00:00+00:00,1047.818601537793,0,0,0,0,10,10
2026-03-19T04:00:00+00:00,1032.3542652300443,0,0,0,0,10,10
2026-03-19T05:00:00+00:00,1024.5785804110624,0,0,0,0,10,10
2026-03-19T06:00:00+00:00,148.2607913509975,70.63357647083333,53.53718347833333,112.91532354361112,119.40942870361111,12.211367852777776,11.603403560277778
2026-03-19T07:00:00+00:00,674.1317382653755,91.070122665,108.18647297916668,290.1811336913889,308.4727285977778,15.736418907500001,15.246504075555556
2026-03-19T08:00:00+00:00,535.4242872985225,191.4377125652778,205.27047936833333,401.74073988805554,443.8867866058333,24.440681747222225,24.89245100138889
2026-03-19T09:00:00+00:00,107.10514143224697,285.0164922086111,289.54527641638884,517.3195464097222,542.0471439455556,36.65077642833334,38.27695674611111
2026-03-19T10:00:00+00:00,308.29867861883855,342.55149636305555,357.4299767627778,570.5599816655555,590.7295536288889,56.340988429166664,58.70992633111111
2026-03-19T11:00:00+00:00,220.69857757384247,313.5208572866666,343.32113024166665,539.5885198008333,578.3297681144444,72.75827469222223,76.30818170305555
2026-03-19T12:00:00+00:00,102.74656118993833,77.22067735277778,202.28805928694445,222.46150938611115,467.38173814916667,84.55039179472222,95.14992147944444
2026-03-19T13:00:00+00:00,302.30343333397417,-27.239548030555554,-54.73653507388889,49.605314588055556,72.94192378166666,84.60569281250001,99.0881116863889
2026-03-19T14:00:00+00:00,468.64954597751694,-6.727541438055558,-112.511449475,30.299930763333332,31.885742662500004,82.05402949527779,93.03371950166667
2026-03-19T15:00:00+00:00,844.5968864599207,26.92430679277778,-67.36007536833333,29.977760079166668,19.889431140555555,83.01751203222223,86.6663116025
2026-03-19T16:00:00+00:00,1575.6291424733206,-339.1148023133333,-339.78279762249997,3.6252203330555552,3.4703167438888887,77.75130704472222,80.41846796888889
2026-03-19T17:00:00+00:00,2758.303443990398,-323.9741453175,-312.38711710527775,0,0,45.35868030388889,49.86695575194445
2026-03-19T18:00:00+00:00,1196.1297982676545,-216.8952170411111,-247.228605865,0,0,29.46285359388889,33.42296841861111
2026-03-19T19:00:00+00:00,2315.767145632101,-143.46568452694444,-168.9381201211111,0,0,17.659113538611113,20.554486682222223
2026-03-19T20:00:00+00:00,991.8531679524539,0,0,0,0,10,10
2026-03-19T21:00:00+00:00,1045.6063862534818,0,0,0,0,10,10
2026-03-19T22:00:00+00:00,823.0974081250944,0,0,0,0,10,10
2026-03-19T23:00:00+00:00,807.8334640757913,0,0,0,0,10,10
2026-03-20T00:00:00+00:00,882.2856391970025,0,0,0,0,10,10
2026-03-20T01:00:00+00:00,640.3502330530239,0,0,0,0,10,10
2026-03-20T02:00:00+00:00,722.9913863088814,0,0,0,0,10,10
2026-03-20T03:00:00+00:00,731.1167244549833,0,0,0,0,10,10
2026-03-20T04:00:00+00:00,616.2943392698857,0,0,0,0,10,10
2026-03-20T05:00:00+00:00,801.9252395116151,0,0,0,0,10,10
2026-03-20T06:00:00+00:00,2418.98941858424,14.581399365277777,13.102549132222222,26.91788349722222,28.46288993888889,10.414098164722223,10.447557223611112
2026-03-20T07:00:00+00:00,2208.0172278381015,-14.967414022222217,-11.616360313888885,151.2052301213889,165.28713908611113,11.549727934722222,11.60027294222222
2026-03-20T08:00:00+00:00,3411.445327166597,0,0,380.3712164586111,390.28275017000004,11,11
2026-03-20T09:00:00+00:00,1426.5540176248835,131.00362397472222,134.77198351166666,557.1361328558334,567.5099308972223,12.023106495833332,12.174986223888888
2026-03-20T10:00:00+00:00,904.759271589981,353.49544035555556,353.21090232111106,577.0507655241666,618.0543446183333,25.828875293333336,26.655785949722226
2026-03-20T11:00:00+00:00,150.99731809675805,358.1250865227778,359.97494041,475.8848656619444,494.1182326636111,48.093357095277774,49.26995668166666
2026-03-20T12:00:00+00:00,364.6263436859875,12.641635295277782,88.77783420833333,151.13600158111112,228.23335274527778,58.766639568888884,62.302848480555554
2026-03-20T13:00:00+00:00,2235.7452472016744,-63.14020971833333,-53.21049064111111,73.89342212916667,93.36053747805556,55.09499664805556,61.86797175111111
2026-03-20T14:00:00+00:00,260.41235405243333,-54.12527505222223,-50.10057719194444,57.65548017555556,75.79203026472221,50.36282257361111,58.77953870666667
2026-03-20T15:00:00+00:00,314.8119097947575,-34.45670806416667,-39.71970183444444,23.389182509444442,32.48105276416667,47.191606972500004,55.583300825
2026-03-20T16:00:00+00:00,197.64178988821527,-39.70514220222223,-78.36184444638889,1.081796818611111,5.303595384722222,44.50519863333333,52.21564406666667
2026-03-20T17:00:00+00:00,933.3567350143499,-156.00165216944444,-244.84986460888888,0,0,41.085817120555554,43.60557069861111
2026-03-20T18:00:00+00:00,966.4196487186182,-148.16577744361112,-175.82737719944444,0,0,28.619788942222225,29.1044637
2026-03-20T19:00:00+00:00,94.24809085680694,-145.73401170833333,-149.51473269444446,0,0,17.200207913611113,17.426138195277776
2026-03-20T20:00:00+00:00,3089.7785728183676,-31.49075890083333,-35.14666504972222,0,0,10.464506460277777,10.621103076666666
2026-03-20T21:00:00+00:00,1115.5981324420466,0,0,0,0,10,10
2026-03-20T22:00:00+00:00,427.23231422890143,0,0,0,0,10,10
2026-03-20T23:00:00+00:00,362.8454194381695,0,0,0,0,10,10
2026-03-21T00:00:00+00:00,315.2771797310417,0,0,0,0,10,10
2026-03-21T01:00:00+00:00,645.2167541789534,0,0,0,0,10,10
2026-03-21T02:00:00+00:00,508.59763282751027,,,,,,
2026-03-21T03:00:00+00:00,213.52649390136503,,,,,,
2026-03-21T04:00:00+00:00,2099.8736839604167,,,,,,
2026-03-21T05:00:00+00:00,190.2179659385214,,,,,,
2026-03-21T06:00:00+00:00,1485.3347568566185,0.600268745,4.934448426666666,1.8063653333333334,7.062024356666667,10,10
2026-03-21T07:00:00+00:00,1501.6757075947964,4.4511011499999995,3.6472381213888894,36.37034362194444,39.53537149138889,10.538907714444445,10.640005449444445
2026-03-21T08:00:00+00:00,2247.32738285244,0,0,61.76946418027777,64.74036366527778,11,11
2026-03-21T09:00:00+00:00,2704.7418013266956,0,0,88.25804839722223,97.6215410675,11,11
2026-03-21T10:00:00+00:00,3106.3750068781624,0,0,168.74192906444443,181.98164610416666,11,11
2026-03-21T11:00:00+00:00,2647.0234718060906,0,0,156.70674671916666,178.76606957888887,11,11
2026-03-21T12:00:00+00:00,2755.3511664479865,46.95542486,185.32884161333334,195.21138571527777,383.53233545250004,12.118307344444444,15.411707969166665
2026-03-21T13:00:00+00:00,5113.524228719222,-8.428468997222218,-22.306186399722222,79.76934929277778,101.19473187027778,12.719987759166665,20.8397055125
2026-03-21T14:00:00+00:00,11863.4574510654,0.27774675916666663,-92.57432231194444,48.32539564777778,35.10317040611111,11,16.61652920111111
2026-03-21T15:00:00+00:00,11677.788149689433,0,-48.360582424722224,40.631517539444445,28.946193411666666,11,11.950253516388889
2026-03-21T16:00:00+00:00,11759.102350847907,-6.661897619166666,-18.664413366111113,7.818996667222223,7.243683145277778,10.341651203333333,10.477111206666667
2026-03-21T17:00:00+00:00,13857.86371279513,0,0,0,0,10,10
2026-03-21T18:00:00+00:00,12506.748431347733,0,0,0,0,10,10
2026-03-21T19:00:00+00:00,12376.079863291132,0,0,0,0,10,10
2026-03-21T20:00:00+00:00,10898.085918188448,0,0,0,0,10,10
2026-03-21T21:00:00+00:00,896.587147157261,0,0,0,0,10,10
2026-03-21T22:00:00+00:00,1136.1806438904368,0,0,0,0,10,10
2026-03-21T23:00:00+00:00,906.8026902539594,0,0,0,0,10,10
2026-03-22T00:00:00+00:00,904.5369450468269,0,0,0,0,10,10
2026-03-22T01:00:00+00:00,781.9164946626289,0,0,0,0,10,10
2026-03-22T02:00:00+00:00,616.499836874159,0,0,0,0,10,10
2026-03-22T03:00:00+00:00,711.9728844894756,0,0,0,0,10,10
2026-03-22T04:00:00+00:00,840.4063131749296,0,0,0,0,10,10
2026-03-22T05:00:00+00:00,1801.782511687108,5.597546689166666,5.264446791944445,15.661465066944444,17.4619845675,10.278332155,10.24388947361111
2026-03-22T06:00:00+00:00,5527.6712988040645,11.893107175277777,14.940693431666668,153.9904517838889,167.5893532136111,11,11
2026-03-22T07:00:00+00:00,1624.9086869688101,0,0,325.1397266038889,342.98963991,11,11
2026-03-22T08:00:00+00:00,1379.4841494676484,7.5919896994444445,2.3977610250000003,468.93895913583333,482.2358499366667,11.00887831888889,11.008878886666666
2026-03-22T09:00:00+00:00,34.26433412754639,280.03557010916666,264.7883244058333,529.3568821852778,547.5624977619444,19.621618173333335,19.20370144916667
2026-03-22T10:00:00+00:00,568.182169501633,216.18486523916667,203.71814784916668,413.62386851944444,399.1141573536111,30.834399915555554,29.814330096944445
2026-03-22T11:00:00+00:00,183.9160380349347,435.7067721386111,432.5212741727778,479.6175921863889,440.6131054736111,52.34360138555556,50.01474529972222
2026-03-22T12:00:00+00:00,532.2454166517853,88.88921120833334,337.09092242611115,189.06778504500002,447.96695650444445,69.91221961166667,73.58480307055555
2026-03-22T13:00:00+00:00,530.998033756072,-17.780289027222224,0,44.20827035916667,93.20190131305556,65.98422582555555,81
2026-03-22T14:00:00+00:00,546.6616125342119,31.355280302777782,-5.301932264722222,33.0497725975,41.60121097361111,67.76079367444444,81
2026-03-22T15:00:00+00:00,3141.439216621575,25.94899373277778,-16.905550386944444,29.06101448805556,25.086067942777778,69.41927138222222,79.33305449083333
2026-03-22T16:00:00+00:00,1062.8440586026961,-145.06366027861114,-118.23782759305556,1.1310770866666666,3.869902761666667,64.09279484083334,77.1784030638889
2026-03-22T17:00:00+00:00,2055.567070138109,-206.98621216944446,-244.83197498138892,0,0,54.401273584444446,65.87520578
2026-03-22T18:00:00+00:00,519.6474323091119,-137.72924857555554,-173.23849366555555,0,0,41.14176643444444,50.846296485277776
2026-03-22T19:00:00+00:00,2444.9354633845974,-217.3582784625,-273.4274234375,0,0,29.298652383055554,38.08678559944445
2026-03-22T20:00:00+00:00,1064.4542838380867,-122.96400428277776,-191.07488764444443,0,0,16.853734791111112,23.103187520277775
2026-03-22T21:00:00+00:00,3600.6240544807556,0,0,0,0,10,10
2026-03-22T22:00:00+00:00,2634.85334346624,0,0,0,0,10,10
2026-03-22T23:00:00+00:00,1762.089259969166,0,0,0,0,10,10
2026-03-23T00:00:00+00:00,1241.3897978762782,0,0,0,0,10,10
2026-03-23T01:00:00+00:00,1159.8422291208415,0,0,0,0,10,10
2026-03-23T02:00:00+00:00,1124.181404453681,0,0,0,0,10,10
2026-03-23T03:00:00+00:00,1109.3408967124008,0,0,0,0,10,10
2026-03-23T04:00:00+00:00,1121.2672388878534,0,0,0,0,10,10
2026-03-23T05:00:00+00:00,898.248518030297,8.730527125555556,4.301299594166667,18.126107585555555,15.429469869166667,10.247745522499999,10.231099281666667
2026-03-23T06:00:00+00:00,1931.4145203410392,13.095599200555554,19.057057098611114,148.58315057916667,163.9827421963889,11.000819023888889,11.0174823
2026-03-23T07:00:00+00:00,4054.5202037958993,110.06050894944444,122.74083483333334,297.0670495688889,332.6312159361111,14.034342911388888,14.806070415833332
2026-03-23T08:00:00+00:00,282.349359027812,202.4411590738889,245.04711430777778,298.56025655166667,467.58910840944446,23.54397312777778,25.518018937222223
2026-03-23T09:00:00+00:00,-44.79067344346612,383.7992253427778,390.68678909305555,540.3926172627778,559.0049930255556,39.42478103055556,42.2594102425
2026-03-23T10:00:00+00:00,312.2647756530467,481.8699337219445,491.1240507427778,583.0113572416666,598.9927192538889,64.43662966111111,68.20055221472222
2026-03-23T11:00:00+00:00,126.34463953004196,296.1130636447222,207.88131995722222,502.0357218663889,600.0128590038888,90.0321997575,93.67580676416667
2026-03-23T12:00:00+00:00,320.57758282794356,22.96068687111111,0,236.35050363694447,499.2299698458333,99.82690833444444,100
2026-03-23T13:00:00+00:00,401.0719061805873,-1.0727513402777777,-21.799209329999996,59.65824300777778,91.04753519972222,100,99.84195437916667
2026-03-23T14:00:00+00:00,2935.816247647264,-239.22024808,-235.20627755583334,4.041095142500001,9.41699712861111,92.2907094825,92.6615279225
2026-03-23T15:00:00+00:00,300.1165472314853,-151.8976626688889,-154.93189808333332,0,0,77.84521191305556,79.12796837666666
2026-03-23T16:00:00+00:00,456.5085739311819,-141.67368610194444,-136.32124927805555,0,0,68.0082390675,70.08346939666667
2026-03-23T17:00:00+00:00,521.2768281640459,-145.59726993666666,-152.046526135,0,0,58.17754000555556,60.97428988555555
2026-03-23T18:00:00+00:00,512.9205308092214,-165.95516730638892,-174.45504947027777,0,0,47.49617897305556,50.461835464166676
2026-03-23T19:00:00+00:00,2834.2124977504996,-266.06173892305554,-277.2913261372222,0,0,34.06009348361111,37.525760589722225
2026-03-23T20:00:00+00:00,683.5065773413148,-115.94978503388889,-146.11232849277778,0,0,18.785676798055555,22.08273065
2026-03-23T21:00:00+00:00,921.6530441122753,-27.257027578055553,-49.311389182777766,0,0,11.527840344444444,12.121215777777778
2026-03-23T22:00:00+00:00,891.951433907605,0,0,0,0,10,10
2026-03-23T23:00:00+00:00,735.2084139840966,0,0,0,0,10,10
2026-03-24T00:00:00+00:00,582.3174325842302,0,0,0,0,10,10
2026-03-24T01:00:00+00:00,757.9694682540029,0,0,0,0,10,10
2026-03-24T02:00:00+00:00,1037.5990669482183,0,0,0,0,10,10
2026-03-24T03:00:00+00:00,1510.4264226214127,0,0,0,0,10,10
2026-03-24T04:00:00+00:00,624.2902520850078,0,0,0,0,10,10
2026-03-24T05:00:00+00:00,737.4729627694211,0,0,0,0,10,10
2026-03-24T06:00:00+00:00,221.39337595161751,23.961541173055554,13.878057515277776,34.78309598805556,35.57552190972222,10.804391695277777,10.59192661888889
2026-03-24T07:00:00+00:00,887.7305706149999,-26.308174578333336,0,60.02108499833334,78.69200568138889,11.074179737777778,11
2026-03-24T08:00:00+00:00,481.89415024918304,6.719501978055557,12.457497660000001,120.72394335805556,139.57008461944443,11,11.055532829166665
2026-03-24T09:00:00+00:00,1831.153318536839,182.7089410147222,193.9446067197222,338.8548249147222,370.01273321555556,15.465255960833332,16.581933964444445
2026-03-24T10:00:00+00:00,1091.1677254368753,62.13216474000001,73.27821197027778,297.64235590444446,330.78129638694446,22.85458027583333,24.18288575138889
2026-03-24T11:00:00+00:00,1114.2352970232832,120.03818732916666,136.23793188222223,250.2195582722222,283.8272659019445,29.499045071944447,32.643322265
2026-03-24T12:00:00+00:00,113.48600521304805,10.838355955833334,24.037313525833337,158.92335544166667,197.8372683627778,31.723527893055557,35.16158678111111
2026-03-24T13:00:00+00:00,1061.431193831326,1.3405422475000002,4.833981688611111,131.04173660444445,157.3229829125,32,36
2026-03-24T14:00:00+00:00,1327.6706031197753,-102.1228969575,-4.750066463333333,69.99476624666667,112.48157014972223,27.708618391111113,35.80785463916667
2026-03-24T15:00:00+00:00,810.2292017504095,-179.5859741725,-240.19364182472222,25.143124356944444,30.1980459225,18.054562291944446,26.317557397777776
2026-03-24T16:00:00+00:00,444.0738815500128,-3.295872928055555,-75.51576349916668,9.198303419444445,9.053066826111111,10.844121898611112,17.74155748388889
2026-03-24T17:00:00+00:00,1020.1518392940712,0,-63.198202575277776,0,0,10,10.82451712361111
2026-03-24T18:00:00+00:00,961.633482140393,0,0,0,0,10,10
2026-03-24T19:00:00+00:00,4323.849758851508,0,0,0,0,10,10
2026-03-24T20:00:00+00:00,813.7719729940927,0,0,0,0,10,10
2026-03-24T21:00:00+00:00,670.6003701869387,0,0,0,0,10,10
2026-03-24T22:00:00+00:00,620.1367653602454,0,0,0,0,10,10
2026-03-24T23:00:00+00:00,804.4436254474422,0,0,0,0,10,10
2026-03-25T00:00:00+00:00,583.818125372159,0,0,0,0,10,10
2026-03-25T01:00:00+00:00,1342.5187570622306,0,0,0,0,10,10
2026-03-25T02:00:00+00:00,1415.9311404085347,0,0,0,0,10,10
2026-03-25T03:00:00+00:00,994.1589426972054,0,0,0,0,10,10
2026-03-25T04:00:00+00:00,279.7018097608158,0,0,0,0,10,10
2026-03-25T05:00:00+00:00,892.4857986469304,0,0,0,0,10,10
2026-03-25T06:00:00+00:00,824.1669096013392,4.709866442222222,9.579981846666666,5.864046393611111,10.151175205277779,10.304983035277777,10.152125770555555
2026-03-25T07:00:00+00:00,1991.1820916954705,9.64211542888889,19.78282157,19.772162248888886,24.03769834638889,11,11.340455388611112
2026-03-25T08:00:00+00:00,1908.7300910402967,-8.051876618888889,-23.722054195,16.13633695777778,16.914151184722222,10.744337322222222,10.98370607638889
2026-03-25T09:00:00+00:00,3979.5013893610394,8.295696698055556,0,35.617003205833335,42.94929798194445,11,11
2026-03-25T10:00:00+00:00,2180.8839232069754,0,0,117.31987646444445,137.64155326444444,11,11
2026-03-25T11:00:00+00:00,826.578632276089,9.473553187777778,6.202380915555556,169.2496697788889,212.80051313527778,11.062409062222223,11
2026-03-25T12:00:00+00:00,1376.7964488277105,1.1734718313888888,0.7787425977777759,89.09923835166667,96.21974133277776,11.313123058333334,10.914425352499999
2026-03-25T13:00:00+00:00,1170.5547837626698,0,0,77.29456275944445,90.41000122138888,11,11
2026-03-25T14:00:00+00:00,1313.270725240296,0,0,76.74215656333332,91.13687189305556,11,11
2026-03-25T15:00:00+00:00,2232.441548149812,3.0616553791666665,2.205165859722222,52.26263392166666,61.48493401833334,10.966133478333333,11
2026-03-25T16:00:00+00:00,1303.6960462185266,2.5637068397222227,-3.937980774166668,5.225288274444444,9.108553174722223,10.53982922111111,10.607300209444444
2026-03-25T17:00:00+00:00,2153.6101743130844,0,0,0,0,10,10
2026-03-25T18:00:00+00:00,1471.7569098868216,0,0,0,0,10,10
2026-03-25T19:00:00+00:00,3081.5800422796096,0,0,0,0,10,10
2026-03-25T20:00:00+00:00,1999.1828979219044,0,0,0,0,10,10
2026-03-25T21:00:00+00:00,1365.030821050367,0,0,0,0,10,10
2026-03-25T22:00:00+00:00,1244.7970349102918,0,0,0,0,10,10
2026-03-25T23:00:00+00:00,1409.1555026716067,0,0,0,0,10,10
2026-03-26T00:00:00+00:00,1235.5847075419613,0,0,0,0,10,10
2026-03-26T01:00:00+00:00,1564.0774339314519,0,0,0,0,10,10
2026-03-26T02:00:00+00:00,2261.942616644743,0,0,0,0,10,10
2026-03-26T03:00:00+00:00,1076.2749376666986,0,0,0,0,10,10
2026-03-26T04:00:00+00:00,1677.5466117074811,0,0,0,0,10,10
2026-03-26T05:00:00+00:00,1190.679989370619,5.2767170227777775,2.141061873888889,5.886957447222223,3.764970244166667,10.069064638333334,10.069065418333333
2026-03-26T06:00:00+00:00,1361.511187479828,4.044970788888889,2.474593218055556,56.7524206725,63.26031271944444,11,11
2026-03-26T07:00:00+00:00,1460.4807278032986,2.7555103697222223,3.031142506388889,193.86734045583333,211.88416634388886,11,11
2026-03-26T08:00:00+00:00,1846.7332729160387,2.4383742152777774,3.878846026666667,247.13933908638887,272.18966250194444,11,11
2026-03-26T09:00:00+00:00,1320.273077559628,6.721311605833333,-19.622392401944442,174.4530955475,187.11291319,11,11.102024238055556
2026-03-26T10:00:00+00:00,1528.9217939213106,0,-2.1935025258333334,103.49636925888889,119.45882300666666,11,11
2026-03-26T11:00:00+00:00,3466.2348448803946,4.168959616111111,15.009908398333332,251.29789596888887,317.30087355083333,11.152957726111111,11
2026-03-26T12:00:00+00:00,3607.2327855355566,-30.37752068361111,0.17739690222222218,193.69690879666666,313.2172281136111,11.507055975,11
2026-03-26T13:00:00+00:00,2854.3510949748947,0,0,78.64332905472223,87.68682049194445,11,11
2026-03-26T14:00:00+00:00,2625.6710966328114,0,0,80.62621166222222,90.86871348250001,11,11
2026-03-26T15:00:00+00:00,2584.384425119593,0,0,61.622827487777776,69.71137250277778,11,11
2026-03-26T16:00:00+00:00,1766.802898150224,0,-11.76771964611111,15.122484320833331,13.518635955277778,10.328158095000001,10.379979177777779
2026-03-26T17:00:00+00:00,912.7958516023333,0,0,0,0,10,10
2026-03-26T18:00:00+00:00,1061.477072603478,0,0,0,0,10,10
2026-03-26T19:00:00+00:00,4110.532159119372,0,0,0,0,10,10
2026-03-26T20:00:00+00:00,2625.750395629619,0,0,0,0,10,10
2026-03-26T21:00:00+00:00,2301.8554445369505,0,0,0,0,10,10
2026-03-26T22:00:00+00:00,1772.938567152515,0,0,0,0,10,10
2026-03-26T23:00:00+00:00,1587.3943717630934,0,0,0,0,10,10
2026-03-27T00:00:00+00:00,1529.0431979017576,0,0,0,0,10,10
2026-03-27T01:00:00+00:00,1471.5853300340648,0,0,0,0,10,10
2026-03-27T02:00:00+00:00,1480.3005529628663,0,0,0,0,10,10
2026-03-27T03:00:00+00:00,1303.1349056605852,0,0,0,0,10,10
2026-03-27T04:00:00+00:00,1219.8531706344345,0,0,0,0,10,10
2026-03-27T05:00:00+00:00,810.8328017108641,3.277537751388889,3.9566128686111113,18.94289605138889,19.250833625833334,10.257676849166666,10.223750428055554
2026-03-27T06:00:00+00:00,1250.1549608692353,19.78303764888889,19.015514214444444,130.89386786361112,154.45832152166668,11.035998075277776,11.01905987722222
2026-03-27T07:00:00+00:00,1516.3170235203434,-12.429075427777777,-6.311733509722221,127.4483438925,152.15389638027779,11.587905805277778,11.587903603055556
2026-03-27T08:00:00+00:00,12036.31065276498,0,0,115.83793540277777,132.72451262083334,11,11
2026-03-27T09:00:00+00:00,14555.51869264569,7.5191432194444445,15.821089906666666,225.31985585916667,254.32170899166667,11,11
2026-03-27T10:00:00+00:00,12054.796488942513,44.21315265333333,45.59330591333333,315.7995545102778,337.40249523805556,12.202938720833332,12.804663775833333
2026-03-27T11:00:00+00:00,12814.616133599622,-35.12789471333333,-41.32280019388889,214.35277815416666,231.92188932444444,11.781833011388889,12.198084273055557
2026-03-27T12:00:00+00:00,12538.754507535072,7.074615900555557,21.1478905775,132.7910727986111,185.17351581638889,12,12.328499216666666
2026-03-27T13:00:00+00:00,1709.7324328836194,-4.306322110555556,-8.269674416944445,108.861912115,149.07764977166667,12,13
2026-03-27T14:00:00+00:00,749.6723752357924,-6.208555963611111,-24.30888114472222,65.48915369111111,73.11245577222222,10.98704841861111,11.024111874444444
2026-03-27T15:00:00+00:00,1495.5518810269139,0,0,59.9933090125,71.10095038749999,11,11
2026-03-27T16:00:00+00:00,966.6567861176159,-4.729671922777778,0.6903045408333331,14.146902309166668,19.3349887325,10.71150031861111,10.982054118333332
2026-03-27T17:00:00+00:00,1177.8570471034006,0,-6.018999469166666,0,0,10,10.06148961611111
2026-03-27T18:00:00+00:00,1100.2914197441285,0,0,0,0,10,10
2026-03-27T19:00:00+00:00,4842.103939419102,0,0,0,0,10,10
2026-03-27T20:00:00+00:00,1799.3233763216392,0,0,0,0,10,10
2026-03-27T21:00:00+00:00,1577.9471387687418,0,0,0,0,10,10
2026-03-27T22:00:00+00:00,2199.934329524947,0,0,0,0,10,10
2026-03-27T23:00:00+00:00,2156.714523496297,0,0,0,0,10,10
2026-03-28T00:00:00+00:00,1916.4430199069086,0,0,0,0,10,10
2026-03-28T01:00:00+00:00,1482.1967824035644,0,0,0,0,10,10
2026-03-28T02:00:00+00:00,1473.50506519605,0,0,0,0,10,10
2026-03-28T03:00:00+00:00,1040.9061973958903,0,0,0,0,10,10
2026-03-28T04:00:00+00:00,1130.6521728944497,0,0,0,0,10,10
2026-03-28T05:00:00+00:00,1425.0380023138403,4.594125668611111,9.007430265833333,40.63423604361112,39.807019519722225,10.491006468333334,10.3715455675
2026-03-28T06:00:00+00:00,1243.603608254814,31.131348566944443,24.69916501,161.12746222055557,181.6130073872222,11.602236825555556,11.585440818055554
2026-03-28T07:00:00+00:00,2597.3375467326814,34.54479552611111,66.22035235083332,289.8519153722222,348.40257087027777,12.975875253888889,14.310688701111111
2026-03-28T08:00:00+00:00,215.25629253722113,71.10567550944444,88.47155311444443,314.06546002,411.23070576527783,15.884984773888888,18.241529132777778
2026-03-28T09:00:00+00:00,224.49671421815916,170.20098491694444,156.41004735305555,464.35478719444444,502.4193807713889,22.37251120888889,24.665815613611112
2026-03-28T10:00:00+00:00,236.38255753881108,141.79928252222223,146.1739311577778,369.22437692166665,419.89394344472225,31.298993643055553,32.99203415444445
2026-03-28T11:00:00+00:00,332.28986189149026,108.11151811166667,81.58999569694444,248.7532398147222,274.71201036583335,38.50122768944444,39.70830160722222
2026-03-28T12:00:00+00:00,1814.3299426232259,14.567738002777778,12.204108288333332,123.05278980833333,148.72785763083334,41.749860829166664,42
2026-03-28T13:00:00+00:00,1537.0781463423812,-122.3016085011111,-137.2332436272222,45.33958934305556,57.557278945,36.23957314111111,38.56610082861111
2026-03-28T14:00:00+00:00,2387.072019733351,-72.82590946694444,-134.78625862194443,21.208697761944446,19.994222629722223,29.544289490277777,29.105522299444445
2026-03-28T15:00:00+00:00,1887.3543999210863,-196.31497629583336,-141.841411665,1.548634891388889,4.922985274444445,20.326142119166665,17.86819769638889
2026-03-28T16:00:00+00:00,1898.1833542390484,0,0.1523855,0,0.28811932444444444,10,10
2026-03-28T17:00:00+00:00,2889.4499394916766,0,0,0,0,10,10
2026-03-28T18:00:00+00:00,1556.6918007711454,0,0,0,0,10,10
2026-03-28T19:00:00+00:00,3324.4952554976185,0,0,0,0,10,10
2026-03-28T20:00:00+00:00,1741.7748157590515,0,0,0,0,10,10
2026-03-28T21:00:00+00:00,1763.879062766756,0,0,0,0,10,10
2026-03-28T22:00:00+00:00,778.9645679227211,0,0,0,0,10,10
2026-03-28T23:00:00+00:00,1685.276010310432,0,0,0,0,10,10
2026-03-29T00:00:00+00:00,656.0063198405492,0,0,0,0,10,10
2026-03-29T01:00:00+00:00,1343.5993407776516,0,0,0,0,10,10
2026-03-29T02:00:00+00:00,1455.5298595121847,0,0,0,0,10,10
2026-03-29T03:00:00+00:00,1270.6608402339943,,,,,,
2026-03-29T04:00:00+00:00,1093.3020650309593,,,,,,
2026-03-29T05:00:00+00:00,1013.8885614012289,,,,,,
2026-03-29T06:00:00+00:00,1071.7816260030095,,,,,,
2026-03-29T07:00:00+00:00,323.3864537297556,112.87676226708334,180.03618064625,262.71068310208335,275.9555562375,31.17528923291667,13.42841194125
2026-03-29T08:00:00+00:00,3630.587080869816,42.97376260611111,57.80223921444445,239.45174638666666,222.2470292272222,33.949377040555554,19.10956459611111
2026-03-29T09:00:00+00:00,4202.246925878054,49.49143207666666,53.81822299111111,247.93576809833334,217.20158862416667,37.540489184722226,23.52380524972222
2026-03-29T10:00:00+00:00,2485.6823491450036,4.882662973333333,9.153423056944446,152.45180321416666,163.40584201055557,38,24.90271992472222
2026-03-29T11:00:00+00:00,917.1232311721956,-53.67313739777777,0.8047350030555555,125.8830672675,168.9123016713889,35.6544353325,25
2026-03-29T12:00:00+00:00,2871.4434411554707,-47.48180989944444,1.2556790966666667,102.17595486972222,136.38467899472224,32.51905018222222,25
2026-03-29T13:00:00+00:00,1547.5176278173622,-226.47772851861112,-112.36700310111111,48.24014423111112,76.07662231527777,22.562329915555555,19.9078191375
2026-03-29T14:00:00+00:00,1386.696347577259,-33.9333195075,-55.330184627499996,54.77686971166667,57.93985735222222,11.583596497499999,12.073200151666667
2026-03-29T15:00:00+00:00,2071.541186257938,0,0,53.897758458611115,63.40484957416667,11,11
2026-03-29T16:00:00+00:00,794.0983262553314,0.11942357833333335,-8.030473565833335,5.554254668055555,6.2199948888888885,10.301401196944445,10.3514238375
2026-03-29T17:00:00+00:00,1856.2429508776238,0,0,0,0,10,10
2026-03-29T18:00:00+00:00,3748.5748528699587,0,0,0,0,10,10
2026-03-29T19:00:00+00:00,2256.7482752071433,0,0,0,0,10,10
2026-03-29T20:00:00+00:00,2252.0279495222626,0,0,0,0,10,10
2026-03-29T21:00:00+00:00,1374.3438355833325,0,0,0,0,10,10
2026-03-29T22:00:00+00:00,1055.0715455663967,0,0,0,0,10,10
2026-03-29T23:00:00+00:00,1364.1310849437118,0,0,0,0,10,10
2026-03-30T00:00:00+00:00,1355.3106198450512,0,0,0,0,10,10
2026-03-30T01:00:00+00:00,587.7283045744239,0,0,0,0,10,10
2026-03-30T02:00:00+00:00,1347.178880925167,0,0,0,0,10,10
2026-03-30T03:00:00+00:00,1345.0678102449472,0,0,0,0,10,10
2026-03-30T04:00:00+00:00,1356.4711041692829,0,0,0,0,10,10
2026-03-30T05:00:00+00:00,966.7133449000166,0.5395465788888888,1.9730304233333331,3.1826162072222224,3.9351386388888887,10.146075584722222,10.0783006475
2026-03-30T06:00:00+00:00,3092.057038246929,1.1720298261111106,3.337767896944444,2.9567705075,5.792970844722222,10.291950845555556,10.275280718055555
2026-03-30T07:00:00+00:00,2139.8714824598624,10.758225504166667,4.545272138888889,31.21353924611111,40.38245075416666,11,11
2026-03-30T08:00:00+00:00,1938.6200150640525,0,0,80.85417985166667,94.65124653888888,11,11
2026-03-30T09:00:00+00:00,3324.866641680139,0,0,50.227975970833334,55.581518044444444,11,11
2026-03-30T10:00:00+00:00,1546.8645981459158,0,0,63.712363881111116,74.38442570694444,11,11
2026-03-30T11:00:00+00:00,1078.2278092381143,44.242369475277776,53.171802127777774,189.09649750083335,242.849127795,11.428812950833333,11.4332234575
2026-03-30T12:00:00+00:00,530.5230594788036,-30.59291331861111,19.44983646305555,136.08830646305555,214.59373364111113,13.353341520555555,14.953822510277776
2026-03-30T13:00:00+00:00,1239.0400886629002,-48.80792452055556,-82.6385887525,59.06269866527777,53.12795005944445,11.160094827777778,12.914409428333334
2026-03-30T14:00:00+00:00,1500.004651148428,-1.2964245941666668,2.6349822583333333,35.79958852111111,46.49319333472223,10.7560910325,10.772491447222222
2026-03-30T15:00:00+00:00,1097.149069437947,3.9317080772222224,0.8373266508333334,50.321519560000006,60.206685999166666,10.966674405833333,11
2026-03-30T16:00:00+00:00,1493.471305572849,-18.445099890555557,-16.34381342,7.163804360833335,3.7941876000000003,10.410575933611112,10.427252463611111
2026-03-30T17:00:00+00:00,1295.0038015642233,-1.2812851652777777,-6.754099072777778,0.40010286666666667,3.5415472594444446,10.185557334722223,10.270003091388888
2026-03-30T18:00:00+00:00,4967.812033886049,0,0,0,0,10,10
2026-03-30T19:00:00+00:00,1459.3045587628224,0,0,0,0,10,10
2026-03-30T20:00:00+00:00,1783.9204707606316,0,0,0,0,10,10
2026-03-30T21:00:00+00:00,1403.2580524941725,0,0,0,0,10,10
2026-03-30T22:00:00+00:00,802.6139608521872,0,0,0,0,10,10
2026-03-30T23:00:00+00:00,1375.464694796781,0,0,0,0,10,10
2026-03-31T00:00:00+00:00,1321.7689848259938,0,0,0,0,10,10
2026-03-31T01:00:00+00:00,742.289580458326,0,0,0,0,10,10
2026-03-31T02:00:00+00:00,1172.2766860411225,0,0,0,0,10,10
2026-03-31T03:00:00+00:00,1260.1693361749287,0,0,0,0,10,10
2026-03-31T04:00:00+00:00,1321.105305520574,0,0,0,0,10,10
2026-03-31T05:00:00+00:00,1345.0982627953151,0,0,0,0,10,10
2026-03-31T06:00:00+00:00,3190.9994250711393,11.567500842500001,10.100997034444445,30.538195265833334,33.094793716944444,10.629975494166667,10.578949719444445
2026-03-31T07:00:00+00:00,3431.002135049592,0,0,82.51758149111112,96.160330135,11,11
2026-03-31T08:00:00+00:00,2940.9315134074054,0,0,156.1654136886111,180.24391162361113,11,11
2026-03-31T09:00:00+00:00,458.40237969544614,0,7.639586907777777,115.5803985497222,137.39670303388888,11,11
2026-03-31T10:00:00+00:00,1188.3138904892141,0,0.36238723972222225,109.28111717694445,129.9452964061111,11,11
2026-03-31T11:00:00+00:00,1473.1149147301812,43.694353000555544,40.87721645194444,461.51095635138887,497.16697061916665,12.024605796388888,12.418958668055554
2026-03-31T12:00:00+00:00,528.8778838064278,-22.711453162500003,5.347851547500002,170.94685329694445,216.92075303666664,12.16519807361111,14.087229318055556
2026-03-31T13:00:00+00:00,634.954546631939,7.759126340000001,-55.1769923775,90.44688426416667,78.00314325027777,10.969390567777777,14.163222430833335
2026-03-31T14:00:00+00:00,1042.742294680798,-3.7783889844444443,-7.862472348333334,55.823203032500004,64.72839837222222,10.9072311825,10.98784258
2026-03-31T15:00:00+00:00,994.4168326661948,0,-1.2274802483333334,1.1396220399999997,2.4008608213888887,10.118306454444445,10.173613907222222
2026-03-31T16:00:00+00:00,4356.888897173229,3.5502810411111114,4.093743569166667,7.219199477777778,10.677561495833332,10.289294517777778,10.357459903055556
2026-03-31T17:00:00+00:00,5115.404424748899,0,0,0,0,10,10
2026-03-31T18:00:00+00:00,12509.253683215704,0,0,0,0,10,10
2026-03-31T19:00:00+00:00,15340.84023327393,0,0,0,0,10,10
2026-03-31T20:00:00+00:00,12303.444196308219,0,0,0,0,10,10
2026-03-31T21:00:00+00:00,8406.373657648486,0,0,0,0,10,10
2026-03-31T22:00:00+00:00,1158.735535282876,0,0,0,0,10,10
2026-03-31T23:00:00+00:00,962.0653143944963,0,0,0,0,10,10
2026-04-01T00:00:00+00:00,1080.2905832282675,0,0,0,0,10,10
2026-04-01T01:00:00+00:00,933.222501092457,0,0,0,0,10,10
2026-04-01T02:00:00+00:00,2394.8309786397804,0,0,0,0,10,10
2026-04-01T03:00:00+00:00,1535.985085429343,0,0,0,0,10,10
2026-04-01T04:00:00+00:00,1489.4003985672662,0,0,0,0,10,10
2026-04-01T05:00:00+00:00,2416.237835830311,6.959614348611111,11.125800281944445,17.356530843611115,19.893326280555556,10.377452153611111,10.377452711666667
2026-04-01T06:00:00+00:00,4974.651286508755,3.037991095757576,2.221207294242424,74.40859220509823,78.89805332448991,11,11
2026-04-01T07:00:00+00:00,2037.1393769988479,0,0,114.74948874305557,128.8613919397222,11,11
2026-04-01T08:00:00+00:00,1676.4182378806227,15.804237834444445,19.12315854888889,215.32846378166664,238.10813089805558,11.080386909444444,11.131386655277778
2026-04-01T09:00:00+00:00,2087.5384218679096,0.40047874,3.811999258888889,142.01635879611112,160.6012193636111,12,12
2026-04-01T10:00:00+00:00,733.1425914098672,-31.114043151388888,-33.36180183388889,87.46539898722222,106.45348737694445,11.660717051388888,11.946386915
2026-04-01T11:00:00+00:00,2598.2942868823884,0,0,112.49502959194444,131.04375155666665,11,11
2026-04-01T12:00:00+00:00,1024.6112036821567,0,0,120.8161292525,141.04072520916665,11,11
2026-04-01T13:00:00+00:00,828.0753641483219,11.858181014722222,0.718615373611116,112.07905280888889,145.3810350452778,11,11.63997328
2026-04-01T14:00:00+00:00,954.1254550450103,0,0,45.877070163333336,42.494122992777775,11,11
2026-04-01T15:00:00+00:00,964.4439546140702,0,0,34.62764095777778,37.37954299027778,11,11
2026-04-01T16:00:00+00:00,943.2676683224507,-9.910735251388887,-3.1324591855555552,5.580160036111111,6.055743173055556,10.367225109166666,10.333876140277779
2026-04-01T17:00:00+00:00,1047.9395854186248,0,0,0,0,10,10
2026-04-01T18:00:00+00:00,4657.7233178168,0,0,0,0,10,10
2026-04-01T19:00:00+00:00,1149.8740879874329,0,0,0,0,10,10
2026-04-01T20:00:00+00:00,1337.6173991704957,0,0,0,0,10,10
2026-04-01T21:00:00+00:00,1260.3246110663397,0,0,0,0,10,10
2026-04-01T22:00:00+00:00,1598.1020219829297,0,0,0,0,10,10
2026-04-01T23:00:00+00:00,1037.0584231840442,0,0,0,0,10,10
2026-04-02T00:00:00+00:00,1268.5296106084734,0,0,0,0,10,10
2026-04-02T01:00:00+00:00,886.1143509603256,0,0,0,0,10,10
2026-04-02T02:00:00+00:00,1997.7369634129993,0,0,0,0,10,10
2026-04-02T03:00:00+00:00,1367.2046323347777,0,0,0,0,10,10
2026-04-02T04:00:00+00:00,1198.799491509807,0,0,0,0,10,10
2026-04-02T05:00:00+00:00,1705.358724489374,9.347632271666667,5.364684596388888,61.226818458333334,65.9583167,10.625547424444445,10.692230926666667
2026-04-02T06:00:00+00:00,3487.358804271647,11.980591101388889,17.61179049361111,224.83797727361113,244.06586974694446,11,11.420260223888889
2026-04-02T07:00:00+00:00,1640.7840461061162,13.074914813333335,14.775926876111113,282.80985030194444,292.4990640430555,11.505835841666666,12
2026-04-02T08:00:00+00:00,1332.4878301218143,23.399388659444444,31.904395954166663,334.5034495755555,364.44459204416665,12.561486730555556,13.1740330675
2026-04-02T09:00:00+00:00,1908.3384646588822,0,0,503.8565291711111,518.554573701111,13,14
2026-04-02T10:00:00+00:00,1202.0225959188062,90.36318740333333,86.51061773305555,430.6105910463889,439.9413942038889,14.515039807222223,15.312823895277779
2026-04-02T11:00:00+00:00,2643.9754994880136,133.56094710444444,129.56635971055556,585.3429550627778,615.3865172766667,21.390258629722222,22.711226987499998
2026-04-02T12:00:00+00:00,594.1921827106381,56.17219196222222,143.7439107125,292.6038230188889,549.8725559936112,26.91392417611111,30.538083019444443
2026-04-02T13:00:00+00:00,1798.0315265211896,-85.40648859055555,-12.716596081666665,94.55924859694444,160.3075294847222,25.40511035833333,34.97692225694444
2026-04-02T14:00:00+00:00,497.31007545793585,-78.68973976555556,-109.78154277499999,46.213060201944444,53.03522519916667,17.884903719166665,29.152205765
2026-04-02T15:00:00+00:00,11240.698339489412,-52.37758456,-142.47090549944446,33.68750784861111,34.04979133444444,13.311242900000002,21.93750085972222
2026-04-02T16:00:00+00:00,12326.322201983225,-1.5902168502777767,-51.20730131972223,15.931316661666669,14.710076701666667,10.928482632222222,12.237767717222221
2026-04-02T17:00:00+00:00,443.48983420414083,0,0,0,0,10,10
2026-04-02T18:00:00+00:00,1145.616428783321,0,0,0,0,10,10
2026-04-02T19:00:00+00:00,4073.613079857625,0,0,0,0,10,10
2026-04-02T20:00:00+00:00,974.8184697019523,0,0,0,0,10,10
2026-04-02T21:00:00+00:00,779.4891616234439,0,0,0,0,10,10
2026-04-02T22:00:00+00:00,1167.7072860417518,0,0,0,0,10,10
2026-04-02T23:00:00+00:00,820.8272065660353,0,0,0,0,10,10
2026-04-03T00:00:00+00:00,601.3714531262194,0,0,0,0,10,10
2026-04-03T01:00:00+00:00,416.1213472795761,0,0,0,0,10,10
2026-04-03T02:00:00+00:00,535.3240783623808,0,0,0,0,10,10
2026-04-03T03:00:00+00:00,558.2476809134997,0,0,0,0,10,10
2026-04-03T04:00:00+00:00,515.0781264053727,0,0,0,0,10,10
2026-04-03T05:00:00+00:00,353.7260999632322,6.614783543333334,19.898347403055556,57.27783380666667,21.54406956833333,10.616101063611111,10.599436869722222
2026-04-03T06:00:00+00:00,2894.3555063829403,48.92205052472223,27.459016848055555,198.99686289833335,30.005146645555556,11.394518658333332,12.279404839722224
2026-04-03T07:00:00+00:00,1162.2290154373202,89.61257425944444,26.91830783638889,391.0198687577777,29.719654708611113,16.853965042222224,13.720126274166667
2026-04-03T08:00:00+00:00,1659.732440225801,-39.56053207361112,27.461580995000002,218.88535039638887,30.305407971666668,17.725585523611112,15.380546315277778
2026-04-03T09:00:00+00:00,2867.6995119588014,-13.490443032499998,27.394930296111113,94.6381077263889,30.400417023055553,11.020677515000001,16.827598411944447
2026-04-03T10:00:00+00:00,1336.9880545961414,0,26.91514259361111,115.99919299222222,30.09806530972222,11,18.443592774166667
2026-04-03T11:00:00+00:00,3528.0678689983306,102.58144193944445,26.98966786472222,163.68972236805556,29.900219450277778,12.814836992777778,19.9253450275
2026-04-03T12:00:00+00:00,538.574114761295,109.34609842305555,64.40582392083333,150.73690126444444,67.13504901277777,20.34404961638889,22.328427040833333
2026-04-03T13:00:00+00:00,372.7877212128166,10.962633056388889,26.776771131666667,84.57828964805556,29.832733303888887,23.521225892222223,25.32918002027778
2026-04-03T14:00:00+00:00,516.5401735227373,19.467305004444444,28.03011113416667,51.09277391555556,31.131434869444444,23.999440239722222,26.70777168972222
2026-04-03T15:00:00+00:00,367.03837649064775,32.529293175,27.07945257305556,58.46239483861111,30.096753290277775,25.2691581575,28.37026684916667
2026-04-03T16:00:00+00:00,402.5742913312347,-38.59547176833335,15.711234498055555,18.77068426027778,17.581284960277777,25.613385249444445,29.696665445555556
2026-04-03T17:00:00+00:00,224.77110587608,0,0,0,0,23,30
2026-04-03T18:00:00+00:00,454.13805938301135,-44.498622055,0,0,0,20.986245563333334,30
2026-04-03T19:00:00+00:00,610.08798671079,-44.99375856277778,0,0,0,16.786678416111112,29.438331074444445
2026-04-03T20:00:00+00:00,585.3451060898311,-37.51748066333334,0,0,0,14.31999316611111,29
2026-04-03T21:00:00+00:00,477.95928456243695,-15.431725559999999,0,0,0,12.123891310555555,29
2026-04-03T22:00:00+00:00,678.1250057139689,-3.4636518983333335,0,0,0,10.151944885555556,29
2026-04-03T23:00:00+00:00,635.2085087535519,0,0,0,0,10,29
2026-04-04T00:00:00+00:00,411.97346183115246,0,0,0,0,10,28.161090491666666
2026-04-04T01:00:00+00:00,613.5736701840423,0,0,0,0,10,28
2026-04-04T02:00:00+00:00,618.4730249352508,0,0,0,0,10,28
2026-04-04T03:00:00+00:00,1895.4329890339498,0,0,0,0,10,28
2026-04-04T04:00:00+00:00,445.4819016367628,0,0,0,0,10,28
2026-04-04T05:00:00+00:00,525.29518092039,0,0.3506731669444445,0,0,10,27.276954614166666
2026-04-04T06:00:00+00:00,209.14926140777308,25.652839251388887,8.600371045555555,24.554227434166666,9.153844894722221,10.815239560555556,27.876377135833334
2026-04-04T07:00:00+00:00,186.28162422048388,97.1258227288889,27.471459345833335,97.12583282611111,30.526581679722224,14.013420038888889,28.722772021111112
2026-04-04T08:00:00+00:00,196.98328122185805,319.541759275,90.06197723166666,322.74290258472223,92.8607146461111,25.6010046825,30.741148090833335
2026-04-04T09:00:00+00:00,174.6758594698786,193.81475911027778,201.6791747463889,223.1100468872222,203.70221710666667,41.48460316027778,40.94294216055555
2026-04-04T10:00:00+00:00,146.20877547720946,139.86777072333334,136.17963184027778,179.03756486444445,138.59006608083334,50.28117342583334,49.79249159
2026-04-04T11:00:00+00:00,164.50524694473805,183.08929209250002,166.60604221388888,221.3552145636111,169.10081707194445,59.429696443055555,58.918087655833325
2026-04-04T12:00:00+00:00,180.29677805757805,155.3179136072222,185.68205282694444,179.1655083422222,188.85211530972222,70.28414196444444,69.9594423525
2026-04-04T13:00:00+00:00,186.87387542523,49.69520335333333,35.78217668361111,52.22476635055555,39.13507322388889,75.37442124972222,75.19693535944445
2026-04-04T14:00:00+00:00,202.45476298239055,38.49472140472222,33.234190315,39.91594330972222,36.09618454305556,77.53622824166666,77.07328038055556
2026-04-04T15:00:00+00:00,197.26912630122806,27.335474277777777,32.837888281666665,28.617320456666665,35.771779574166665,79.38917417027777,78.85041732694445
2026-04-04T16:00:00+00:00,191.03297029669582,11.510436748333333,4.013897406388889,13.829524204722224,4.763058486388889,80.0509481975,80
2026-04-04T17:00:00+00:00,201.3944510327822,0,0,0,0,80,80
2026-04-04T18:00:00+00:00,201.66440967715695,0,0,0,0,80,80
2026-04-04T19:00:00+00:00,201.15233729677277,-10.118129247777778,0,0,0,79.44082055027778,79.33971201222222
2026-04-04T20:00:00+00:00,200.00239265379363,0,0,0,0,79,79
2026-04-04T21:00:00+00:00,216.08054359381137,0,0,0,0,79,79
2026-04-04T22:00:00+00:00,200.54277165879637,0,0,0,0,79,79
2026-04-04T23:00:00+00:00,559.6337769121556,-163.69170685166668,0,0,0,76.02495559416667,79
2026-04-05T00:00:00+00:00,507.3379921079805,-94.5776102711111,0,0,0,63.485614274166664,78.28304518694445
2026-04-05T01:00:00+00:00,744.7248662575539,-185.6376941891667,0,0,0,53.72084750361111,78
2026-04-05T02:00:00+00:00,465.5067275679128,-70.96696123611112,0,0,0,45.70428517222222,78
2026-04-05T03:00:00+00:00,1883.0116005373275,-159.16323465416664,0,0,0,37.405833630555556,78
2026-04-05T04:00:00+00:00,512.9989740129553,-43.09903370333333,0,0,0,30.753117893888888,78
2026-04-05T05:00:00+00:00,655.64886709052,-1.104331292777777,1.0159192855555557,65.79259144555554,1.0847674208333336,28.06609566138889,78
2026-04-05T06:00:00+00:00,666.9297336141935,145.20366690305556,0,164.4595716247222,0,33.849886525277775,77.89904741333334
2026-04-05T07:00:00+00:00,191.52645123932973,64.58080143666668,16.17741391222222,144.7061174675,17.417834868333333,40.308698657777775,77.57693833027777
2026-04-05T08:00:00+00:00,113.69610511357638,91.99825754249999,27.985012878611112,208.68428783305555,30.185915925,43.74121204277778,79.19901637194444
2026-04-05T09:00:00+00:00,765.2597528553739,136.05925898555554,27.834324168611108,193.27447021444445,29.92104845833333,49.55889720666667,80.61389469333334
2026-04-05T10:00:00+00:00,510.34025138158773,131.94860045527778,27.818199508611112,131.8444046525,29.76115032,59.89694000083333,82.30123392583333
2026-04-05T11:00:00+00:00,218.44390640215417,202.53305501666668,28.058163425,212.56913188944444,30.213891119722224,68.88743985583334,83.4436101361111
2026-04-05T12:00:00+00:00,330.6250120300553,31.853213930833334,28.412925743333332,70.55118439166667,30.407898133055554,74.13414711194444,84.53331234611112
2026-04-05T13:00:00+00:00,616.4372832395311,-15.755825685833328,28.186289548333335,72.83600733749999,30.248780230555553,75.15326763472223,85.57279631
2026-04-05T14:00:00+00:00,474.49793084676367,36.92609448305556,27.745643556944444,53.743796627777776,29.632171416944445,74.9684578238889,86.5774981175
2026-04-05T15:00:00+00:00,438.84323506107694,12.350289126666668,29.677274061944445,41.37768949555555,31.599293248333336,75.47774415666667,87.47305869361111
2026-04-05T16:00:00+00:00,443.3747127450652,-53.64058261083333,8.5047967875,11.879583255277778,9.094417960277777,75.3832289525,88
2026-04-05T17:00:00+00:00,444.35179707696307,-49.640085685833334,0,0,0,70.45753681194445,88
2026-04-05T18:00:00+00:00,612.4585406820914,-88.31455365083333,0,0,0,65.61406073638888,88
2026-04-05T19:00:00+00:00,551.4644298337497,-33.86250940944445,0,0,0,60.84831224277778,88
2026-04-05T20:00:00+00:00,452.18425433954553,-50.3629200425,0,0,0,56.94214666,87.80652394083334
2026-04-05T21:00:00+00:00,583.2522986825159,-57.71730129111111,0,0,0,53.22443161583333,87
2026-04-05T22:00:00+00:00,478.83819737576636,-25.978852255555555,0,0,0,50.45858591888889,87
2026-04-05T23:00:00+00:00,522.1344661592705,-50.71025866888889,0,0,0,47.371867585277776,87
2026-04-06T00:00:00+00:00,592.6465156993739,-64.35360588083333,0,0,0,44.3264681825,87
2026-04-06T01:00:00+00:00,413.4612056552036,-35.85820229111111,0,0,0,40.98452345361111,86.65638393361111
2026-04-06T02:00:00+00:00,598.2307646767425,-52.40196197444444,0,0,0,37.65953203861111,86
2026-04-06T03:00:00+00:00,592.1084634789494,-26.917030532222224,0,0,0,35.19895065555556,86
2026-04-06T04:00:00+00:00,421.7085189943405,-26.833510991666667,0,0,0,32.55638934888889,86
2026-04-06T05:00:00+00:00,1884.556962264566,61.13992200388889,24.402328575555558,69.50613757277777,26.574490468055554,32.95984057361111,86.22610552138889
2026-04-06T06:00:00+00:00,625.9826317669119,213.72036379333335,26.476596936388887,236.38513024666668,29.38120005,40.85900332722222,87.27804837138889
2026-04-06T07:00:00+00:00,435.88025424658616,318.08972792444445,3.0729724277777777,345.7867477113889,3.410853558888889,55.893873785833335,88
2026-04-06T08:00:00+00:00,563.8548219227916,225.06961888194442,1.9482061350000002,284.60511426305555,2.1347731994444445,74.04528398555556,88
2026-04-06T09:00:00+00:00,301.89963880836643,258.8981386622222,15.16575347527778,480.7929286947222,16.818529910833334,86.46370431500002,88
2026-04-06T10:00:00+00:00,155.55042061039723,13.355269550000003,1.9140451191666668,362.81407165722226,2.117334947222222,99.81383168833334,88
2026-04-06T11:00:00+00:00,118.98164973163527,0,0,512.8760535483333,0,100,88
2026-04-06T12:00:00+00:00,196.70597707660502,0,0,219.9726522202778,0,100,88
2026-04-06T13:00:00+00:00,374.5483282454814,-22.7263905275,2.4431916544444445,76.44305730472222,2.699560050277778,98.71502837583334,88
2026-04-06T14:00:00+00:00,558.295011105758,-23.710102619166662,7.800321529166666,67.56414903222223,8.64160570888889,97.13557501638888,88
2026-04-06T15:00:00+00:00,230.02476351242194,-31.150011594166667,3.8823028913888886,27.443479756111113,4.318928176944444,94.1894939925,88
2026-04-06T16:00:00+00:00,380.12031746107726,-143.33955440666665,0,2.2229680411111112,0,92.0138294125,88
2026-04-06T17:00:00+00:00,7820.974998330308,-186.11193340052458,-157.32243547388012,0,0,79.9253728161111,85.19008529781041
2026-04-06T18:00:00+00:00,11512.800384051894,-326.7983298111111,-349.80336604444443,0,0,61.05757063722223,66.80469584666666
2026-04-06T19:00:00+00:00,11446.148144274215,-235.02944975944445,-258.35145440527776,0,0,42.37087328972222,47.69531805277777
2026-04-06T20:00:00+00:00,11620.441113703526,-257.06722413055553,-286.7721797052778,0,0,23.755536125833334,29.345536994166665
2026-04-06T21:00:00+00:00,11882.992029147374,-15.096083751666667,-140.92775642805557,0,0,10.099730622222223,12.477888899444444
2026-04-06T22:00:00+00:00,4320.05725572813,0,0,0,0,10,10
2026-04-06T23:00:00+00:00,1340.429153996737,0,0,0,0,10,10
2026-04-07T00:00:00+00:00,513.6299823208694,0,0,0,0,10,10
2026-04-07T01:00:00+00:00,606.9059497400586,0,0,0,0,10,10
2026-04-07T02:00:00+00:00,635.9008825405662,0,0,0,0,10,10
2026-04-07T03:00:00+00:00,2330.3041992076014,0,0,0,0,10,10
2026-04-07T04:00:00+00:00,1163.5575654609263,0,0.30806916666666667,0,0.31834077388888893,10,10
2026-04-07T05:00:00+00:00,673.4283295160127,17.375121186666668,16.51936802638889,82.010957295,92.50836180916667,10.925826741111111,10.925827281111111
2026-04-07T06:00:00+00:00,2006.043802057049,65.80674499194444,74.25264772666667,172.76960436194443,204.38721383111113,13.271597442222223,13.338270813888888
2026-04-07T07:00:00+00:00,2363.686853955457,-40.783516425,3.9934459838888894,89.97382306166666,137.34903934833332,15.773524691388888,16
2026-04-07T08:00:00+00:00,2116.230496364925,-38.536236424722226,-67.33413101305557,105.79508852111111,112.64695656138889,11.702554221388889,14.394658946388889
2026-04-07T09:00:00+00:00,2458.5020549807696,80.01064780555555,78.36338697444445,272.6419591372222,298.0108732158333,11.426661018611112,13.494395139722222
2026-04-07T10:00:00+00:00,709.3962613602221,223.1461728388889,219.95524342,648.7290726727778,677.5453520280556,21.085466060555557,22.486091333611114
2026-04-07T11:00:00+00:00,695.8275432908608,303.35678601833337,318.3682201461111,627.7469948408333,672.5452805616667,39.468211931666666,41.78072192888889
2026-04-07T12:00:00+00:00,628.0546875639197,64.1943736286111,292.6718509569444,290.4342020769445,595.4524038588889,47.119098906666665,54.63135534583333
2026-04-07T13:00:00+00:00,359.09633417285136,-3.537746633611109,-42.087281939444445,35.340038084444444,79.43539636666667,47.595551691666664,63.63210667388889
2026-04-07T14:00:00+00:00,1267.361870128219,31.436070353611115,-66.27950149722223,34.51741619305555,28.941754773611112,48.573597049166665,60.48701994333334
2026-04-07T15:00:00+00:00,883.7271858759136,-25.444662076666663,-76.50484648305556,29.51716423972222,30.61819507611111,50.15765144444444,55.00230912944445
2026-04-07T16:00:00+00:00,1977.7942007230629,-192.19214884222222,-234.82050452000001,2.9718188525,3.834624685,42.687983671944444,45.96019514583333
2026-04-07T17:00:00+00:00,478.7299122525247,-185.76405772194445,-209.0826345230556,0,0,28.806737660555555,32.310918470833336
2026-04-07T18:00:00+00:00,3438.1080280236147,-124.64963410722224,-132.97713514805554,0,0,11.632002848055556,11.537108783055556
2026-04-07T19:00:00+00:00,2796.621765468093,0,0,0,0,10,10
2026-04-07T20:00:00+00:00,851.1489369467118,0,0,0,0,10,10
2026-04-07T21:00:00+00:00,1287.0004644788407,0,0,0,0,10,10
2026-04-07T22:00:00+00:00,1069.3883224652302,0,0,0,0,10,10
2026-04-07T23:00:00+00:00,712.6850839913385,0,0,0,0,10,10
2026-04-08T00:00:00+00:00,761.0615913223627,0,0,0,0,10,10
2026-04-08T01:00:00+00:00,789.6075715293597,0,0,0,0,10,10
2026-04-08T02:00:00+00:00,690.4550588879544,0,0,0,0,10,10
2026-04-08T03:00:00+00:00,757.866056240893,0,0,0,0,10,10
2026-04-08T04:00:00+00:00,2145.9493346273484,1.8648419180555553,1.7990362322222226,1.814850106111111,2.183216464722222,10,10
2026-04-08T05:00:00+00:00,1764.5974415452285,15.155176016666665,17.76050570138889,97.63631457222222,109.73482793055554,10.961067388055556,11.028805063055556
2026-04-08T06:00:00+00:00,1111.098350700221,26.743419711944444,27.341332884444444,251.09547720777778,275.9437390744444,11.275593848888889,12.242206625833333
2026-04-08T07:00:00+00:00,3530.2994692775915,153.05208687166666,162.91434348805555,393.46074092666663,443.21787109194446,17.077916616666666,18.657825705555556
2026-04-08T08:00:00+00:00,187.61745116949416,281.7094459619444,280.0615353011111,514.8112906211111,564.3713630566666,27.92573376361111,29.843595498055553
2026-04-08T09:00:00+00:00,166.2356802669989,454.2838508666667,470.69345050805555,613.1275120177778,645.1328512683334,47.738350644166665,51.45231578805556
2026-04-08T10:00:00+00:00,545.2195281681852,242.68831671111113,298.0144257775,591.8813219558333,683.8664509991667,65.48901189694445,70.73346664333333
2026-04-08T11:00:00+00:00,-396.81369844929867,399.12690025888884,193.42128915361113,655.4479882927777,677.8169287702777,87.79278902499999,94.28831730194445
2026-04-08T12:00:00+00:00,-481.7169397373928,34.612572193055556,0,308.98006857055555,597.1939980377778,99.69530644833333,100
2026-04-08T13:00:00+00:00,8228.711984157166,7.908802715555556,-111.33807859888888,29.036318520555554,72.95468866472221,99.03854300361111,97.26790494583332
2026-04-08T14:00:00+00:00,11847.824683923429,28.524759806944445,22.796290538888886,31.27623827194444,29.34187310833333,99,92
2026-04-08T15:00:00+00:00,11683.98886880612,19.178322571944445,-57.06045428777778,22.85912677027778,23.077991634444444,99,89.65595569305555
2026-04-08T16:00:00+00:00,11814.201932427544,-260.19184675083335,-199.18987465055557,2.3499717058333336,6.451491498888888,93.77571789027779,83.82409581694445
2026-04-08T17:00:00+00:00,7472.39519603578,-269.3747352475,-251.9758475636111,0,0,73.21192519111112,66.93350703027778
2026-04-08T18:00:00+00:00,191.8103805514164,-216.29751219583332,-178.13831035,0,0,55.50912828722222,51.610981797777775
2026-04-08T19:00:00+00:00,255.48670993748806,-189.09025515,-164.01428359444444,0,0,43.519278265,41.551138602777776
2026-04-08T20:00:00+00:00,273.5079687478397,-214.82871400027776,-203.4055205772222,0,0,31.200631193611112,30.97863013611111
2026-04-08T21:00:00+00:00,451.05093187488393,-105.4882004025,-111.92055585083334,0,0,14.370279195555556,14.687436314444446
2026-04-08T22:00:00+00:00,714.5869270917019,0,0,0,0,10,10
2026-04-08T23:00:00+00:00,718.0916873562874,0,0,0,0,10,10
2026-04-09T00:00:00+00:00,463.7361945092794,0,0,0,0,10,10
2026-04-09T01:00:00+00:00,765.5591982523528,0,0,0,0,10,10
2026-04-09T02:00:00+00:00,584.556861452423,0,0,0,0,10,10
2026-04-09T03:00:00+00:00,590.2509999103831,0,0,0,0,10,10
2026-04-09T04:00:00+00:00,2146.3760737254065,6.440955348333333,4.845914490277778,6.536072416388888,7.131852676388888,10.093082148333332,10.093082717777778
2026-04-09T05:00:00+00:00,1090.1147951742248,0.6540851944444445,0.11918722777777778,98.30845127305555,109.04868739805556,11,11
2026-04-09T06:00:00+00:00,1111.7664788366098,133.7167913861111,149.54773553777778,239.05564364638886,255.84846836444444,13.392721762222223,14.060877579166666
2026-04-09T07:00:00+00:00,763.7404519031714,150.91061445555556,158.10616607833333,420.5708443980555,446.69054212916666,23.840403904722223,25.489789865833334
2026-04-09T08:00:00+00:00,1563.3395498773143,174.28215075833336,171.7287325161111,529.3991254719444,541.7895193480556,33.569145175277775,35.1724555525
2026-04-09T09:00:00+00:00,717.9926678976118,264.66409871,265.65120721833335,629.2221501113889,642.1107975522222,40.86545848055555,42.57979928638889
2026-04-09T10:00:00+00:00,637.2282491083481,238.1517446377778,236.99230318861112,506.46777373027777,527.2021569744444,54.09454175388888,56.02868103166667
2026-04-09T11:00:00+00:00,377.6628129849358,309.31381129,312.1372808375,638.8458320566666,650.509163715,70.4686453225,72.65949126388888
2026-04-09T12:00:00+00:00,-266.61637893602074,219.62554989,175.19449675833334,316.62124560027775,611.4005062299999,89.3527581125,95.76894623555556
2026-04-09T13:00:00+00:00,411.0287589280936,0,-21.672396725833334,51.50908048722223,97.8443483863889,92,99.80525406305556
2026-04-09T14:00:00+00:00,2956.0260491593804,-101.84415036555555,-100.18298294722221,30.16802366916667,32.90574360611111,87.64779183416665,94.34542788722223
2026-04-09T15:00:00+00:00,671.4729252677429,23.467140580833334,-90.37133882194445,26.917082179166666,26.39688355583333,85.65862664583334,89.17710190527778
2026-04-09T16:00:00+00:00,808.1304644626138,-168.26525544083333,-115.82290847333333,2.7173178736111114,9.190506714722222,82.55873834305555,84.23979480583334
2026-04-09T17:00:00+00:00,370.7211891930406,-298.06298862027774,-323.8123517033333,0,0,63.69434736111111,66.96412408083333
2026-04-09T18:00:00+00:00,867.87366675326,-173.3657664,-238.04744058527777,0,0,50.597545843333336,51.992646803888896
2026-04-09T19:00:00+00:00,579.4566416655457,-270.8216561858333,-287.46862946749997,0,0,31.15443812527778,31.665493918333336
2026-04-09T20:00:00+00:00,634.4987917669752,-213.0645131863889,-107.56962144472222,0,0,16.468437615,14.368239291111111
2026-04-09T21:00:00+00:00,559.172118709945,0,0,0,0,10,10
2026-04-09T22:00:00+00:00,2472.0415436911794,0,0,0,0,10,10
2026-04-09T23:00:00+00:00,564.7944285862508,0,0,0,0,10,10
2026-04-10T00:00:00+00:00,712.8488497629802,0,0,0,0,10,10
2026-04-10T01:00:00+00:00,699.5222488465505,0,0,0,0,10,10
2026-04-10T02:00:00+00:00,475.1160171640086,0,0,0,0,10,10
2026-04-10T03:00:00+00:00,651.7810717894524,0,0,0,0,10,10
2026-04-10T04:00:00+00:00,493.78807771786137,0,0,0,0,10,10
2026-04-10T05:00:00+00:00,604.6911163162242,0,0,0,0,10,10
2026-04-10T06:00:00+00:00,1010.5447567486663,0,0,0,0,10,10
2026-04-10T07:00:00+00:00,3004.656106753849,10.983335810833333,14.859268983611111,11.835867156944444,24.32644564944444,10.58113101,10.800019911388889
2026-04-10T08:00:00+00:00,1400.7466102848146,27.11814902611111,0,28.249201244166667,37.87657436361111,11.451679948333334,11
2026-04-10T09:00:00+00:00,758.8620371658517,-49.462240020555555,0,41.099783055277776,68.41410259888889,11.769429255833332,11
2026-04-10T10:00:00+00:00,643.6615990656725,0,0,78.48135491972222,88.69404051527778,11,11
2026-04-10T11:00:00+00:00,1729.098292930544,0,0,127.60836192138889,150.49440779222223,11,11
2026-04-10T12:00:00+00:00,1090.1084068307011,1.2668373611111112,5.159903955277778,142.39236253722223,173.67594404444444,11,11
2026-04-10T13:00:00+00:00,199.10311676222167,0,0.19477633138888886,109.61155295361111,129.48371347583335,11,11
2026-04-10T14:00:00+00:00,1338.3080059724673,0,0,52.99658829194445,59.25471457027778,11,11
2026-04-10T15:00:00+00:00,229.1888842252764,0,0,59.486162937500005,74.1751232386111,11,11
2026-04-10T16:00:00+00:00,868.4245780588407,0.2542315927777778,-32.85225309277778,11.03834981861111,15.598010949444443,10.503262455,10.688877880277778
2026-04-10T17:00:00+00:00,1804.9332388837247,0,0,0,0,10,10
2026-04-10T18:00:00+00:00,643.9170711754114,0,0,0,0,10,10
2026-04-10T19:00:00+00:00,1130.5457102477644,0,0,0,0,10,10
2026-04-10T20:00:00+00:00,1200.9832467095137,0,0,0,0,10,10
2026-04-10T21:00:00+00:00,1109.6690003092,0,0,0,0,10,10
2026-04-10T22:00:00+00:00,987.0838930492595,0,0,0,0,10,10
2026-04-10T23:00:00+00:00,1706.4928840479743,0,0,0,0,10,10
2026-04-11T00:00:00+00:00,1110.8975139738757,0,0,0,0,10,10
2026-04-11T01:00:00+00:00,743.1304047340228,0,0,0,0,10,10
2026-04-11T02:00:00+00:00,874.2156657134319,0,0,0,0,10,10
2026-04-11T03:00:00+00:00,833.5082076222608,0,0,0,0,10,10
2026-04-11T04:00:00+00:00,603.5781090587861,0,0,0,0,10,10
2026-04-11T05:00:00+00:00,2187.7987320521465,9.110767065555557,11.57226987722222,69.22195470888889,77.38122640472221,10.71889967111111,10.770016221111112
2026-04-11T06:00:00+00:00,471.3149022544353,100.43619493805555,125.53916338333333,220.51065155444442,269.2419435802778,12.528609993055555,13.613615233055555
2026-04-11T07:00:00+00:00,73.74724259723722,152.41557709472224,274.22122916250004,159.77972888083335,436.6073463525,19.424669604166667,25.827093709166665
2026-04-11T08:00:00+00:00,696.3422957213153,132.25016217472222,155.10216196055555,512.3531734952778,560.4362397900001,26.460333254166667,36.3508750475
2026-04-11T09:00:00+00:00,864.1476470065082,133.90971418277778,197.53168842861112,568.8134549183334,641.4230480872221,36.81421872638889,49.995499728611115
2026-04-11T10:00:00+00:00,886.3012040697412,185.38542830361112,179.6750773483333,573.8206834127778,671.3250535358333,47.01710248388889,60.48179393388889
2026-04-11T11:00:00+00:00,411.9524402698898,258.53841499416666,240.5730095602778,612.4175535780555,668.0822140661111,57.91683530416666,71.30351136138889
2026-04-11T12:00:00+00:00,3175.2181135049427,-11.334705543055556,0,321.6150596063889,559.6962752355556,64,77
2026-04-11T13:00:00+00:00,2340.361827208222,-266.33258784055556,-107.19343255638888,37.50974299138889,122.23126210305556,52.268774568055555,74.92382183583334
2026-04-11T14:00:00+00:00,2111.0788581100664,-270.05922965583335,-327.2942355405556,28.122938729166666,29.63497870388889,37.66084660861111,58.70871932416666
2026-04-11T15:00:00+00:00,1705.119903320329,-76.32484107916667,-332.1699149288889,27.081742720833333,27.06236654,22.58261178472222,39.777084708333334
2026-04-11T16:00:00+00:00,12183.773037645806,-110.13580895944445,-81.68753192083332,2.9702401619444445,10.90170237888889,15.747683202777779,27.574272463055554
2026-04-11T17:00:00+00:00,9570.161122050189,0,-123.22408532638889,0,0,10,11.221270812222222
2026-04-11T18:00:00+00:00,13242.772379561104,0,0,0,0,10,10
2026-04-11T19:00:00+00:00,9621.185171095925,0,0,0,0,10,10
2026-04-11T20:00:00+00:00,900.3433282510911,0,0,0,0,10,10
2026-04-11T21:00:00+00:00,564.3621800754742,0,0,0,0,10,10
2026-04-11T22:00:00+00:00,2343.921043103629,0,0,0,0,10,10
2026-04-11T23:00:00+00:00,1095.1490368834504,0,0,0,0,10,10
2026-04-12T00:00:00+00:00,1712.8690963578965,0,0,0,0,10,10
2026-04-12T01:00:00+00:00,2709.625575397938,0,0,0,0,10,10
2026-04-12T02:00:00+00:00,766.4236728437412,0,0,0,0,10,10
2026-04-12T03:00:00+00:00,731.291208915813,0,0,0,0,10,10
2026-04-12T04:00:00+00:00,231.2410512404072,0,0,0,0,10,10
2026-04-12T05:00:00+00:00,224.128620744135,0,0,0,0,10,10
2026-04-12T06:00:00+00:00,937.1497960808074,1.9512935441666668,2.192674141111111,4.073976585833333,2.1306094613888886,10.122390824444444,10
2026-04-12T07:00:00+00:00,575.3059596159284,-1.0169796855555555,-4.927057098333333,1.6102429266666667,1.9881582741666668,10.536361737777778,10.371103548055556
2026-04-12T08:00:00+00:00,3830.1652550440995,6.371447143888889,6.897295416388889,24.58260755666667,30.22296625888889,10.654704517222223,10.722493100555555
2026-04-12T09:00:00+00:00,1639.8705265146907,0,0,47.241420748888885,54.00768008083333,11,11
2026-04-12T10:00:00+00:00,1586.5814618375223,0.36683921611111114,0.8351715027777779,38.55850191527778,44.79691751361111,11,11
2026-04-12T11:00:00+00:00,1085.536555857705,7.741326787222222,15.642796244722222,10.898093895277777,18.19698848638889,11,11.544444575277778
2026-04-12T12:00:00+00:00,910.667462572932,-6.517213426944447,-4.139446618055556,5.9192183025,10.649338902777778,10.56305109638889,11.360815930000001
2026-04-12T13:00:00+00:00,947.8473760630906,13.337481325833332,14.19490335638889,15.776823251666668,22.338871299999997,10.947499010555555,10.983213109722222
2026-04-12T14:00:00+00:00,1258.6553464008407,12.838111684444444,-6.029658911666669,15.13375004611111,22.305765755555555,11.236116693333335,11.775023306944446
2026-04-12T15:00:00+00:00,659.0447297590058,-19.976444507222222,-8.911807064166668,6.202051638055555,9.868765619166666,10.731645420833333,10.71335869277778
2026-04-12T16:00:00+00:00,2569.021977141205,0.9082211522222222,-2.5506964008333326,1.0850578544444445,3.321482203888889,10.336677590277779,10.297212352222223
2026-04-12T17:00:00+00:00,663.4827210188403,0,0,0,0,10,10
2026-04-12T18:00:00+00:00,2310.332678150509,0,0,0,0,10,10
2026-04-12T19:00:00+00:00,1479.0583235625293,0,0,0,0,10,10
2026-04-12T20:00:00+00:00,990.8527537049335,0,0,0,0,10,10
2026-04-12T21:00:00+00:00,949.142326884337,0,0,0,0,10,10
2026-04-12T22:00:00+00:00,708.6487567549401,0,0,0,0,10,10
2026-04-12T23:00:00+00:00,472.48505640015696,0,0,0,0,10,10
2026-04-13T00:00:00+00:00,802.2543396426222,0,0,0,0,10,10
2026-04-13T01:00:00+00:00,800.7106145667453,0,0,0,0,10,10
2026-04-13T02:00:00+00:00,800.8086371941278,0,0,0,0,10,10
2026-04-13T03:00:00+00:00,244.6635908620497,0,0,0,0,10,10
2026-04-13T04:00:00+00:00,373.24347315959864,0,0,0,0,10,10
2026-04-13T05:00:00+00:00,3231.324395295081,0.03333225611111111,0.8979080205555556,0,0.9404606469444445,10,10
2026-04-13T06:00:00+00:00,556.2666592265836,14.849558461666668,11.379276550277778,40.74951368361111,50.8481194575,10.857039796666667,10.908042255833335
2026-04-13T07:00:00+00:00,1285.4659786493557,0,0,58.18407917444444,69.229957805,11,11
2026-04-13T08:00:00+00:00,884.3668849366119,0,0,63.19833799361111,74.65984004694444,11,11
2026-04-13T09:00:00+00:00,265.5342497904694,0,0,79.50916163194445,93.9810706261111,11,11
2026-04-13T10:00:00+00:00,210.65373101457863,5.246755978333333,32.27747843805556,154.170860875,188.65030227638889,11,11.612826239999999
2026-04-13T11:00:00+00:00,168.10492699900416,0,0,141.02714716,171.0739768736111,11,13
2026-04-13T12:00:00+00:00,801.4572774633575,0.26673121333333333,1.4466500938888889,126.00490800388889,152.43205830083335,11,13
2026-04-13T13:00:00+00:00,128.29299192081473,1.0851294291666667,2.616695368888889,131.4143483888889,160.18193849694444,11,13
2026-04-13T14:00:00+00:00,134.31880164736972,0,0,102.38637523972223,123.36742625611112,11,13
2026-04-13T15:00:00+00:00,214.45911643927752,0,-56.71309450805555,56.67597964305556,44.86927856944445,11,12.096127506666667
2026-04-13T16:00:00+00:00,2398.879685588862,-19.831839789444448,-2.7631098425000005,24.029198248333334,31.90104941027778,10.938610445277776,10.955256016388889
2026-04-13T17:00:00+00:00,1354.4273951070497,0,0,0,0,10,10
2026-04-13T18:00:00+00:00,2683.1760853881156,0,0,0,0,10,10
2026-04-13T19:00:00+00:00,2973.51581564909,0,0,0,0,10,10
2026-04-13T20:00:00+00:00,12598.993817413815,0,0,0,0,10,10
2026-04-13T21:00:00+00:00,13233.44189679005,0,0,0,0,10,10
2026-04-13T22:00:00+00:00,3442.0555217098413,0,0,0,0,10,10
2026-04-13T23:00:00+00:00,1226.079287055324,0,0,0,0,10,10
2026-04-14T00:00:00+00:00,426.94721203392584,0,0,0,0,10,10
2026-04-14T01:00:00+00:00,909.7763496895669,0,0,0,0,10,10
2026-04-14T02:00:00+00:00,910.3611313340656,0,0,0,0,10,10
2026-04-14T03:00:00+00:00,875.8885363521222,0,0,0,0,10,10
2026-04-14T04:00:00+00:00,230.34974544094527,0,0,0,0,10,10
2026-04-14T05:00:00+00:00,227.77073617422863,10.125264670277778,9.287337934444444,10.2960128825,14.305039008333333,10.22580782,10.225809579166667
2026-04-14T06:00:00+00:00,2992.0973350328954,3.3935409983333336,2.7069087075,74.15692911416666,84.97435937361111,11,11
2026-04-14T07:00:00+00:00,1425.863288166871,3.8244089227777778,6.5053821166666665,114.18643794305557,128.43818146499999,11,11
2026-04-14T08:00:00+00:00,64.38426393812722,45.7299575525,62.37640828222222,192.3851958136111,221.16605482138888,11.952197480833334,12.56613804138889
2026-04-14T09:00:00+00:00,169.968837938985,11.114529820555555,12.686154169722222,139.53925050694446,164.09751802527776,13.839417230555554,15
2026-04-14T10:00:00+00:00,232.85158130334003,0.9534670475000001,5.434564888333334,138.05642952944444,162.59619795749998,14,15
2026-04-14T11:00:00+00:00,943.9525326492889,0,0,100.15433277194444,117.12387312694445,14,15
2026-04-14T12:00:00+00:00,1138.7297872494287,-32.14912232416667,-45.32288780444444,44.22117660166666,48.945913221388885,12.36031837361111,13.087612428055555
2026-04-14T13:00:00+00:00,3930.8339312697876,0,0,42.24493083777778,49.57060940666667,11,11
2026-04-14T14:00:00+00:00,2208.292140969162,-7.895202393333334,-9.466089227777777,11.832099485833332,19.16478459,10.448057843333332,10.616964342222223
2026-04-14T15:00:00+00:00,1567.8862562961249,6.9633159925,13.345958364444444,7.334217417777778,15.607927401666666,10.337209531388888,10.539415023055556
2026-04-14T16:00:00+00:00,1863.9267484706859,6.686663350277779,-8.431017444444443,23.74891454666667,19.58829449888889,11,11.11778483
2026-04-14T17:00:00+00:00,769.0174412714945,-16.496171503888892,-12.034825413333332,1.4473557233333334,4.191500405833334,10.365798542222223,10.466603194166668
2026-04-14T18:00:00+00:00,1755.7576933874716,0,0,0,0,10,10
2026-04-14T19:00:00+00:00,2789.763529787923,0,0,0,0,10,10
2026-04-14T20:00:00+00:00,1538.450947627646,0,0,0,0,10,10
2026-04-14T21:00:00+00:00,1301.3844740709358,0,0,0,0,10,10
2026-04-14T22:00:00+00:00,873.4165988087285,0,0,0,0,10,10
2026-04-14T23:00:00+00:00,1216.705360277446,0,0,0,0,10,10
2026-04-15T00:00:00+00:00,2681.1844991237895,0,0,0,0,10,10
2026-04-15T01:00:00+00:00,780.6371766972875,0,0,0,0,10,10
2026-04-15T02:00:00+00:00,1059.077097017802,0,0,0,0,10,10
2026-04-15T03:00:00+00:00,635.0057036677711,0,0,0,0,10,10
2026-04-15T04:00:00+00:00,859.4059301976084,5.691118168888889,4.182977833888889,6.024336962499999,4.625794995277778,10.109703757222222,10.059629744166667
2026-04-15T05:00:00+00:00,592.7170503536826,2.6716706355555555,1.5900373583333334,98.37599204083334,108.38509138722223,11,11
2026-04-15T06:00:00+00:00,49.96850012281862,100.90140253583333,117.16207373944445,249.3859741922222,275.8849161830555,12.569562559444444,13.024519294722223
2026-04-15T07:00:00+00:00,2154.9342155598533,61.59026338222222,64.2492612838889,397.7467421697222,430.63518596194444,19.302054859444443,20.4048789175
2026-04-15T08:00:00+00:00,1162.2120179142203,175.30321924166665,168.46157230777777,517.5389156797222,544.8138672694445,22.290861865277776,23.50186303222222
2026-04-15T09:00:00+00:00,684.1353916654813,94.19397311277778,92.26951845416666,619.5005559922223,643.1738563277778,32.07036020555555,34.04277471472222
2026-04-15T10:00:00+00:00,1823.606794582329,379.7583014354072,399.1264695758908,664.4100836716557,688.1236950000202,41.167266839935316,43.333523997191456
2026-04-15T11:00:00+00:00,118.5441436238375,412.17269620944444,419.00168499638886,572.7697128983333,588.8240674625,66.25224111305555,69.69358616944444
2026-04-15T12:00:00+00:00,129.02140020339473,87.13822049388891,229.52196638916666,250.89328339333335,446.8933647452778,81.20190968194444,91.14746515249999
2026-04-15T13:00:00+00:00,1202.4213879631272,-112.35644576499999,-104.79968308833334,62.744140067222226,125.6169171386111,79.4530040461111,98.20157167722222
2026-04-15T14:00:00+00:00,3050.246633544728,-128.86242325777778,-326.77049621444445,29.57666800611111,26.84523012138889,69.05135738222222,81.84499316722223
2026-04-15T15:00:00+00:00,319.2616581494417,22.216985766944443,-19.874949855,37.965699423055554,44.80957036861111,64.86717510805555,72.100606105
2026-04-15T16:00:00+00:00,391.2539019388875,-14.986871147500002,-0.5432455861111107,7.010526081388889,16.19687279388889,65.57143986666667,70.94887741222222
2026-04-15T17:00:00+00:00,126.34327759756555,-114.10508748055555,-122.76184134888888,0.6997914275,0,61.31972194611111,67.6223819575
2026-04-15T18:00:00+00:00,1916.5977161692679,-250.96905258277778,-268.6467761413889,0,0,51.31183013361112,57.35317100805556
2026-04-15T19:00:00+00:00,971.010738589726,-404.0462689608333,-439.16905131944446,0,0,28.734524898333333,33.98419672888889
2026-04-15T20:00:00+00:00,690.5464117889309,0,0,0,0,10,10
2026-04-15T21:00:00+00:00,772.9704967876982,0,0,0,0,10,10
2026-04-15T22:00:00+00:00,1958.1467868330403,0,0,0,0,10,10
2026-04-15T23:00:00+00:00,943.1196540891075,0,0,0,0,10,10
2026-04-16T00:00:00+00:00,817.6982199667106,0,0,0,0,10,10
2026-04-16T01:00:00+00:00,1769.034636780764,0,0,0,0,10,10
2026-04-16T02:00:00+00:00,1600.315528889918,0,0,0,0,10,10
2026-04-16T03:00:00+00:00,740.0528989939372,0,0,0,0,10,10
2026-04-16T04:00:00+00:00,729.2985996843069,0,0,0,0,10,10
2026-04-16T05:00:00+00:00,830.6340979727978,23.972428266666668,10.859617960833333,25.610762060555555,29.306014300277777,11.038779887777778,10.80748147111111
2026-04-16T06:00:00+00:00,317.13737024179164,-18.86038281916667,0,54.07422034277778,75.30386680055555,11.199499707222223,11
2026-04-16T07:00:00+00:00,456.99261517267246,45.954614085277775,54.513050360833326,208.21633589666666,221.114722125,12.080985274722222,12.37711166388889
2026-04-16T08:00:00+00:00,1715.6813995843604,85.96999127583332,102.93355460277779,221.2133892588889,295.4142506233333,15.742329227777779,17.188936855
2026-04-16T09:00:00+00:00,110.37649642510917,196.9188186391667,239.58544168416668,278.6113635816667,369.81444628361106,23.797115390277778,28.420065319166667
2026-04-16T10:00:00+00:00,82.62251261934834,415.49690404277777,411.96648154888885,565.0575711105556,594.6963525902778,37.93532698055555,43.83368735305555
2026-04-16T11:00:00+00:00,77.33330462651112,413.19736652138886,405.6831325644444,570.5904868438889,581.8372658288889,63.93489312722222,69.69474050333334
2026-04-16T12:00:00+00:00,71.17171047302863,150.69889387888887,247.93462896916665,263.88390531972226,388.47249454166666,80.0502473013889,89.75489454055555
2026-04-16T13:00:00+00:00,57.11687856605446,10.064944608888888,0,106.4029896236111,171.70316827833335,82.61414980777778,100
2026-04-16T14:00:00+00:00,299.23037255790916,-16.15034626583333,-106.67394610583334,59.00406248722223,50.15408218333334,81.3585250163889,96.07605136944444
2026-04-16T15:00:00+00:00,245.5196488574267,-20.07722174611111,-69.95396540416667,31.95780485944444,27.53828672361111,79.64389635666667,91.46825560222221
2026-04-16T16:00:00+00:00,156.00104519396584,-136.28854533111112,-127.68969471472222,0,0.28336173277777776,75.42289602722222,85.08339473138889
2026-04-16T17:00:00+00:00,372.53396712960534,-277.92437442027773,-292.1780120136111,0,0,61.277665787500005,71.87420718888889
2026-04-16T18:00:00+00:00,1741.074059100516,-250.76530849138888,-282.3571054161111,0,0,45.07837213305555,54.98035571888889
2026-04-16T19:00:00+00:00,591.7513655324075,-187.72837134305556,-240.01118114055555,0,0,26.833046539444442,35.85787746972222
2026-04-16T20:00:00+00:00,570.5151620939146,-145.31477522166668,-191.67499441083336,0,0,15.326964523888888,19.730306371666668
2026-04-16T21:00:00+00:00,1003.4153498327655,0,0,0,0,10,10
2026-04-16T22:00:00+00:00,859.6742800266211,0,0,0,0,10,10
2026-04-16T23:00:00+00:00,752.076740977621,0,0,0,0,10,10
2026-04-17T00:00:00+00:00,554.784481690995,0,0,0,0,10,10
2026-04-17T01:00:00+00:00,715.8898281906713,0,0,0,0,10,10
2026-04-17T02:00:00+00:00,1096.1499728762535,0,0,0,0,10,10
2026-04-17T03:00:00+00:00,808.4940289734074,0,0,0,0,10,10
2026-04-17T04:00:00+00:00,223.57692973903025,4.357179691944444,3.6852419016666667,5.280347521111111,4.494606957222222,10.058672163333334,10.093050445555555
2026-04-17T05:00:00+00:00,760.19241112675,4.382202616388889,2.2516534730555553,95.59159029749999,105.35765630361111,11,11
2026-04-17T06:00:00+00:00,1846.9207947000689,87.28308488527779,106.34332581305556,239.06900946111114,266.3803659819444,12.013339203333333,12.445728943888888
2026-04-17T07:00:00+00:00,391.59267376239285,215.9068241961111,242.1874680133333,386.0038789816667,424.4527182961111,22.14374854638889,24.397430659444442
2026-04-17T08:00:00+00:00,671.305139473947,254.1435568236111,275.4154388822222,504.3248269558333,539.8644134538889,32.781685206388886,36.10442817361111
2026-04-17T09:00:00+00:00,222.49762805862335,388.8787227513889,418.76909427833334,582.8084155122223,619.7034621738889,53.613037265833334,58.07968059055556
2026-04-17T10:00:00+00:00,57.50336088236779,428.5926695955555,443.1727020052778,610.3924173669444,650.1506468244444,75.12082891777779,81.09839988333333
2026-04-17T11:00:00+00:00,1379.0035189264315,116.29320028027779,26.427963798611113,468.82813801027777,483.16086855916666,96.46922711138889,99.59775567194446
2026-04-17T12:00:00+00:00,-235.61422743185884,0,0,325.4521199230556,509.2612096877778,100,100
2026-04-17T13:00:00+00:00,118.73573659353333,-27.751917914444448,-25.953217680277774,92.76346569333333,173.87516867444444,99.84882656444444,99.89991968666668
2026-04-17T14:00:00+00:00,215.05615722844584,-57.81569142138889,-57.951501605833336,46.4093868375,46.521358954722224,96.19109891194444,96.65169760666667
2026-04-17T15:00:00+00:00,233.16693526931056,-59.92072229444444,-26.311131267777778,42.26455743611111,65.12124139694446,91.66323088777777,93.57888913750001
2026-04-17T16:00:00+00:00,328.6413562052383,-5.846920136944443,-14.18304762361111,16.808337699722223,26.121417803333333,89.08945826888889,91.86221890444445
2026-04-17T17:00:00+00:00,912.8403793646298,-228.20609002666666,-220.70876838944446,0.4167695625,0.8259821152777778,83.37753441777778,87.3508839588889
2026-04-17T18:00:00+00:00,1391.2261652060758,-433.8842385338889,-455.75857507694445,0,0,59.272922621111114,64.104011865
2026-04-17T19:00:00+00:00,321.0113301682164,-233.08542190805554,-259.91140992305554,0,0,36.7932640425,41.83742709138889
2026-04-17T20:00:00+00:00,2096.1144751441175,-211.59044663305556,-309.9322340833333,0,0,15.728253157222222,20.856427009166666
2026-04-17T21:00:00+00:00,815.5217155874155,0,0,0,0,10,10
2026-04-17T22:00:00+00:00,943.2633902380386,0,0,0,0,10,10
2026-04-17T23:00:00+00:00,1448.985722675803,0,0,0,0,10,10
2026-04-18T00:00:00+00:00,881.6394483037694,0,0,0,0,10,10
2026-04-18T01:00:00+00:00,844.3733296951444,0,0,0,0,10,10
2026-04-18T02:00:00+00:00,885.9267922375084,0,0,0,0,10,10
2026-04-18T03:00:00+00:00,961.2545426024577,0,0,0,0,10,10
2026-04-18T04:00:00+00:00,405.1899357558744,8.70538977,5.0147928183333335,12.614722121944444,13.94245115388889,10.243879677499999,10.193879575555556
2026-04-18T05:00:00+00:00,141.91264579287306,0,0,54.874304468055556,60.67754373833333,11,11
2026-04-18T06:00:00+00:00,3504.656779094216,0,0,43.61825283194444,48.05602430722222,11,11
2026-04-18T07:00:00+00:00,6508.73808511154,1.0830513044444443,0.9830499694444444,63.116508186666664,72.46357922388889,11,11
2026-04-18T08:00:00+00:00,10275.76078143399,79.39323796666667,78.53869812944446,254.42978765666666,291.5575709152778,11.65785365888889,11.629246902222222
2026-04-18T09:00:00+00:00,3194.1467593659163,232.25235927583333,261.59524170555557,294.0979662077778,370.55854119527777,20.10241588861111,22.352063401944445
2026-04-18T10:00:00+00:00,11113.579246185698,373.6290388933333,382.8780832091666,588.5665303488889,623.0393967633333,38.40498552416667,42.1114240075
2026-04-18T11:00:00+00:00,13875.695971667388,103.36890412083334,113.03803394250001,497.91617070361116,529.3685419583334,51.38145400111111,55.50020322694444
2026-04-18T12:00:00+00:00,3271.3545093874013,19.760500092777775,32.52519997666666,187.5846230883333,222.9176961913889,55.700539033333335,60.635753586111115
2026-04-18T13:00:00+00:00,2505.940843492875,0,1.4612947552777777,165.77150148083334,198.0772493513889,56,61
2026-04-18T14:00:00+00:00,378.50246426570584,1.5353140724999996,0.6334918566666666,127.24335455416666,155.7370482711111,56,61
2026-04-18T15:00:00+00:00,138.35804548114695,-3.1746755097222223,-11.77426422,48.302843734166665,56.09168535611111,56,60.95723311722222
2026-04-18T16:00:00+00:00,214.03288764462607,-70.18657356583334,-117.63930250527778,0,0,54.35730243805556,57.33155788055555
2026-04-18T17:00:00+00:00,2146.669412086657,-253.7816802486111,-253.62167699555553,0,0,43.613358722777775,45.73912299027777
2026-04-18T18:00:00+00:00,119.66794118223474,-118.00408504972222,-145.48171195166665,0,0,28.63954758722222,31.27895607638889
2026-04-18T19:00:00+00:00,93.15004666178721,-119.69197613944444,-130.69494846111112,0,0,22.205573713611113,23.255951247499997
2026-04-18T20:00:00+00:00,587.1114552235044,-85.70483233194444,-90.25681736555555,0,0,12.310347537777778,12.738382064444444
2026-04-18T21:00:00+00:00,4997.390758150636,0,0,0,0,10,10
2026-04-18T22:00:00+00:00,11627.32191558672,0,0,0,0,10,10
2026-04-18T23:00:00+00:00,11633.913317232289,0,0,0,0,10,10
2026-04-19T00:00:00+00:00,11251.803804236726,0,0,0,0,10,10
2026-04-19T01:00:00+00:00,7508.556135287297,0,0,0,0,10,10
2026-04-19T02:00:00+00:00,1145.5502226233168,0,0,0,0,10,10
2026-04-19T03:00:00+00:00,266.8222946686714,0,0,0,0,10,10
2026-04-19T04:00:00+00:00,194.88142690267168,0,0,0,0,10,10
2026-04-19T05:00:00+00:00,1875.742488908227,24.77994381666667,18.09937543111111,24.319014293888888,23.384718160000002,10.6321835375,10.552212876666667
2026-04-19T06:00:00+00:00,708.4624400070875,19.428677951944444,-2.6545361458333336,58.25414800833334,61.63955647,11.493600354444444,11.32136497861111
2026-04-19T07:00:00+00:00,703.7806357826488,42.64845588861111,55.915221395277776,104.28582045861111,112.49111529555556,12.925750584444444,12.436992649444443
2026-04-19T08:00:00+00:00,3497.442100292115,-23.320675070555563,-31.184322156388887,36.8192196375,43.38254270527778,11.5900039825,11.704120679166666
2026-04-19T09:00:00+00:00,3021.131215664682,-0.8980760847222222,-5.155320010833333,7.715132449444444,16.984314461944447,10.49039618,10.713269794166665
2026-04-19T10:00:00+00:00,1465.503107270557,0.5724271322222222,1.2511374802777777,1.0072374766666667,3.452577299444444,10.39419640861111,10.629743862777778
2026-04-19T11:00:00+00:00,1362.6583257954967,0.6811718311111113,-6.23507885,4.360666178611111,8.493234128333333,10.505542232222222,10.724734978333332
2026-04-19T12:00:00+00:00,379.2208845803505,0.050019177500000005,0.9667351088888889,0.533223671111111,1.0000664344444445,10.026919986388888,10.026920560555554
2026-04-19T13:00:00+00:00,1851.3551193873336,1.309423805,-2.492217235277778,3.2524767555555556,6.930694160277778,10.31057955638889,10.428377177222222
2026-04-19T14:00:00+00:00,1290.8299209332665,0,0,0,0,10,10
2026-04-19T15:00:00+00:00,5238.968159747024,0,0,0,0,10,10
2026-04-19T16:00:00+00:00,2715.876202596155,0,0,0,0,10,10
2026-04-19T17:00:00+00:00,2184.897926334626,0,0,0,0,10,10
2026-04-19T18:00:00+00:00,1330.108713824119,0,0,0,0,10,10
2026-04-19T19:00:00+00:00,3597.5343636938355,0,0,0,0,10,10
2026-04-19T20:00:00+00:00,1151.3146427661757,0,0,0,0,10,10
2026-04-19T21:00:00+00:00,1415.975505278199,0,0,0,0,10,10
2026-04-19T22:00:00+00:00,768.6054234312977,0,0,0,0,10,10
2026-04-19T23:00:00+00:00,918.6565137662386,0,0,0,0,10,10
2026-04-20T00:00:00+00:00,254.22380818780223,0,0,0,0,10,10
2026-04-20T01:00:00+00:00,1182.139154125546,0,0,0,0,10,10
2026-04-20T02:00:00+00:00,257.86620783843557,0,0,0,0,10,10
2026-04-20T03:00:00+00:00,1154.6876806581097,0,0,0,0,10,10
2026-04-20T04:00:00+00:00,242.559418616135,0,0,0,0,10,10
2026-04-20T05:00:00+00:00,1196.6819922579007,0,0,0,0,10,10
2026-04-20T06:00:00+00:00,336.1435531286316,1.485532087777778,4.7432059536111115,1.651928356111111,4.946835014722222,10,10.043853313888889
2026-04-20T07:00:00+00:00,1172.8360503444478,-1.2729122697222224,0.4981181922222235,7.6505832625,13.670240077777777,10.774613876111111,10.864251807222223
2026-04-20T08:00:00+00:00,2814.964305855776,-0.6266673111111115,-9.702172024722223,7.598572131944444,13.363541907222222,10.578833070277778,10.933324143611111
2026-04-20T09:00:00+00:00,2398.5451602849867,16.68837541583333,8.902252538611112,34.059465929999995,38.20800136027778,11,11
2026-04-20T10:00:00+00:00,263.20100039709524,-31.27945952861111,-31.483389794722225,30.6327210175,36.75693724166667,11,11
2026-04-20T11:00:00+00:00,1169.5484115656914,0.15960246250000001,0,34.26140970777778,39.68794452472222,11,11
2026-04-20T12:00:00+00:00,2331.270040763085,0,0.9518199705555555,74.33031126222222,84.45357729416666,11,11
2026-04-20T13:00:00+00:00,603.0333838752059,0,0,70.9105176725,82.07164154694443,11,11
2026-04-20T14:00:00+00:00,131.23589804697806,0,2.882223474722222,79.09457424444444,92.73962504694445,11,11
2026-04-20T15:00:00+00:00,301.3585862164939,-9.83403006111111,-4.2045792141666665,24.85306788833333,28.508691083055556,10.638083399722222,10.6380828125
2026-04-20T16:00:00+00:00,266.11317223279724,3.526191206111111,0.8953322744444444,28.485764036666666,40.694878683333336,10.889511033055555,10.957200126666665
2026-04-20T17:00:00+00:00,1261.4227614117494,-4.039930687222222,-2.4155776297222222,0.6834443791666666,1.3308287197222222,10.121591528333333,10.087243042222221
2026-04-20T18:00:00+00:00,296.92556312851696,0,0,0,0,10,10
2026-04-20T19:00:00+00:00,1184.111889693111,0,0,0,0,10,10
2026-04-20T20:00:00+00:00,549.7358288403225,0,0,0,0,10,10
2026-04-20T21:00:00+00:00,1414.9805967162308,0,0,0,0,10,10
2026-04-20T22:00:00+00:00,482.0661886000353,0,0,0,0,10,10
2026-04-20T23:00:00+00:00,1421.3716885274346,0,0,0,0,10,10
2026-04-21T00:00:00+00:00,569.3177095223252,0,0,0,0,10,10
2026-04-21T01:00:00+00:00,907.3638805546396,0,0,0,0,10,10
2026-04-21T02:00:00+00:00,1290.0088031550874,0,0,0,0,10,10
2026-04-21T03:00:00+00:00,1856.727004053597,0,0,0,0,10,10
2026-04-21T04:00:00+00:00,1195.4571454110717,8.188506495555556,6.159069220277779,11.778000648333332,11.82310031138889,10.2663445525,10.215221717222223
2026-04-21T05:00:00+00:00,802.3727182113116,2.1975538019444443,5.891078857499999,116.60500529583334,128.96837528083333,11,11
2026-04-21T06:00:00+00:00,161.9260357914689,128.18134344805557,147.27463307638888,272.5904731736111,307.5344688891667,13.489057613888889,14.327217841944444
2026-04-21T07:00:00+00:00,1755.171659207854,70.86951483166666,75.43120207388888,421.2344525086111,468.11046873833334,21.31258953277778,23.262091336388888
2026-04-21T08:00:00+00:00,254.5939011613789,264.92978278333334,281.5598118519444,542.8376773697222,587.6885252311112,28.272505455833336,30.84579962361111
2026-04-21T09:00:00+00:00,1131.951154291484,169.0087376386111,220.21741579666664,585.2539515886111,662.5668465322223,38.82395237166667,42.793153359166666
2026-04-21T10:00:00+00:00,1892.0449848118358,351.51801112166663,368.6408726572222,650.7226661077779,698.995189185,57.29416234722222,64.1763879236111
2026-04-21T11:00:00+00:00,1039.8758206974562,113.30534896833332,196.17186425611112,437.9460809972222,539.8939933438888,70.64038570416666,79.05278736944445
2026-04-21T12:00:00+00:00,954.99600185071,-37.28938396111112,150.95683175583332,209.19365682138888,518.0217820713889,66.5320614686111,85.40868248722222
2026-04-21T13:00:00+00:00,245.18812986372498,-57.68241297861112,-49.261185113055554,62.89392475472223,133.13135216083333,65.12683703833333,89.44051381166668
2026-04-21T14:00:00+00:00,1325.3972055376678,-143.14889071305555,-222.69388505555557,48.02512774194444,38.38896786583333,60.32502237166667,82.60563623527777
2026-04-21T15:00:00+00:00,1267.051166782631,-205.75390943,-261.1480382441666,34.443573182777776,39.28583961277778,44.30248367805555,65.52494567972222
2026-04-21T16:00:00+00:00,2913.997687919619,-27.876163731111102,-92.70888140833334,12.9746909175,12.539068979444444,38.84484844972222,52.02491114416667
2026-04-21T17:00:00+00:00,1237.4290036984296,-359.95372659083336,-544.8398943213889,0,0,20.97003574888889,31.219959339722223
2026-04-21T18:00:00+00:00,1472.4865940458824,0,0,0,0,10,10
2026-04-21T19:00:00+00:00,3395.520471651296,0,0,0,0,10,10
2026-04-21T20:00:00+00:00,1265.04023120842,0,0,0,0,10,10
2026-04-21T21:00:00+00:00,1143.5528232721383,0,0,0,0,10,10
2026-04-21T22:00:00+00:00,899.6680855449302,0,0,0,0,10,10
2026-04-21T23:00:00+00:00,409.27372634962256,0,0,0,0,10,10
2026-04-22T00:00:00+00:00,820.7976634293924,0,0,0,0,10,10
2026-04-22T01:00:00+00:00,676.4808828901895,0,0,0,0,10,10
2026-04-22T02:00:00+00:00,707.6412238693887,0,0,0,0,10,10
2026-04-22T03:00:00+00:00,1223.3115626228932,0,0,0,0,10,10
2026-04-22T04:00:00+00:00,1192.5925895757853,10.529013886666666,4.097824062222222,14.549284096666668,19.525076241944443,10.28717011638889,10.337707994166665
2026-04-22T05:00:00+00:00,1919.2394912085692,18.3974402875,26.196227569444442,129.91322477666668,142.22097655194443,11.12797856861111,11.12797915361111
2026-04-22T06:00:00+00:00,1601.323961286168,14.813784974444445,17.341712758055557,292.2014636422222,312.7286538027778,12.897430284444445,13.829592706944444
2026-04-22T07:00:00+00:00,9268.490718688092,90.43718402194445,89.37779228805556,438.38243382416664,459.09856440111116,14.9173491975,15.815497919166667
2026-04-22T08:00:00+00:00,9993.016524077237,221.51978798611108,225.07853529222223,559.3194703775,585.4485717227777,22.091044833888887,23.131661868611108
2026-04-22T09:00:00+00:00,2627.2518343406146,281.43103657666666,268.8816321105556,652.5426415974999,663.8968725063888,39.51027377083333,40.706390553055556
2026-04-22T10:00:00+00:00,159.99292595523164,412.9650597430555,440.93444871027776,591.3277118302777,613.9533451927778,55.122245911666674,57.55332521972222
2026-04-22T11:00:00+00:00,-89.71312899200142,485.5716039069444,417.40632496944437,672.448296805,687.9264552661111,83.74601883638888,86.36637784777777
2026-04-22T12:00:00+00:00,-371.7577805638469,34.88643853833333,14.743751086666668,273.1236426138889,619.6333905061111,99.74903655694443,99.87437324111112
2026-04-22T13:00:00+00:00,162.08322724432998,0,0,46.83160926722223,122.81413426,100,100
2026-04-22T14:00:00+00:00,254.41028654633638,-13.1264917075,-11.013418488333334,31.784383445000003,33.546395197500004,99.54118241722222,99.54118177138889
2026-04-22T15:00:00+00:00,241.96922387671307,7.372504562777778,4.686584548333333,42.43461658527778,40.06109920388889,99,99
2026-04-22T16:00:00+00:00,187.75972850111,-52.14130795638889,-56.316631351944444,11.265447150000002,5.8247528044444445,98.1075262936111,97.23830755
2026-04-22T17:00:00+00:00,526.3788229006503,-279.3965270722222,-277.20404045888887,0,0,84.88302073472222,85.31685202583333
2026-04-22T18:00:00+00:00,2602.7572079630686,-346.2134074247222,-350.9806748991667,0,0,67.33440236916667,69.01965711027778
2026-04-22T19:00:00+00:00,94.55836166997166,-181.6191031302778,-184.80588999083332,0,0,47.574486318611115,49.74470877277778
2026-04-22T20:00:00+00:00,120.91085864749694,-164.29743403777778,-169.121082245,0,0,34.934718680555555,37.444036275277774
2026-04-22T21:00:00+00:00,739.6844556407169,-197.03878132027776,-254.95887973888887,0,0,18.192573883055555,19.975232503333334
2026-04-22T22:00:00+00:00,506.73556335775385,0,0,0,0,10,10
2026-04-22T23:00:00+00:00,490.5794116096436,0,0,0,0,10,10
2026-04-23T00:00:00+00:00,528.8170867804612,0,0,0,0,10,10
2026-04-23T01:00:00+00:00,520.3901153524579,0,0,0,0,10,10
2026-04-23T02:00:00+00:00,759.5976410729314,0,0,0,0,10,10
2026-04-23T03:00:00+00:00,647.9340579629906,0,0,0,0,10,10
2026-04-23T04:00:00+00:00,510.29871344273255,7.645185618055556,4.237120838611111,12.507770116944444,13.09889031361111,10.284100760277779,10.223819163888889
2026-04-23T05:00:00+00:00,462.17090533504165,21.805008019166667,28.893560506666663,117.93226290166668,142.84193244222223,11.2082801825,11.29381885138889
2026-04-23T06:00:00+00:00,748.7430618585286,51.006573402777775,60.91140663861111,269.3753832997222,291.85763229416665,12.995611061388887,13.705352483888888
2026-04-23T07:00:00+00:00,2291.265933780499,65.87331652944444,77.78840555444445,284.06061975,323.4703245463889,16.765054121944445,18.236029213055556
2026-04-23T08:00:00+00:00,3091.3651210600497,3.1621168958333334,0.3863619208333333,360.65661348944445,385.4239450936111,18,20
2026-04-23T09:00:00+00:00,195.75157669682804,10.323549984722222,4.923580014166666,182.13318348722223,198.88147234055555,18,20
2026-04-23T10:00:00+00:00,786.2403053150033,151.74159526333332,213.70910528333334,485.20410989055557,601.3117380991667,21.939379774722223,25.7096003275
2026-04-23T11:00:00+00:00,1722.9227987546612,355.3268110594444,332.25540450305556,621.9878731025,650.249194746389,37.59094954972222,43.2086849875
2026-04-23T12:00:00+00:00,997.3610325971332,45.614177829999996,198.10205305027776,273.5898185208333,598.1717548938889,48.758588314722225,56.49975245722222
2026-04-23T13:00:00+00:00,234.56393085618365,-33.32560366444444,-35.51801167638889,41.628197775555556,103.3140918925,46.40872635666667,62.532259490277774
2026-04-23T14:00:00+00:00,225.37369504538665,19.76467802638889,-74.18159718416668,44.177846511666665,29.23586393222222,46.25074988694445,58.35698959583333
2026-04-23T15:00:00+00:00,398.3038489862895,-13.851978457777777,-60.79260111527778,34.31040217666666,23.279224679444443,46.02368207305556,53.74948011777778
2026-04-23T16:00:00+00:00,2177.2361731711526,3.5504887605555564,-80.62881637527776,11.50180341861111,12.492451214444444,46,49.66349684
2026-04-23T17:00:00+00:00,683.64013059318,-430.65747987166657,-377.52406139944446,0,0,26.49268905472222,33.606689000277775
2026-04-23T18:00:00+00:00,944.584969481232,-97.15526146416666,-170.8104057686111,0,0,11.948152669444445,14.396373065833332
2026-04-23T19:00:00+00:00,3173.3114124292883,0,0,0,0,10,10
2026-04-23T20:00:00+00:00,1213.3925383709113,0,0,0,0,10,10
2026-04-23T21:00:00+00:00,1542.5615117298605,0,0,0,0,10,10
2026-04-23T22:00:00+00:00,239.03532759447862,0,0,0,0,10,10
2026-04-23T23:00:00+00:00,1132.583952212379,0,0,0,0,10,10
2026-04-24T00:00:00+00:00,813.4053360707056,0,0,0,0,10,10
2026-04-24T01:00:00+00:00,660.0111574570305,0,0,0,0,10,10
2026-04-24T02:00:00+00:00,629.2824054195418,0,0,0,0,10,10
2026-04-24T03:00:00+00:00,938.2212437483978,0,0,0,0,10,10
2026-04-24T04:00:00+00:00,2056.3607426305825,0,0,0,0,10,10
2026-04-24T05:00:00+00:00,179.74248022237194,17.132338005555557,3.910286267777778,23.84672490583333,24.154696935833332,10.377703093888888,10.463266886666666
2026-04-24T06:00:00+00:00,565.6357207920033,0,0,61.44872990416667,70.42267649583333,11,11
2026-04-24T07:00:00+00:00,881.3190832320433,0,0,63.774322679166666,73.52385292333334,11,11
2026-04-24T08:00:00+00:00,1308.1997236871653,0,0,96.81714150833334,114.76727955055556,11,11
2026-04-24T09:00:00+00:00,2078.3982771345795,0,0.7581576755555556,124.26465868138888,149.952146945,11,11
2026-04-24T10:00:00+00:00,267.16707187475635,56.45585892583333,90.51567657583333,191.94574468027778,240.27756634444447,11.807481906388889,12.247954952777777
2026-04-24T11:00:00+00:00,163.51854572129614,231.09736064,298.8287292891667,285.5842059875,422.40077873638893,18.899988368888888,23.056702536666666
2026-04-24T12:00:00+00:00,125.95906695608805,110.16998896777778,352.0825926511111,191.48701426805556,509.65916736916665,29.334208681666667,43.52895591527778
2026-04-24T13:00:00+00:00,198.6005729450767,27.696578107222223,9.77103138194444,57.77215665944444,127.97785107194444,31.967884283055554,54.44414239333333
2026-04-24T14:00:00+00:00,344.247307527935,-9.864251474166663,-53.004584864444446,66.03794986749999,60.885264668611114,32.48213402722222,51.310112231666665
2026-04-24T15:00:00+00:00,2035.8483144707252,-68.26131515666668,-94.91760373000001,47.16438535388889,52.234680043888886,28.26943647138889,45.52366139
2026-04-24T16:00:00+00:00,159.96051712177888,42.60632775777778,0,42.60632294,42.4250203275,28.072860961111115,43
2026-04-24T17:00:00+00:00,131.92696692563,18.144474049166664,-69.48213653972222,16.282466031666665,8.451517725,29.606033780833332,41.738315543055556
2026-04-24T18:00:00+00:00,110.44388561176417,0,-99.12430131388889,0,0,30,35.74136049861111
2026-04-24T19:00:00+00:00,591.0362039311125,-230.5094785452778,-301.4522815997222,0,0,19.87545162861111,21.971521749999997
2026-04-24T20:00:00+00:00,771.1499258056209,0,0,0,0,10,10
2026-04-24T21:00:00+00:00,1417.8581229470783,0,0,0,0,10,10
2026-04-24T22:00:00+00:00,633.8704327845193,0,0,0,0,10,10
2026-04-24T23:00:00+00:00,2408.0990553087518,0,0,0,0,10,10
2026-04-25T00:00:00+00:00,544.2265606538273,0,0,0,0,10,10
2026-04-25T01:00:00+00:00,824.3675298693994,0,0,0,0,10,10
2026-04-25T02:00:00+00:00,531.3677695487789,0,0,0,0,10,10
2026-04-25T03:00:00+00:00,802.097445256862,0,0,0,0,10,10
2026-04-25T04:00:00+00:00,560.3671848793173,0.06771588944444444,0.8507011541666666,0.18790670444444446,1.1468278502777778,10,10
2026-04-25T05:00:00+00:00,682.4295553857263,16.132703367222224,9.668452250277777,44.51474863833334,55.96085629611111,10.9254737775,10.959370458333334
2026-04-25T06:00:00+00:00,495.7589122608286,39.76709978694444,27.529358429722222,117.85916675666665,138.5260073888889,11.469338769444443,11.381792384444445
2026-04-25T07:00:00+00:00,430.3436719993917,85.15912918055555,65.54021759583334,178.4281783716667,127.00439516055555,15.457114300277778,14.991914764166667
2026-04-25T08:00:00+00:00,363.69903875490996,299.7403936686111,304.74025832055554,469.76437675305556,482.6957838977778,24.22923701888889,23.693191582222223
2026-04-25T09:00:00+00:00,145.05151800793027,348.7048948530555,304.04865311027777,401.27561036444445,348.5162253236111,45.90930004388889,45.55444115722222
2026-04-25T10:00:00+00:00,2408.730178912518,274.5617949697222,230.3455990138889,608.4765058380555,555.9276026747223,59.43658810694444,57.10409270805555
2026-04-25T11:00:00+00:00,279.8278591028564,389.4616035827778,394.11473522888895,633.3566954538888,589.4653181802778,78.62790203166666,74.00449305666667
2026-04-25T12:00:00+00:00,1093.3832418651361,-55.2673707625,59.48095861972222,257.0744452797222,585.9831368824999,96.65318153916667,87.77713135194445
2026-04-25T13:00:00+00:00,238.541472898225,-20.26582258361111,37.60605491361111,40.191622046388886,122.06238701527776,91.47148602527778,97.77863894277777
2026-04-25T14:00:00+00:00,195.56059607495,-28.43836299138889,-40.862485202777776,37.34075433666667,38.3491913875,90.90325206666667,98.5967647275
2026-04-25T15:00:00+00:00,6885.653399130987,-5.390534537222223,-139.71656824694443,41.96609812305555,32.86044705888889,88.09333785444444,93.89351609305555
2026-04-25T16:00:00+00:00,11656.739623381172,-260.70452044694446,-288.1482569036111,2.424839228333333,2.2322379941666664,80.1400524011111,79.4291769838889
2026-04-25T17:00:00+00:00,11103.455442020198,-252.35019126055556,-243.2630193775,0,0,61.4170661988889,62.33501667805555
2026-04-25T18:00:00+00:00,2525.1721432141344,-172.50999450055554,-171.38248922194444,0,0,46.61948263083334,48.90739143388888
2026-04-25T19:00:00+00:00,1924.5772826332616,-328.88381625722224,-347.44743390361106,0,0,31.350497531111113,34.28843049111111
2026-04-25T20:00:00+00:00,600.9472818940588,-105.91356323416666,-127.09370149416668,0,0,12.968100643888889,14.1969936825
2026-04-25T21:00:00+00:00,1050.9137323563252,0,0,0,0,10,10
2026-04-25T22:00:00+00:00,739.4935005992658,0,0,0,0,10,10
2026-04-25T23:00:00+00:00,848.9839465336836,0,0,0,0,10,10
2026-04-26T00:00:00+00:00,493.41175093086866,0,0,0,0,10,10
2026-04-26T01:00:00+00:00,1048.7357154385957,0,0,0,0,10,10
2026-04-26T02:00:00+00:00,758.6270279643555,0,0,0,0,10,10
2026-04-26T03:00:00+00:00,477.4486099977112,0,0,0,0,10,10
2026-04-26T04:00:00+00:00,640.1517305279361,8.405951212222222,6.614172446944445,18.01778214388889,19.523475550833332,10.300745629722222,10.283797812777777
2026-04-26T05:00:00+00:00,346.30578816726694,35.745028805,41.21860272027778,133.44526290805555,148.3681303336111,11.257870449444445,11.377548249722222
2026-04-26T06:00:00+00:00,345.2820996512892,133.19110325444444,177.08145636749998,237.75361844333335,293.2595597847222,16.0413533375,17.412746996666666
2026-04-26T07:00:00+00:00,1534.1394165313188,273.8858946113889,285.8072608441667,380.3732071683333,465.7487890822222,30.05283080194444,32.11204785861111
2026-04-26T08:00:00+00:00,1402.5629743602547,138.00572654666666,206.81297628444443,445.0844430133333,534.662608755,41.39685814805556,44.92760241055555
2026-04-26T09:00:00+00:00,290.8335288033406,386.3136181908333,413.4468379986111,584.2152229338889,654.1952310658334,55.97150040694444,61.738498146388885
2026-04-26T10:00:00+00:00,2498.3767309891687,322.7315855008333,346.0032217027778,655.2978716858333,688.8932196263889,79.04749876833334,86.01398783111112
2026-04-26T11:00:00+00:00,60.28704440347724,198.97163813555554,95.78800091722222,676.5519526302777,694.6559031452779,94.03076823777776,97.6725559125
2026-04-26T12:00:00+00:00,1427.9761920370704,-21.48127793861111,0,297.14158112,626.6161301155556,99.86373415944445,100
2026-04-26T13:00:00+00:00,13164.160764031918,0.9518597797222211,-116.77952452666666,36.756743684444444,97.75706284583333,98.46205648249999,98.10758755944444
2026-04-26T14:00:00+00:00,12070.044117234227,-33.64720565638889,-7.220393147500001,29.314124918611114,25.26569441527778,96.2648210013889,91.39079133027776
2026-04-26T15:00:00+00:00,11414.01976481169,-46.074413739444445,-45.66444513833333,25.925137124444444,24.759832868333334,91.61708969972221,90.87681517722223
2026-04-26T16:00:00+00:00,6258.447540919683,22.339049120555558,16.555210607499998,25.20533933277778,28.435307421111116,90,88.57240509666667
2026-04-26T17:00:00+00:00,218.3725120361989,-100.35536165277777,-125.47224510694444,0.5344710444444444,0,87.54447797055555,83.45196523527778
2026-04-26T18:00:00+00:00,2277.1643896644377,-363.92476478055556,-365.4212576336111,0,0,72.39452810861111,69.86787304222223
2026-04-26T19:00:00+00:00,263.8521667479575,-211.79541658444444,-206.79143543277777,0,0,51.491751664166664,50.72826087888888
2026-04-26T20:00:00+00:00,465.9314111763122,-293.6967221463889,-302.5307958902778,0,0,33.920476084444445,34.44534479972222
2026-04-26T21:00:00+00:00,350.8246733010413,-166.07628968472224,-175.9128463575,0,0,17.844072692222223,17.839540831111112
2026-04-26T22:00:00+00:00,462.5293409692008,-36.46704671861111,-8.178299996388889,0,0,10.450208549722221,10.129144966944445
2026-04-26T23:00:00+00:00,725.0012311486179,0,0,0,0,10,10
2026-04-27T00:00:00+00:00,479.886311702265,0,0,0,0,10,10
2026-04-27T01:00:00+00:00,713.9367200265033,0,0,0,0,10,10
2026-04-27T02:00:00+00:00,701.4961586334271,0,0,0,0,10,10
2026-04-27T03:00:00+00:00,475.8187976892188,0,0,0,0,10,10
2026-04-27T04:00:00+00:00,2243.942816128694,15.672735359166666,5.564483753888889,21.68539613527778,22.50656736472222,10.412550753333333,10.430710825833334
2026-04-27T05:00:00+00:00,330.9097292478739,50.14930038888889,47.40105939944444,119.93143162722224,132.39334202166665,12.297777463611112,11.9391919425
2026-04-27T06:00:00+00:00,1629.1394513340158,6.037165355833333,8.152603406666667,306.44562334444447,317.11533740194443,14,13.971823461388889
2026-04-27T07:00:00+00:00,1711.1202419447634,134.92208380222223,138.13775999944446,451.35760163888887,462.8087332419445,18.365557209444443,18.73573433888889
2026-04-27T08:00:00+00:00,2732.123309478493,10.741091308333333,6.709521146666667,566.8151562522222,575.4684954930556,21.81456286027778,22
2026-04-27T09:00:00+00:00,301.8303573576533,395.0570795644444,396.808948375,621.8559348430555,633.9185296522222,31.1779659325,31.62713917666667
2026-04-27T10:00:00+00:00,105.1648578556589,464.85420846722224,478.18589120666667,651.9945791072222,670.8794084422221,57.31908538166667,58.747936511666666
2026-04-27T11:00:00+00:00,661.5303688448499,21.693539170833336,25.41926484861111,610.0898208152778,634.5202126630555,70.9415384975,72.92487537027777
2026-04-27T12:00:00+00:00,199.8991413797389,26.43001366555556,113.64595079666667,312.9377012672222,447.2302913302778,71.55986881027778,75.29706373
2026-04-27T13:00:00+00:00,80.4254464226275,5.982423756111111,38.69064680666667,171.1922667038889,225.7164650102778,72,80.51864213111111
2026-04-27T14:00:00+00:00,79.13007390688416,8.191923696666667,9.813037443333334,134.27800527472223,156.3966421161111,72.72292985472222,81.7229304525
2026-04-27T15:00:00+00:00,648.1447890503822,-81.80440500916666,-84.703790175,81.56974726666667,95.49663297777778,71.40894076861112,80.86346222194445
2026-04-27T16:00:00+00:00,766.4090389053599,-160.31110046444445,-138.83808929666665,31.29062699638889,36.76967544861112,60.36372133583333,71.14359196638888
2026-04-27T17:00:00+00:00,380.0984429233372,-253.70888546,-291.2640705238889,1.687150546388889,6.927929913055556,51.68489997694444,61.85397858777778
2026-04-27T18:00:00+00:00,2269.0059756081823,-365.6881045547222,-374.29378820833335,0,0,28.990447941111114,38.303468018333334
2026-04-27T19:00:00+00:00,566.0576382752325,-58.587941865000005,-187.95682722305557,0,0,11.272449269166666,14.056997841666666
2026-04-27T20:00:00+00:00,1063.8094720118222,0,0,0,0,10,10
2026-04-27T21:00:00+00:00,536.4888267827149,0,0,0,0,10,10
2026-04-27T22:00:00+00:00,464.1882278574201,0,0,0,0,10,10
2026-04-27T23:00:00+00:00,441.3099490887042,0,0,0,0,10,10
2026-04-28T00:00:00+00:00,399.5507731655645,0,0,0,0,10,10
2026-04-28T01:00:00+00:00,619.947939249572,0,0,0,0,10,10
2026-04-28T02:00:00+00:00,1786.9502290035034,0,0,0,0,10,10
2026-04-28T03:00:00+00:00,1169.0684201541465,0,0,0,0,10,10
2026-04-28T04:00:00+00:00,778.7404528041739,8.898707845,6.131955939166666,23.385934759444442,24.469839637499998,10.432099083333334,10.382090625833333
2026-04-28T05:00:00+00:00,522.901158960152,38.95217410666667,39.11112909861111,130.59451522527777,141.90459637527778,11.49697087138889,11.278073068333333
2026-04-28T06:00:00+00:00,1737.0784535735484,128.7983720511111,141.3775817638889,301.93511443777777,321.3327365419445,16.217425423055555,16.720210995277778
2026-04-28T07:00:00+00:00,1159.3661254216463,85.41431434777779,92.78226448361112,472.0026697786111,489.90204355916666,21.388244614444446,22.40493751861111
2026-04-28T08:00:00+00:00,326.2062230893511,284.5995027691667,294.6119563711111,582.0077543697222,603.9192998127778,34.458071680555555,36.21633811444445
2026-04-28T09:00:00+00:00,340.975774970975,336.1974167927778,356.4581410927778,648.6355769586112,684.7120663763889,46.89877523916667,49.58421597222222
2026-04-28T10:00:00+00:00,71.57270080999972,494.44815276027776,496.6234099063889,691.3748812791667,710.1398422644444,73.29396013166667,76.88941782222223
2026-04-28T11:00:00+00:00,1137.1830723460014,184.5096245372222,75.05147224666666,677.4034506425,698.6302969591667,95.79773775722221,98.41459620972222
2026-04-28T12:00:00+00:00,139.22545367852499,-35.18379841861111,0,329.7727555047222,631.970851448611,99.85638710611111,100
2026-04-28T13:00:00+00:00,223.72429619475028,-21.710941130555554,-27.08793658777778,38.365466017500005,129.464740735,97.17081390777777,99.05193527805555
2026-04-28T14:00:00+00:00,348.28996722610253,-8.272651057777779,-37.29598145555556,44.1315365275,50.52246504638888,95.98403014388889,97.9013995711111
2026-04-28T15:00:00+00:00,289.5316748148558,-55.86479498055555,-50.94873114194444,26.504236909444444,25.684730413888886,92.99559316166666,94.04619329
2026-04-28T16:00:00+00:00,236.6641902122636,-4.732374797777778,-38.162322732499995,16.627328795555556,14.56448819861111,90.54394928333333,90.75025588333334
2026-04-28T17:00:00+00:00,189.91380340051,-103.69664730277778,-88.59566491694444,0.6366450727777778,1.4700814361111112,87.6775912425,87.93708755611111
2026-04-28T18:00:00+00:00,2721.7629047236587,-484.60129030611114,-482.16887846944445,0,0,65.6681499225,67.28779281583333
2026-04-28T19:00:00+00:00,1755.6119846462482,-391.85366847388894,-386.1044027219445,0,0,38.71640560666667,40.902709440833334
2026-04-28T20:00:00+00:00,511.54659910133023,-145.56071712888888,-246.34816586694444,0,0,14.662868410833333,16.828024678055556
2026-04-28T21:00:00+00:00,1380.6610196670063,0,0,0,0,10,10
2026-04-28T22:00:00+00:00,1444.9015597321177,0,0,0,0,10,10
2026-04-28T23:00:00+00:00,380.7004281402728,0,0,0,0,10,10
2026-04-29T00:00:00+00:00,581.9999355493214,0,0,0,0,10,10
2026-04-29T01:00:00+00:00,863.6288253926919,0,0,0,0,10,10
2026-04-29T02:00:00+00:00,547.7603452177733,0,0,0,0,10,10
2026-04-29T03:00:00+00:00,774.4691716283402,0,0,0,0,10,10
2026-04-29T04:00:00+00:00,455.6755375168325,3.580940622777778,6.6943972616666665,26.066020615555555,28.95261708472222,10.497640650555555,10.46430149111111
2026-04-29T05:00:00+00:00,504.39196523331947,41.81259147694444,33.33213869888889,133.98387737222222,160.47359527444445,11.333071731666665,11.334853104722223
2026-04-29T06:00:00+00:00,1044.715486290419,128.1069684636111,144.52203800555557,303.98111007277777,324.8663625266667,16.10708010138889,16.613754706944444
2026-04-29T07:00:00+00:00,3793.418219728343,148.75012331555556,148.4720895463889,464.91892758277777,488.0013477336111,22.48114743972222,24.103442290833332
2026-04-29T08:00:00+00:00,1008.8922525701723,122.99058918611111,118.26921611250002,585.3523481238889,605.9859816477777,32.889315260277776,34.931974481944444
2026-04-29T09:00:00+00:00,376.5648100235422,316.85234089833335,317.8848486233333,657.9672166316667,673.8399809927778,40.088607715277774,42.2587191425
2026-04-29T10:00:00+00:00,49.162055851550555,474.65007544777774,486.29356620166664,688.4172409886111,705.0683806808333,64.9956402625,67.88763294416667
2026-04-29T11:00:00+00:00,-222.0505078078011,284.57251035055555,297.9579971147222,676.2934180811111,693.9637746230555,91.31935347111111,93.31436710666667
2026-04-29T12:00:00+00:00,131.75425851609222,-35.01012227611111,0,318.863857005,629.48675394,99.72970251527778,100
2026-04-29T13:00:00+00:00,216.6499559166475,29.22554887472222,-41.035991975277774,32.74256063166667,108.55446280666666,98,98.73410152583334
2026-04-29T14:00:00+00:00,672.9794711158476,29.673234331388887,23.006993912499997,32.72198641,30.17821381611111,98.07902652472222,97
2026-04-29T15:00:00+00:00,959.6975953603109,-62.13918255111111,-106.0531228425,35.14556411694445,31.534933474444443,98.40948609944445,96.47621563777778
2026-04-29T16:00:00+00:00,433.79037075374504,-37.97954240416667,-27.070797120833333,7.349192499166667,8.340500293611113,94.65376730000001,89.91895780333334
2026-04-29T17:00:00+00:00,1982.9792495919876,-432.59845240361113,-427.71345250444443,0,0,79.1647013113889,76.74739657916668
2026-04-29T18:00:00+00:00,259.1694376338608,-244.99943419333331,-245.52345476916665,0,0,56.45114746722222,55.84035252777778
2026-04-29T19:00:00+00:00,162.5718928324242,-185.96719742555555,-184.1520897786111,0,0,40.207581815,40.71055481416666
2026-04-29T20:00:00+00:00,653.2686537001658,-292.7347289238889,-286.1161396086111,0,0,19.20088218777778,20.285036986111113
2026-04-29T21:00:00+00:00,639.5729141649491,0,0,0,0,10,10
2026-04-29T22:00:00+00:00,1586.286919811109,0,0,0,0,10,10
2026-04-29T23:00:00+00:00,821.4754165240503,0,0,0,0,10,10
2026-04-30T00:00:00+00:00,504.45784638588634,0,0,0,0,10,10
2026-04-30T01:00:00+00:00,1117.2124109647234,0,0,0,0,10,10
2026-04-30T02:00:00+00:00,1983.7685421948825,0,0,0,0,10,10
2026-04-30T03:00:00+00:00,1434.0747229133492,0,0,0,0,10,10
2026-04-30T04:00:00+00:00,1172.9344588880842,5.770156848888889,5.311439046666666,26.12633246,28.51135665138889,10.436528823055555,10.487634367777778
2026-04-30T05:00:00+00:00,295.49983603171194,35.10640436638889,43.42353052166666,140.57015570666667,154.71194512194444,11.197638093333333,11.420261547222223
2026-04-30T06:00:00+00:00,106.78126046408778,130.87342340333333,156.1992568588889,284.6953912916667,321.73637682055556,15.681411071944444,17.104203273333333
2026-04-30T07:00:00+00:00,273.0541745362164,226.98069905166668,221.02524908444445,452.5707361486111,470.01502528,25.35405843222222,27.38747042583333
2026-04-30T08:00:00+00:00,161.7552332315428,378.2276175547222,380.23370406444445,568.3630493563888,582.8878483652778,42.02881000777778,44.34862494638889
2026-04-30T09:00:00+00:00,1673.4828137998772,175.57818299666667,210.4190368186111,562.0378359375001,653.9902245127778,59.096638694444444,63.28380012444444
2026-04-30T10:00:00+00:00,2288.0154588748296,115.62974179805555,50.96765808555556,662.0767827613889,676.1156552572222,64.52171305888889,68.56245124888889
2026-04-30T11:00:00+00:00,560.4852299512743,429.3753569413889,400.0579135588889,651.6942362816667,672.1642505327778,81.05000174027778,82.50338925083334
2026-04-30T12:00:00+00:00,-265.00798962774087,9.815702902777774,11.569892155833331,300.2023378363889,596.2008815369444,99.51883340027779,99.90316500444443
2026-04-30T13:00:00+00:00,346.49120693206333,-104.14800074083333,-104.14254133027777,39.03032532416667,125.0924427438889,96.27098836472221,97.69216436416667
2026-04-30T14:00:00+00:00,1758.578388650635,22.298280238055558,-67.08961745138889,33.84163315027778,30.17806128222222,92,89.39154232444444
2026-04-30T15:00:00+00:00,233.21774460025082,-7.409292537499998,-12.47734481472222,33.00571771277777,31.677848369166668,91.5701423138889,88.45429741972221
2026-04-30T16:00:00+00:00,450.3841513249167,-10.378389025833334,12.135771710555554,10.963226383055556,16.102492443611112,90.92085593694445,87.45555167583332
2026-04-30T17:00:00+00:00,223.21893839553832,-274.0238385408333,-254.80470747027778,0,0,81.31064520416668,80.04936400277778
2026-04-30T18:00:00+00:00,1051.0078179589525,-277.0803924702778,-276.0010459797222,0,0,64.25080321305556,64.40538960194444
2026-04-30T19:00:00+00:00,1848.8140846876397,-254.3331994311111,-261.64689444361113,0,0,41.35767596361111,42.60202540388889
2026-04-30T20:00:00+00:00,540.8655181949923,-308.1328397872222,-319.80024760777775,0,0,24.61098307583333,25.541669635277774
2026-04-30T21:00:00+00:00,378.9428256099475,-84.51126161944444,-69.22047203722222,0,0,11.1350855925,11.082830465277778
2026-04-30T22:00:00+00:00,759.2420621751813,0,0,0,0,10,10
2026-04-30T23:00:00+00:00,866.4670122669096,0,0,0,0,10,10
2026-05-01T00:00:00+00:00,595.9257064181278,0,0,0,0,10,10
2026-05-01T01:00:00+00:00,686.1735541508342,0,0,0,0,10,10
2026-05-01T02:00:00+00:00,731.1823868097481,0,0,0,0,10,10
2026-05-01T03:00:00+00:00,482.44539924991665,0,0,0,0,10,10
2026-05-01T04:00:00+00:00,676.0031444231458,8.902322728055557,6.320554921388889,25.013808445555554,25.225700308611113,10.391789294444445,10.408465975833334
2026-05-01T05:00:00+00:00,290.16776801551754,27.39711165527778,30.632236530833335,99.776556255,123.30246365833334,11.346372476666666,11.246359501388888
2026-05-01T06:00:00+00:00,425.1896492739981,131.04153024972223,137.54530613527777,292.4544854363889,317.26954575055555,15.791973931666668,15.995297954444444
2026-05-01T07:00:00+00:00,70.01400614267668,232.21696702777777,263.3320935738889,306.1267324163889,435.0925879744445,26.33476634,27.57649120611111
2026-05-01T08:00:00+00:00,1324.6305594909402,197.1142427525,234.29389425611112,386.02105719972224,552.0967112369445,38.36250363222222,42.43514710555556
2026-05-01T09:00:00+00:00,232.42458088585389,288.0795417844444,291.7704902238889,349.4514064416667,447.1905436688889,47.73295426277778,54.5424206775
2026-05-01T10:00:00+00:00,1268.6184830736258,383.2217388902778,363.53357598694447,595.9881223611111,632.9604423877778,67.50324274138889,75.20105659027777
2026-05-01T11:00:00+00:00,-265.1640970878489,390.3401531602778,233.29208968499998,651.0327853347222,665.6381555547222,91.18987486444445,95.65114387805556
2026-05-01T12:00:00+00:00,-587.3421362435917,0,0,294.0816949519445,597.8228818572222,100,100
2026-05-01T13:00:00+00:00,57.29318020168362,0,-2.2126971652777776,39.074970650000004,112.30855510805556,100,100
2026-05-01T14:00:00+00:00,131.88705441271472,-4.46678703,6.997714487222222,34.84461631638889,32.275695614722224,100,99.52709659416666
2026-05-01T15:00:00+00:00,160.4190341896436,14.878626741944444,18.483653810277776,30.543566548055555,29.33835881138889,99.2354273575,99
2026-05-01T16:00:00+00:00,157.36570649720667,4.166154843055556,-18.76896783638889,7.1130802752777775,4.083537795833333,99,98.93876290277778
2026-05-01T17:00:00+00:00,772.8715400561168,-236.47479094694447,-231.07662218444446,0,0,93.5637045911111,92.36078606166666
2026-05-01T18:00:00+00:00,1327.2917809177043,-253.37806916333332,-245.43459430055555,0,0,76.19344813222222,75.68544257777778
2026-05-01T19:00:00+00:00,1276.9453387545502,-197.40528274861109,-221.29154321500002,0,0,60.90002621055555,60.7581417225
2026-05-01T20:00:00+00:00,113.34672766308222,-206.04582703305553,-210.68160195527776,0,0,46.55755733638889,47.14546673444445
2026-05-01T21:00:00+00:00,80.18454507421944,-164.77138011222223,-179.44232573111108,0,0,33.28433724972222,34.21270372972222
2026-05-01T22:00:00+00:00,299.487080176843,-201.05780792555552,-203.53056832916664,0,0,22.70819583722222,23.62372360472222
2026-05-01T23:00:00+00:00,448.8196504069847,-49.37539221916666,-65.38311776277779,0,0,10.930549952222222,11.083485239444444
2026-05-02T00:00:00+00:00,1275.3038261762815,0,0,0,0,10,10
2026-05-02T01:00:00+00:00,492.30855178605,0,0,0,0,10,10
2026-05-02T02:00:00+00:00,565.7713143505953,0,0,0,0,10,10
2026-05-02T03:00:00+00:00,1480.6448108995182,0,0,0,0,10,10
2026-05-02T04:00:00+00:00,908.5559532270787,8.481661248611111,5.306975906388889,25.10713961722222,27.518824578333334,10.453451505,10.453452262499999
2026-05-02T05:00:00+00:00,551.7945690742703,12.728786250277778,17.36058530333333,138.0859145911111,159.7782699075,11,11.169535556666666
2026-05-02T06:00:00+00:00,82.3458002065714,144.48465066694445,160.34007635027777,235.36668403111113,259.3000183361111,15.273916686388889,15.400455875277778
2026-05-02T07:00:00+00:00,167.86014674142334,149.58578319611112,152.37390035083334,190.80378749472223,159.45196668055556,24.167859472777778,24.21904245944444
2026-05-02T08:00:00+00:00,2684.3260803962867,140.99881917166667,104.7187667275,440.85812302722223,350.16144914,32.81012044027778,32.264859683055555
2026-05-02T09:00:00+00:00,1473.4718322402039,270.0107792588889,220.57424091222222,631.0250452086111,515.3867926644444,42.73701626444444,39.576841905833334
2026-05-02T10:00:00+00:00,163.94376902402806,320.10572954444444,200.11318371472223,524.9455920713889,297.35878227666666,59.744913331944446,53.83608836583333
2026-05-02T11:00:00+00:00,357.627969067298,308.94428135,310.8126277388889,614.9182278100001,473.66794111444443,77.26022647472222,65.16227790138889
2026-05-02T12:00:00+00:00,276.64797682779084,89.61407723472223,340.2018256880555,275.3802664563889,587.9647886977777,89.5047759338889,84.54466104416667
2026-05-02T13:00:00+00:00,199.87554795806275,-0.8979783069444456,18.66042213333333,29.41379213361111,103.69418099111111,89.36238980055555,93.55834617277777
2026-05-02T14:00:00+00:00,300.3761595985467,30.81505065277778,24.150283623888885,32.93580018111111,30.88336896333333,89.9453925538889,93
2026-05-02T15:00:00+00:00,260.62226714878835,28.968793511388892,24.45926387,33.98747779111111,29.85214166111111,90.47511562416666,93.39065161333333
2026-05-02T16:00:00+00:00,220.36245528092752,-41.88184908611111,-19.194733270555556,4.595965696944444,4.9631979225,90.37158638083334,93.85849752777779
2026-05-02T17:00:00+00:00,1236.8274678413068,-195.0993334227778,-200.40216681416666,0,0,82.66445485666667,87.23152974555556
2026-05-02T18:00:00+00:00,1836.7580780278465,-680.1285078455556,-730.9649729063889,0,0,52.616128696666664,56.68323735861111
2026-05-02T19:00:00+00:00,594.5118825881517,-290.2394223316667,-341.56454425,0,0,14.079522826388889,14.86829347138889
2026-05-02T20:00:00+00:00,2008.9398552648834,0,0,0,0,10,10
2026-05-02T21:00:00+00:00,736.7891986550661,0,0,0,0,10,10
2026-05-02T22:00:00+00:00,784.0087375415642,0,0,0,0,10,10
2026-05-02T23:00:00+00:00,1048.7465916338645,0,0,0,0,10,10
2026-05-03T00:00:00+00:00,1122.532291193818,0,0,0,0,10,10
2026-05-03T01:00:00+00:00,1903.802912595024,0,0,0,0,10,10
2026-05-03T02:00:00+00:00,2010.7003730439103,0,0,0,0,10,10
2026-05-03T03:00:00+00:00,2064.860397257176,0,0,0,0,10,10
2026-05-03T04:00:00+00:00,1414.0897199126075,10.804683140555555,4.668248223611111,23.83616066861111,30.148353059444446,10.549554031388888,10.583142775833332
2026-05-03T05:00:00+00:00,53.918759932223885,30.715953669444445,36.30751673777778,121.72118595583333,142.02251931805554,11.392998874999998,11.40966161888889
2026-05-03T06:00:00+00:00,37.85654017882111,141.68586403527777,139.0842926236111,287.90584183916667,299.57085481444443,17.14813371027778,17.420086929444444
2026-05-03T07:00:00+00:00,1701.6508482263243,177.43168160416667,208.87875590916667,363.5538558875,410.24625432500005,27.587611347777777,28.203408346388887
2026-05-03T08:00:00+00:00,230.22382415997697,216.1126495597222,287.77460654416666,279.4719642741667,449.3381915425,37.212808402777775,40.232877163888894
2026-05-03T09:00:00+00:00,193.05669929066616,425.39425266722225,394.2430441869444,607.0398246149999,616.8200919547222,56.604654401111105,60.38895236305555
2026-05-03T10:00:00+00:00,657.5992861037241,310.6732003166667,273.8468815711111,608.0098387883334,628.5344060236112,75.11491107472223,78.52000963972223
2026-05-03T11:00:00+00:00,928.3775275116504,237.77489668833334,187.03902537861111,498.2519390413889,516.3384508447223,90.47929495,91.64187230527779
2026-05-03T12:00:00+00:00,3158.6728282420513,-7.863690685277775,0,261.5010681288889,532.3420961908333,98.91984228305556,100
2026-05-03T13:00:00+00:00,1360.6999580788954,-118.47620570666668,0,77.72727185194445,168.12985046055556,93.44682818777778,100
2026-05-03T14:00:00+00:00,426.1025905330036,-23.515572690833334,0,93.76114867972223,136.8943026297222,89.99901918277777,100
2026-05-03T15:00:00+00:00,1795.9786690880492,-86.99741749833333,-156.45038706166665,54.796535471111106,70.93351546555556,87.62390878500001,97.75989055333334
2026-05-03T16:00:00+00:00,1308.5105048054872,-183.18952949138887,-246.75822340000002,32.88119026305555,39.62623160027778,76.2735526875,81.83668797527777
2026-05-03T17:00:00+00:00,1047.5619464680128,-218.83530295166665,-243.61874355305557,7.544411231388889,4.818871663333334,67.14732505722223,67.11203321777778
2026-05-03T18:00:00+00:00,1267.9143784933456,-317.01179342583333,-350.40206993500004,0,0,45.662678792777776,47.56876097944445
2026-05-03T19:00:00+00:00,268.2292888164234,-305.97194593194445,-339.97235552361116,0,0,24.18067723527778,24.99634891222222
2026-05-03T20:00:00+00:00,354.37896842621143,-95.26835237972222,-97.20855326249999,0,0,11.322704368055556,11.37832478388889
2026-05-03T21:00:00+00:00,549.5128163243555,0,0,0,0,10,10
2026-05-03T22:00:00+00:00,478.8635441720339,0,0,0,0,10,10
2026-05-03T23:00:00+00:00,596.8141422920395,0,0,0,0,10,10
2026-05-04T00:00:00+00:00,296.5849957003167,0,0,0,0,10,10
2026-05-04T01:00:00+00:00,291.4190980072172,0,0,0,0,10,10
2026-05-04T02:00:00+00:00,268.3780724745556,0,0,0,0,10,10
2026-05-04T03:00:00+00:00,271.5789794803614,0,0,0,0,10,10
2026-05-04T04:00:00+00:00,1487.5869369150723,2.2646080777777775,1.9641320436111112,3.481219153611111,2.4434117658333334,10,10
2026-05-04T05:00:00+00:00,86.74784114034001,29.099135367777777,29.968509565,108.07820605416667,130.6203623861111,11.344349738888889,11.292422348611112
2026-05-04T06:00:00+00:00,85.35183160139111,30.39721824527778,34.55948552861111,136.32123179055557,140.16913693472222,12.217440781388888,12.18271457472222
2026-05-04T07:00:00+00:00,94.83709068609778,211.75353879027776,223.54808870388888,377.0944644580556,293.91951510583334,19.614900412222223,18.967794241944446
2026-05-04T08:00:00+00:00,795.4775263297819,140.45197469916667,142.40038049805557,376.33063608027777,395.76165698805556,31.83215638527778,32.38646102277777
2026-05-04T09:00:00+00:00,581.5123584861622,107.97559544166667,117.22891049861111,275.1920526369444,312.1013050977778,35.797375719166666,36.583981895
2026-05-04T10:00:00+00:00,2074.219341967113,99.7520050463889,88.27588636388889,265.36844990944445,271.8882585369444,42.22713536055556,43.12737854555556
2026-05-04T11:00:00+00:00,4667.670853689598,155.24489667833333,149.551266405,339.7316745330556,345.61694590527776,50.62734060083333,51.59188968416667
2026-05-04T12:00:00+00:00,2542.582761498927,64.91561463527778,118.80467023083332,184.30764347916667,280.2959724638889,55.70335949611111,57.88865970166666
2026-05-04T13:00:00+00:00,1184.239349782471,16.672279195833333,18.285018865555553,135.22303463833333,170.23141289861113,57.41899522166667,61.52119437694444
2026-05-04T14:00:00+00:00,137.09539211090666,0,0,89.05975472027778,106.50439952138889,58,62
2026-05-04T15:00:00+00:00,130.6920990678353,0,0,75.73323895611111,90.09428151166667,58,62
2026-05-04T16:00:00+00:00,190.09491300790026,20.103295939722223,-41.54691635444444,44.85999712694445,37.790569848055554,58.22870040611111,60.88858683416667
2026-05-04T17:00:00+00:00,317.11896742190385,-41.439027001944446,-54.70264984638889,14.289469957500001,14.535036690833332,58.19650675583333,58.11092922888889
2026-05-04T18:00:00+00:00,11079.337262340494,-247.33033530805554,-248.2734024625,0,0,48.1298168825,48.87236219444444
2026-05-04T19:00:00+00:00,12647.21257482993,-362.0505437980555,-401.4534939269445,0,0,25.860934911111112,26.672717107500002
2026-05-04T20:00:00+00:00,11687.346131843244,-57.223789261388895,-56.723593836111114,0,0,10.553188340555556,10.568370759166667
2026-05-04T21:00:00+00:00,11961.680352355737,0,0,0,0,10,10
2026-05-04T22:00:00+00:00,11544.817981035594,0,0,0,0,10,10
2026-05-04T23:00:00+00:00,7091.287557520831,0,0,0,0,10,10
2026-05-05T00:00:00+00:00,247.62807290004582,0,0,0,0,10,10
2026-05-05T01:00:00+00:00,241.03725852678417,0,0,0,0,10,10
2026-05-05T02:00:00+00:00,252.95712496291833,0,0,0,0,10,10
2026-05-05T03:00:00+00:00,234.67610529888137,0,0,0,0,10,10
2026-05-05T04:00:00+00:00,234.45147581841195,5.3971495633333335,2.222298295277778,5.178463189166666,5.308278633888889,10,10.06481128861111
2026-05-05T05:00:00+00:00,216.95924302261528,7.329251971388889,17.825225444166666,23.29068587,22.772711716111107,10.860906727222222,10.78962914638889
2026-05-05T06:00:00+00:00,3460.859367726502,22.140566234999998,-3.934210711388888,43.865899444166665,52.98332077277778,11.222428577222223,11.089914098333333
2026-05-05T07:00:00+00:00,1973.669217132263,0,0,65.13391134527778,76.24712028583333,11,11
2026-05-05T08:00:00+00:00,2058.5991686860216,0,0,156.51642385388888,184.57992872555556,11,11
2026-05-05T09:00:00+00:00,1370.0121533661306,19.465607495833336,15.462756222222223,184.02118516277778,222.6765552813889,11.125618869722222,11.176462033611111
2026-05-05T10:00:00+00:00,1705.1838454201015,1.3424121575,4.325289914444444,218.99659351861112,249.06221416583332,12,12
2026-05-05T11:00:00+00:00,96.73407297961472,184.71672512972222,178.4455386361111,384.2367008986111,397.70235664361104,17.20429032638889,17.61033504027778
2026-05-05T12:00:00+00:00,98.40106934565613,71.98228092444444,115.88031220694444,202.37363759527776,313.01145934277775,24.717020975555556,26.74286724027778
2026-05-05T13:00:00+00:00,85.19592791798777,15.323909872222224,16.953180970833333,145.31238556527776,197.15624888611111,26.75212652638889,29.80425248138889
2026-05-05T14:00:00+00:00,2366.654501665147,-44.14993529416666,0.9320209972222222,92.5527219625,136.2869121536111,25.835640983055555,30
2026-05-05T15:00:00+00:00,410.4782455863442,-23.30627501666667,-39.37936714388889,68.75118891944444,79.9086643175,23.650974575277775,29.239849194166666
2026-05-05T16:00:00+00:00,313.83783297586837,-23.770523875555554,-134.47823861944445,45.314150381388885,36.39054480638889,20.737357226666667,23.806887934722223
2026-05-05T17:00:00+00:00,194.75722645908306,-91.32592012250001,-94.02514196083332,11.821625201111111,12.961549743333334,18.10234102277778,16.610332871388888
2026-05-05T18:00:00+00:00,410.54600911235724,-34.04332029138889,-28.82118701972222,0,0,10.377916763888889,10.326584627777779
2026-05-05T19:00:00+00:00,2083.2003519100977,0,0,0,0,10,10
2026-05-05T20:00:00+00:00,1164.9587246531503,0,0,0,0,10,10
2026-05-05T21:00:00+00:00,1401.9121651740388,0,0,0,0,10,10
2026-05-05T22:00:00+00:00,521.8409988785307,0,0,0,0,10,10
2026-05-05T23:00:00+00:00,417.06372643283663,0,0,0,0,10,10
2026-05-06T00:00:00+00:00,1502.6708798468533,0,0,0,0,10,10
2026-05-06T01:00:00+00:00,449.4743605479486,0,0,0,0,10,10
2026-05-06T02:00:00+00:00,2066.1664778588615,0,0,0,0,10,10
2026-05-06T03:00:00+00:00,869.0307752285657,0,0,0,0,10,10
2026-05-06T04:00:00+00:00,250.87982163157722,0,0,0,0,10,10
2026-05-06T05:00:00+00:00,1079.386462138569,0.14607656611111178,7.325581754444445,4.554243560833334,8.52345183361111,10.151763197500001,10.461173521666668
2026-05-06T06:00:00+00:00,403.23543341097616,-1.8836540113888889,-4.048296945833333,0,0,10.121580954444445,10.070770056944445
2026-05-06T07:00:00+00:00,538.6664353262198,7.792618675833334,15.35751927972222,11.241961094444443,18.58112857277778,10.548402346388889,10.651456346388889
2026-05-06T08:00:00+00:00,1192.2686482466893,7.702127679166666,1.7043403469444447,72.66534984888888,89.5163995625,11,11
2026-05-06T09:00:00+00:00,275.53249983759946,0,0,96.45848773472223,120.12792374472222,11,11
2026-05-06T10:00:00+00:00,2663.464969252362,0,0.42338238194444444,82.01192360333333,98.58140467416666,11,11
2026-05-06T11:00:00+00:00,315.53927911527944,0,0,77.22718036027779,94.11700768805555,11,11
2026-05-06T12:00:00+00:00,225.1815461128061,0,0,98.2265498163889,121.35223941388888,11,11
2026-05-06T13:00:00+00:00,256.4293285580347,0,0,82.63685524055556,101.99283323472223,11,11
2026-05-06T14:00:00+00:00,397.70412343480604,0,0,85.98498319305556,103.88913227944444,11,11
2026-05-06T15:00:00+00:00,170.51925466819304,4.152185330555555,-4.4603966077777795,81.61264528916666,105.05145502111111,11.712439108055555,11.788874733888889
2026-05-06T16:00:00+00:00,2738.9380778030277,-5.1227930483333335,0.0005226861111123545,55.73342123416666,62.75979717861111,11.368535989444444,11.292433403611112
2026-05-06T17:00:00+00:00,503.4525175223803,-6.913877432777778,-3.521462822222222,31.482499774999997,40.09969867833333,10.897156432222223,10.914085967777778
2026-05-06T18:00:00+00:00,3076.8063692433066,0,0,0,0,10,10
2026-05-06T19:00:00+00:00,881.9636521027252,0,0,0,0,10,10
2026-05-06T20:00:00+00:00,1082.2390207083452,0,0,0,0,10,10
2026-05-06T21:00:00+00:00,1406.2504369783976,0,0,0,0,10,10
2026-05-06T22:00:00+00:00,417.2997822938036,0,0,0,0,10,10
2026-05-06T23:00:00+00:00,1216.6049145371724,0,0,0,0,10,10
2026-05-07T00:00:00+00:00,755.9274727931692,0,0,0,0,10,10
2026-05-07T01:00:00+00:00,602.4261082260889,0,0,0,0,10,10
2026-05-07T02:00:00+00:00,696.5628350177581,0,0,0,0,10,10
2026-05-07T03:00:00+00:00,692.5720511015028,0,0,0,0,10,10
2026-05-07T04:00:00+00:00,1687.7054645905237,0,0,0,0,10,10
2026-05-07T05:00:00+00:00,832.2746809517072,0,0,0,0,10,10
2026-05-07T06:00:00+00:00,1645.201548246069,6.304017306944444,5.9912464369444445,5.889561914166666,10.937920559166665,10.215838772777778,10.366923106666666
2026-05-07T07:00:00+00:00,2861.216833194099,11.548624169722222,12.746204152222221,18.794299069166666,29.32711956333333,11,11.184446151944444
2026-05-07T08:00:00+00:00,986.5275246443786,-0.47286645194444493,13.32806485638889,33.59917053361111,45.82146423083333,11.775529576666665,11.361183969999999
2026-05-07T09:00:00+00:00,447.1745422605181,10.583097598611111,-10.744288656666669,47.736122753333326,53.06629128388889,11,11.126977566944445
2026-05-07T10:00:00+00:00,706.2350465252161,0,0,46.229783267777776,55.42179402972223,11,11
2026-05-07T11:00:00+00:00,1860.1703488941594,0,0,48.06844580305556,57.518159149722216,11,11
2026-05-07T12:00:00+00:00,314.01343022934554,3.369942869444445,6.947634064444444,80.34564136916667,98.3944096186111,11,11
2026-05-07T13:00:00+00:00,156.08953239266614,-0.558709514444445,21.503570326944445,117.13370708083333,149.5771455663889,11.824571200000001,11.887754982777778
2026-05-07T14:00:00+00:00,215.35310948143027,2.734314248333335,-3.021735270277776,61.64291348027778,64.74143050611112,11.85164991111111,11.687281773611112
2026-05-07T15:00:00+00:00,195.6528389662872,-0.3748607447222223,-20.61673418361111,56.33613826083333,60.39258981472222,11.353919218888889,11.38724858888889
2026-05-07T16:00:00+00:00,207.90078808040974,5.431992490555555,4.696560663333334,51.125041698888886,61.658014611111106,11.120814784444443,11
2026-05-07T17:00:00+00:00,1214.8833532801375,32.43980233027778,22.79048965777778,34.22110436222222,45.63721948777777,12.522461288333332,11.167772195555555
2026-05-07T18:00:00+00:00,2047.8252923747475,-25.39221000166667,-1.7980440091666667,3.2043311975,9.028990464166666,11.010217520833335,10.3700020125
2026-05-07T19:00:00+00:00,1271.729606485488,0,0,0,0,10,10
2026-05-07T20:00:00+00:00,1107.6790437983784,0,0,0,0,10,10
2026-05-07T21:00:00+00:00,630.7778858213838,0,0,0,0,10,10
2026-05-07T22:00:00+00:00,596.756350223378,0,0,0,0,10,10
2026-05-07T23:00:00+00:00,567.4783112660308,0,0,0,0,10,10
2026-05-08T00:00:00+00:00,831.9261805869045,0,0,0,0,10,10
2026-05-08T01:00:00+00:00,516.6927299489388,0,0,0,0,10,10
2026-05-08T02:00:00+00:00,674.8579427327144,0,0,0,0,10,10
2026-05-08T03:00:00+00:00,605.6545154685742,0,0,0,0,10,10
2026-05-08T04:00:00+00:00,525.6260108138578,0,0,0,0,10,10
2026-05-08T05:00:00+00:00,1931.4399531332786,11.376066530277777,8.748080111111111,12.360533508333333,14.723380484444442,10.237193454444444,10.287274056388888
2026-05-08T06:00:00+00:00,143.65370541199835,1.3233725555555556,1.3297126927777778,72.1385366586111,85.24264847861112,11,11
2026-05-08T07:00:00+00:00,336.2342969897419,36.37993886333333,36.76540121,158.64932516694446,198.1995957152778,11.933631435277777,11.764792661666666
2026-05-08T08:00:00+00:00,1102.340513427147,-10.4917007875,-9.947081371666663,25.41594418138889,35.924203686666665,11.364453963333332,11.34663285388889
2026-05-08T09:00:00+00:00,933.9687437951285,1.3696166224999997,-0.016182095277777142,39.13373782944445,47.88063568305555,11.606950764166667,11.253013225277778
2026-05-08T10:00:00+00:00,114.44688825881889,3.4733815063888893,10.705955671666667,77.79415548749999,92.37370243083335,11.112186418333332,11
2026-05-08T11:00:00+00:00,1321.4939248902722,73.9762512113889,59.974652024166666,117.57783365083333,134.64586532666667,12.642269970833333,12.746895669444443
2026-05-08T12:00:00+00:00,128.14090864313138,75.96624937861111,55.66180698333333,100.43316986972222,115.17627577138887,17.544720965,17.41631118277778
2026-05-08T13:00:00+00:00,109.22538019429918,63.80466888972222,75.83317695222222,106.46262925194445,130.28167064555555,21.787987507222223,21.513330977222225
2026-05-08T14:00:00+00:00,128.81970520411915,42.65576945777777,19.62594536083333,74.67940335638889,75.92831343583333,23.911603465,23.887804211666666
2026-05-08T15:00:00+00:00,118.0445658235164,38.1826260775,52.28421278,92.5341708011111,98.42530382638888,27.14364809777778,26.619947866666667
2026-05-08T16:00:00+00:00,164.60915133606335,27.419252663888887,29.616132484999998,44.29611256305555,51.236799759722224,28.785250152499998,28.598601442222222
2026-05-08T17:00:00+00:00,648.4436495343388,-238.38637541416665,-243.68930897722223,8.324895195555555,11.406059511944443,25.26885223638889,25.510029775555555
2026-05-08T18:00:00+00:00,310.32825052476306,-10.6032791175,-18.682281365555557,0,0,10.055421237222221,10.099879170833333
2026-05-08T19:00:00+00:00,911.3385263609838,0,0,0,0,10,10
2026-05-08T20:00:00+00:00,488.6435908004692,0,0,0,0,10,10
2026-05-08T21:00:00+00:00,627.910597198398,0,0,0,0,10,10
2026-05-08T22:00:00+00:00,717.2506307702703,0,0,0,0,10,10
2026-05-08T23:00:00+00:00,711.2571831990064,0,0,0,0,10,10
2026-05-09T00:00:00+00:00,526.5692886496361,0,0,0,0,10,10
2026-05-09T01:00:00+00:00,806.2818336564732,0,0,0,0,10,10
2026-05-09T02:00:00+00:00,495.3643724172798,0,0,0,0,10,10
2026-05-09T03:00:00+00:00,772.7155943479187,0,0,0,0,10,10
2026-05-09T04:00:00+00:00,457.73163508936585,8.791379718611111,10.969992795833333,11.434471605277778,11.32150391638889,10.280530746111111,10.380524236666666
2026-05-09T05:00:00+00:00,1465.867455903637,24.850884135,24.654338527500002,85.38331189916666,86.95390374416667,11.471217868055556,11.657175044166666
2026-05-09T06:00:00+00:00,102.49068749566112,86.05645844527777,63.374603249166675,120.23322689361112,125.66109862305557,14.10842811388889,14.059074653333333
2026-05-09T07:00:00+00:00,147.57608288677028,141.84421094027778,157.80481218444444,163.72392767194444,177.33886604305556,20.075429948055554,20.395388273055556
2026-05-09T08:00:00+00:00,119.44237588566473,68.74272454638889,69.99827111638889,102.17961719333334,136.35268793083335,26.438798410555552,26.337682234166667
2026-05-09T09:00:00+00:00,125.29546971666474,65.91294776416667,78.99251269305556,105.00684628305555,104.40499850611111,29.911291677222223,29.852677843333336
2026-05-09T10:00:00+00:00,130.66829791739696,99.8333203786111,97.09924241888888,121.54863475777778,154.16831774694444,34.837062788611114,34.751555107222224
2026-05-09T11:00:00+00:00,120.07326685245361,200.5021855808333,183.51355692416666,208.74457921277778,248.2465975483333,43.273049498333336,43.32346583361112
2026-05-09T12:00:00+00:00,138.3116537725467,131.57723282777778,123.63184946972223,164.1869201986111,159.45760630972222,52.67598399416667,52.92647572305555
2026-05-09T13:00:00+00:00,111.84952788148557,69.00094234444445,55.88643770194445,97.67691780611112,118.41754515277778,57.971942850000005,57.41582180472222
2026-05-09T14:00:00+00:00,154.32190264975583,50.74611361083333,60.722166725,82.32060325222223,77.59527958,60.55892293,60.72686329361111
2026-05-09T15:00:00+00:00,133.67916148596362,36.577455354444446,31.95652636222222,65.02209423416666,76.330564925,63.167793491666664,62.7627841575
2026-05-09T16:00:00+00:00,177.97310270502723,32.42577826944444,37.35029421666667,38.43433066694444,40.36423610055555,64.6694441086111,64.45666068166666
2026-05-09T17:00:00+00:00,132.3361077795922,-27.4965223,-31.96737206861111,8.972731222777778,8.992017124444443,65.0937419763889,64.84995163583334
2026-05-09T18:00:00+00:00,486.5677387928738,-418.31710145194444,-409.9362959958333,0,0,54.868305773611105,55.25777411694444
2026-05-09T19:00:00+00:00,343.0693616928786,-179.4822138513889,-222.59802365861108,0,0,25.388664683055556,25.850436731111113
2026-05-09T20:00:00+00:00,740.5470272965503,-137.63895591055555,-125.24533893194445,0,0,11.359650042777778,11.326226570833333
2026-05-09T21:00:00+00:00,687.1878911154155,0,0,0,0,10,10
2026-05-09T22:00:00+00:00,977.4196797017494,0,0,0,0,10,10
2026-05-09T23:00:00+00:00,679.3247047210817,0,0,0,0,10,10
2026-05-10T00:00:00+00:00,760.4978753674553,0,0,0,0,10,10
2026-05-10T01:00:00+00:00,813.3231400705604,0,0,0,0,10,10
2026-05-10T02:00:00+00:00,635.8018310935361,0,0,0,0,10,10
2026-05-10T03:00:00+00:00,888.7764312075527,0,0,0,0,10,10
2026-05-10T04:00:00+00:00,1351.2959940816754,8.955161641111111,6.709743609444445,36.587593138888884,40.04696832583333,10.651956206388888,10.618629465
2026-05-10T05:00:00+00:00,624.4296942182261,28.943342703888888,34.84385832194444,147.89732836388887,162.44095639194444,11.455075328888888,11.456131169722221
2026-05-10T06:00:00+00:00,121.1847137894589,112.50433612444444,92.3575808113889,181.32465233694447,145.02298778527776,15.541913850833334,15.73282453861111
2026-05-10T07:00:00+00:00,143.10052371863557,169.35832156833334,142.93174551027778,260.9798747611111,150.2916392913889,23.173912829722223,22.933088291388888
2026-05-10T08:00:00+00:00,107.7549331584025,230.70608566916667,217.95777416194446,341.6285707175,221.03764280472225,34.012182105,33.12754020083333
2026-05-10T09:00:00+00:00,68.04539476984972,292.78388116555556,243.29041956027777,468.95594880999994,245.78163048777776,48.15877023833334,45.781051381666664
2026-05-10T10:00:00+00:00,96.12907728492333,218.88039489611108,209.16139946055554,355.7786593641667,228.74092392055556,64.45165386138889,60.828340053888894
2026-05-10T11:00:00+00:00,82.85686859488557,232.69795613972224,200.72995141166666,384.39079691333336,205.50443750666668,74.69211796194445,72.12880473888889
2026-05-10T12:00:00+00:00,13.151791782956947,115.22817578027777,170.80452656972224,239.15005820916667,279.36070066111114,85.89782394472222,84.32150709777778
2026-05-10T13:00:00+00:00,42.41575747950611,38.429105005000004,79.18915345666666,135.23363830333332,192.45856463333334,87.7955526038889,89.317827185
2026-05-10T14:00:00+00:00,91.3623785105925,0,1.5111169194444447,82.69222671638889,101.14463170416667,88,90
2026-05-10T15:00:00+00:00,108.71711730797584,0,0,67.84125541166667,78.39969980138889,88,90
2026-05-10T16:00:00+00:00,158.8332325981947,14.337273386944446,-17.281936372777775,45.81337389972222,45.891157121388886,88,89.59267541972223
2026-05-10T17:00:00+00:00,202.92285050707446,17.746282335833335,0,19.952415545833336,39.31386738916667,88.8766662011111,89
2026-05-10T18:00:00+00:00,79.9769242287275,-87.4443221725,-97.39547960638889,1.9941280805555552,4.4971685755555555,86.60935822305555,86.1393919313889
2026-05-10T19:00:00+00:00,408.3109756747481,-349.76541092916665,-349.50953662166665,0,0,76.04636315194445,75.83963454972222
2026-05-10T20:00:00+00:00,287.37370695035696,-246.13911931222222,-255.67933313611107,0,0,54.69512485444445,55.08960021722223
2026-05-10T21:00:00+00:00,265.37005657349386,-217.6721117341667,-231.28235368083335,0,0,31.905037339166668,32.856002718333336
2026-05-10T22:00:00+00:00,328.2743296831583,-209.3813342477778,-253.80360373500002,0,0,17.060281571111112,17.463843331666666
2026-05-10T23:00:00+00:00,90.34088023888138,-90.56189060444444,-95.29761216888888,0,0,12.790790481111111,12.70635808138889
2026-05-11T00:00:00+00:00,224.90398426610193,-24.84789340916667,-21.40352566027778,0,0,10.243465719444444,10.192494634166666
2026-05-11T01:00:00+00:00,1060.1751073290066,0,0,0,0,10,10
2026-05-11T02:00:00+00:00,245.49453873225252,0,0,0,0,10,10
2026-05-11T03:00:00+00:00,761.0090173579957,0,0,0,0,10,10
2026-05-11T04:00:00+00:00,420.5925121935959,0,0,0,0,10,10
2026-05-11T05:00:00+00:00,1238.4164795615113,-1.98416776,-1.6879564488888885,4.34456086388889,4.363945360277778,10.252304786111111,10.319987116666667
2026-05-11T06:00:00+00:00,200.74709826931664,5.292739368055555,8.263812297500001,32.155917126666665,42.64144054944445,10.925533995833334,10.925534552777778
2026-05-11T07:00:00+00:00,191.5954115231361,-2.310549706388889,2.518228961388889,18.663356254444444,35.33307111972223,11,11
2026-05-11T08:00:00+00:00,207.90100639394748,11.046673899166668,0,29.322032713055552,40.15062856,11,11
2026-05-11T09:00:00+00:00,119.91512941819667,34.07868485888889,31.262839774999993,104.03329068361113,99.96990812666667,11.418580415277779,11.384142562777777
2026-05-11T10:00:00+00:00,151.91219241106862,27.266545456666663,48.034270963055555,120.65897216527777,125.87438023638889,14.810268764444444,14.956908396944444
2026-05-11T11:00:00+00:00,135.2025067925875,4.669313897222218,-9.026446346388893,104.9956092275,126.33293514333332,14.71434240111111,15.409810609444444
2026-05-11T12:00:00+00:00,726.5271902087865,-28.097673017222217,-33.18071096111111,84.5382532775,93.20424221305557,14.621030860555555,14.77150647
2026-05-11T13:00:00+00:00,308.8820442927294,21.469934559444443,18.762400102500003,93.94125982444444,118.19209319194444,11.332754185,11.213956811666668
2026-05-11T14:00:00+00:00,103.09385654547333,22.11668594194445,16.08641950138889,91.73207872555555,113.8094147336111,12.666361716944444,12.734157761111112
2026-05-11T15:00:00+00:00,983.0430368471485,-13.624418462222222,-16.033870099999998,38.78218579944444,47.9285689425,11.839929544444445,11.875497324722224
2026-05-11T16:00:00+00:00,824.3703597320897,-11.023594003055555,-4.1122515094444445,9.396016636944443,17.873594681666667,10.608347845277779,10.742883429722221
2026-05-11T17:00:00+00:00,4716.692871598879,-0.5904078999999999,-4.06960749111111,4.3242176061111115,4.551191424444444,10.218892305833334,10.26885888638889
2026-05-11T18:00:00+00:00,12676.812512771134,0,0,0,0,10,10
2026-05-11T19:00:00+00:00,12751.465281471026,0,0,0,0,10,10
2026-05-11T20:00:00+00:00,13691.341296756795,0,0,0,0,10,10
2026-05-11T21:00:00+00:00,13109.841243819174,0,0,0,0,10,10
2026-05-11T22:00:00+00:00,3330.2194955250066,0,0,0,0,10,10
2026-05-11T23:00:00+00:00,686.1505448483739,0,0,0,0,10,10
2026-05-12T00:00:00+00:00,1788.6060668909238,0,0,0,0,10,10
2026-05-12T01:00:00+00:00,1719.3011267843137,0,0,0,0,10,10
2026-05-12T02:00:00+00:00,740.5081187194114,0,0,0,0,10,10
2026-05-12T03:00:00+00:00,1883.4306857788613,0,0,0,0,10,10
2026-05-12T04:00:00+00:00,183.14822808275585,29.49998509111111,24.593629221666664,36.38381126638889,36.575138325277784,10.843320132222223,10.943310827777779
2026-05-12T05:00:00+00:00,1255.4707242103048,14.860424005555556,-2.4763075302777775,42.433333742222224,48.36576259666666,11.274509537777776,11.23160302138889
2026-05-12T06:00:00+00:00,1290.6251894806596,24.860256345555555,38.52593883638889,82.48444323333332,93.80753854527778,12.386086257499999,12.227831545555555
2026-05-12T07:00:00+00:00,85.16629385934611,2.8015750988888892,2.159559506666666,106.31343460333333,128.66204446166668,13,13
2026-05-12T08:00:00+00:00,2451.281505066128,18.2861914125,21.60650869555555,172.45343777416664,204.37931872888888,13.279696746666666,13.380810713055554
2026-05-12T09:00:00+00:00,724.2353419909637,46.60870909944445,35.92112522055556,237.06518282444446,254.61123971361113,14.569781403611112,14.738581316388888
2026-05-12T10:00:00+00:00,223.0597171403492,59.520790250000005,75.15353075,207.2061554747222,252.68818331388889,16.68104641388889,17.65296778361111
2026-05-12T11:00:00+00:00,120.22354931394891,24.063386936944443,20.35264184833333,154.08134276055554,197.8551193136111,20.834703475555557,22.112493806944443
2026-05-12T12:00:00+00:00,1517.6903542855614,40.67506367138889,115.81078418027778,129.95481708083335,367.9373887833333,21.440921014444445,23.282099838888886
2026-05-12T13:00:00+00:00,116.73403061605751,33.294340178055556,-27.298443306944446,89.86242011,101.74505367416667,23.761930355833332,26.17281057916667
2026-05-12T14:00:00+00:00,114.82770780248332,-6.398626224166667,-6.085792350277775,82.53375823944445,104.58056340888889,24,25.999660286111112
2026-05-12T15:00:00+00:00,145.0054434829614,-0.9924025805555564,-8.55289781888889,74.8951100511111,94.36309956361112,23.881935439166668,25
2026-05-12T16:00:00+00:00,323.75665629724665,-133.8650231425,-162.6565321875,8.730319497222222,5.068780565,20.52076181361111,20.824067020277777
2026-05-12T17:00:00+00:00,678.2823248520724,0,0,0,0,10,10
2026-05-12T18:00:00+00:00,608.5966196906809,0,0,0,0,10,10
2026-05-12T19:00:00+00:00,651.7418781164994,0,0,0,0,10,10
2026-05-12T20:00:00+00:00,2841.557760338976,0,0,0,0,10,10
2026-05-12T21:00:00+00:00,974.6121991084825,0,0,0,0,10,10
2026-05-12T22:00:00+00:00,699.0474629191323,0,0,0,0,10,10
2026-05-12T23:00:00+00:00,269.1442726915319,0,0,0,0,10,10
2026-05-13T00:00:00+00:00,240.76543443615108,0,0,0,0,10,10
2026-05-13T01:00:00+00:00,200.18683471711583,0,0,0,0,10,10
2026-05-13T02:00:00+00:00,202.0905555483597,0,0,0,0,10,10
2026-05-13T03:00:00+00:00,200.57912318881947,0,0,0,0,10,10
2026-05-13T04:00:00+00:00,177.28366821872388,19.150340073055556,3.8635473205555555,19.28365656,21.873605084444446,10.533873074722221,10.593317595555556
2026-05-13T05:00:00+00:00,1343.5213774064289,-28.005711801666667,-10.483807185,0.39473914888888895,0,10.343290609722223,10.141069914444445
2026-05-13T06:00:00+00:00,651.5437725186558,11.369805588055556,9.338266155555557,13.493819336944446,18.47382202138889,10.392754853333333,10.51079227
2026-05-13T07:00:00+00:00,1637.2282298608898,3.8295190602777773,0.300523625,88.43731451222222,105.03179044666666,11,11
2026-05-13T08:00:00+00:00,1933.365227317964,0,0,98.20098501,116.35319965972222,11,11
2026-05-13T09:00:00+00:00,329.9963389965382,66.6939459086111,107.19256987694445,137.85967339194443,217.91362265527778,11.619601139166667,11.851541626944444
2026-05-13T10:00:00+00:00,159.34948873997584,166.35738269805555,219.90071190138886,260.91595363749997,409.3713885508334,22.985537805277776,24.938262508333334
2026-05-13T11:00:00+00:00,995.7457467884352,109.37106595055555,125.36424087555555,419.0927273575,454.6788501502778,29.265744671666667,30.77093281361111
2026-05-13T12:00:00+00:00,97.78858422232305,136.83936918666666,183.21099505166669,290.33722235194443,420.51646608805555,37.795477367222226,42.128608353333334
2026-05-13T13:00:00+00:00,1374.8642421270733,12.438441354166665,4.4869252713888885,158.79872286694444,199.48806367805557,40.44775599166667,46
2026-05-13T14:00:00+00:00,143.39658814564584,0.4007087288888889,0,102.05759229777777,128.93389092833334,41,46
2026-05-13T15:00:00+00:00,185.32828810770138,-23.42321636611111,-65.134286945,47.975142367222226,44.962094907777775,40.33834553222222,43.58757452722222
2026-05-13T16:00:00+00:00,975.4436558404212,-199.12501228194446,-185.97897128083332,24.57196915611111,28.213221188888884,29.802507371388888,34.42024722361111
2026-05-13T17:00:00+00:00,960.0353328877183,-165.4731624325,-182.6318801052778,0.7249407958333333,2.4946092547222225,20.288971085833335,26.488603590277776
2026-05-13T18:00:00+00:00,538.8238228900364,-77.97272907333333,-146.78845077055556,0,0,11.440301382222222,12.031083919166667
2026-05-13T19:00:00+00:00,2594.9184458308378,0,0,0,0,10,10
2026-05-13T20:00:00+00:00,1398.12499208171,0,0,0,0,10,10
2026-05-13T21:00:00+00:00,606.5194491071476,0,0,0,0,10,10
2026-05-13T22:00:00+00:00,568.7479158706319,0,0,0,0,10,10
2026-05-13T23:00:00+00:00,2407.6006220587237,0,0,0,0,10,10
2026-05-14T00:00:00+00:00,795.6755482597291,0,0,0,0,10,10
2026-05-14T01:00:00+00:00,1318.6575740589199,0,0,0,0,10,10
2026-05-14T02:00:00+00:00,1064.6633728853287,0,0,0,0,10,10
2026-05-14T03:00:00+00:00,934.5853872911416,0,0,0,0,10,10
2026-05-14T04:00:00+00:00,261.30950449540916,0,0,0,0,10,10
2026-05-14T05:00:00+00:00,1098.809465149585,1.9806367955555562,4.848718500277777,4.183340074444445,6.729442507777779,10.1408477825,10.259698301111111
2026-05-14T06:00:00+00:00,125.28933179896194,0.3870293536111111,1.7175334352777778,66.84413223777777,79.14284474611111,11,11
2026-05-14T07:00:00+00:00,342.61689373806445,15.35249078638889,15.862351409444443,61.38434268222222,66.420680945,11.379959258888888,11.556292191666666
2026-05-14T08:00:00+00:00,442.3000259186656,75.76090879722223,75.68467709944444,208.86920690777777,157.1340289361111,13.813430806944444,13.289575670555555
2026-05-14T09:00:00+00:00,3001.6489788063786,42.676844499999994,39.28045819805556,185.08185206333334,246.43782488305555,18.497092999722224,19.070667104722222
2026-05-14T10:00:00+00:00,512.2112678055474,-12.116670624999998,-26.811295039444442,137.84659825666668,183.8255978538889,16.6799983975,17.422306100833335
2026-05-14T11:00:00+00:00,4407.0678830324205,29.1298590213889,-31.422428497777787,270.0358704536111,219.08223063194444,14.167674119722221,14.324592645833334
2026-05-14T12:00:00+00:00,3024.809820191422,-6.618208642500001,35.505075053055556,276.4080087486111,322.4203179011111,15.804442939166668,15.08832755638889
2026-05-14T13:00:00+00:00,489.51238631939447,-30.341815481111112,-65.35344718777777,68.79408399138889,107.64688106722222,11.570067888888888,11.966998196388888
2026-05-14T14:00:00+00:00,438.51300555544975,0,0,44.42867679583333,53.584000666388896,11,11
2026-05-14T15:00:00+00:00,403.63983732430137,0,0,60.61031413722222,73.8213772338889,11,11
2026-05-14T16:00:00+00:00,278.505827235307,0,0,37.88845519722222,40.936699034722224,11,11
2026-05-14T17:00:00+00:00,198.20456632172917,-3.1063431313888885,-0.7679901061111111,29.76217668527778,34.597826570555554,11,10.931449015277778
2026-05-14T18:00:00+00:00,1017.5525735141167,-8.979249574722223,0,0,0,10.033636377777777,10
2026-05-14T19:00:00+00:00,371.7508335102136,0,0,0,0,10,10
2026-05-14T20:00:00+00:00,726.4437662736132,0,0,0,0,10,10
2026-05-14T21:00:00+00:00,1982.8490472314988,0,0,0,0,10,10
2026-05-14T22:00:00+00:00,813.7992045577121,0,0,0,0,10,10
2026-05-14T23:00:00+00:00,2040.0853230640962,0,0,0,0,10,10
2026-05-15T00:00:00+00:00,954.5781356551211,0,0,0,0,10,10
2026-05-15T01:00:00+00:00,1285.5756325283778,0,0,0,0,10,10
2026-05-15T02:00:00+00:00,1504.5400727905428,0,0,0,0,10,10
2026-05-15T03:00:00+00:00,1039.1353795070224,0,0,0,0,10,10
2026-05-15T04:00:00+00:00,190.45301148336557,11.658594296111112,7.716052172777778,47.29319335583333,47.05121248416666,10.80303397138889,10.685254020833334
2026-05-15T05:00:00+00:00,780.2776750454717,38.50665195472222,40.03917793694444,122.94082965583333,125.20796275916666,11.48714156861111,11.486017800277779
2026-05-15T06:00:00+00:00,105.86419929222194,142.62835639083332,164.61590529055556,222.29423511666664,222.7056104580556,17.428714298333333,17.48038729611111
2026-05-15T07:00:00+00:00,272.37023416448886,239.23600971416667,203.5992567658333,421.753574955,268.7372430855556,28.379359780555557,26.975736594166666
2026-05-15T08:00:00+00:00,3015.6214052037817,168.17125480166666,158.74931278972224,576.5737399177777,536.2738152419444,39.28361579388889,37.63879244333334
2026-05-15T09:00:00+00:00,1168.2830668695099,96.38965426722223,116.93910912138888,307.38599861861115,319.1594004986111,48.37643569416667,47.07194756138889
2026-05-15T10:00:00+00:00,1861.6418477606958,112.68091225277777,141.18160915777779,307.15837950472223,354.9811601411111,52.120562504166664,51.94396250388889
2026-05-15T11:00:00+00:00,99.05828471054194,44.23753979416667,64.06148050777777,151.97992051777777,196.26143734555555,57.111418252499995,58.09451509972222
2026-05-15T12:00:00+00:00,70.3031818340586,109.58753955499999,154.55535965527778,201.15211120972222,300.0774662208333,61.81867425361111,64.32731904916666
2026-05-15T13:00:00+00:00,94.0004626557314,38.77992207444444,47.275773925,169.11207945750002,215.12338587888885,65.7043730813889,70.56190673916667
2026-05-15T14:00:00+00:00,102.35771366502195,0,1.478060916111111,125.23679030333334,151.07115663666667,66,71
2026-05-15T15:00:00+00:00,353.89318614188977,0,0,99.36861529833334,121.77962539083332,66,71
2026-05-15T16:00:00+00:00,237.95043795618497,-2.5186359194444434,-69.74112620305556,32.791619426666664,25.467013374999997,65.31782598888888,68.95459257277777
2026-05-15T17:00:00+00:00,296.5182166221664,-24.856009404166667,17.561139431111112,17.626980225,22.57713839972222,65.53535833138888,67.44718832638888
2026-05-15T18:00:00+00:00,1503.4004387270852,-342.33900631,-351.28455434277777,0,0,52.71584813055555,56.616555212499996
2026-05-15T19:00:00+00:00,422.68380010257056,-281.09328457333334,-314.70567649027777,0,0,31.484839878333332,34.31213960416667
2026-05-15T20:00:00+00:00,591.3663573861877,-181.13623831055554,-209.594263565,0,0,13.790683288055556,14.3109478675
2026-05-15T21:00:00+00:00,879.9373913295526,0,0,0,0,10,10
2026-05-15T22:00:00+00:00,757.0608956755386,0,0,0,0,10,10
2026-05-15T23:00:00+00:00,777.7637148809067,0,0,0,0,10,10
2026-05-16T00:00:00+00:00,782.0725327042842,0,0,0,0,10,10
2026-05-16T01:00:00+00:00,509.2051839649709,0,0,0,0,10,10
2026-05-16T02:00:00+00:00,1145.7861230216015,0,0,0,0,10,10
2026-05-16T03:00:00+00:00,1094.3832370004732,0,0,0,0,10,10
2026-05-16T04:00:00+00:00,195.7846578171553,8.102565253055555,8.441833973888889,46.522958654722224,50.69393541361111,10.675240030833335,10.691892309166667
2026-05-16T05:00:00+00:00,1209.3907781444127,44.08237003444444,45.216953457500004,149.97834559499998,181.2852760263889,11.438408472222221,11.489570311944446
2026-05-16T06:00:00+00:00,131.91032293086224,122.57324620972223,128.37253079722223,162.97065855194444,191.7227146311111,16.499488961944444,16.60299563611111
2026-05-16T07:00:00+00:00,440.219536683132,173.17836797861113,155.26315298416668,227.0526418275,217.34691624027775,24.925197811388887,25.561533919444443
2026-05-16T08:00:00+00:00,648.7831311945714,124.23380799833335,130.33160015972223,432.50893740361107,479.03270156166667,32.19412729555555,33.795493622222224
2026-05-16T09:00:00+00:00,1419.0861041846408,40.571981417500005,38.83868036222222,206.72427883611113,266.30590335861115,36.67961818861111,38.10592906388889
2026-05-16T10:00:00+00:00,8504.618614098532,101.28299584777778,108.87099131861112,365.6615551794444,374.8592159155555,39.166001103333336,40.66587068472222
2026-05-16T11:00:00+00:00,11633.001076694896,67.5402807125,101.07276455166665,261.09133074749997,318.74929639361113,46.25122087166667,47.90248556527778
2026-05-16T12:00:00+00:00,13600.214200488683,62.83795108499999,110.93469568916667,255.11981282944444,360.61653941083335,49.23343789638889,52.790428742500005
2026-05-16T13:00:00+00:00,2852.0340127087316,-65.76701399194444,-30.100183323611116,97.9674129,172.90696920305558,49.303808455,54.706501487222226
2026-05-16T14:00:00+00:00,162.26746163288524,-6.354641999999999,-27.53461289638889,97.29422053722222,112.99900691083333,45.519156380277785,53.15589021694444
2026-05-16T15:00:00+00:00,1996.6946173707581,-21.682771771666665,-28.715829281111112,70.94476926583333,86.0355550836111,45.539825369166664,51.320375346388886
2026-05-16T16:00:00+00:00,1151.7289464216817,-144.51460814583334,-227.02194148694446,35.485418518888885,32.83777300083334,38.1519794825,40.27633550833333
2026-05-16T17:00:00+00:00,1641.1787130142884,-138.2844194875,-151.17873236833333,9.176018967777777,12.916845434166667,31.668076342777777,33.12692637777778
2026-05-16T18:00:00+00:00,1437.1499222181856,-166.4333029986111,-208.54364170083332,0,0,14.162430901944445,14.672635440555554
2026-05-16T19:00:00+00:00,929.8021198736072,0,0,0,0,10,10
2026-05-16T20:00:00+00:00,708.7399627953497,0,0,0,0,10,10
2026-05-16T21:00:00+00:00,460.08233784332083,0,0,0,0,10,10
2026-05-16T22:00:00+00:00,1221.862609954461,0,0,0,0,10,10
2026-05-16T23:00:00+00:00,777.4636996242039,0,0,0,0,10,10
2026-05-17T00:00:00+00:00,2764.8254384903903,0,0,0,0,10,10
2026-05-17T01:00:00+00:00,951.6394552883797,0,0,0,0,10,10
2026-05-17T02:00:00+00:00,948.3458564595409,0,0,0,0,10,10
2026-05-17T03:00:00+00:00,869.712919501113,0,0,0,0,10,10
2026-05-17T04:00:00+00:00,786.6163445540252,10.228875468333333,12.046241349722223,47.89285983361111,53.89901443111111,10.738008954166666,10.814678918055556
2026-05-17T05:00:00+00:00,66.66404098069889,63.09879678722222,62.360776354722226,148.0025186938889,157.85327217277776,12.030584504444443,12.045842278611111
2026-05-17T06:00:00+00:00,115.0144224959053,139.1119486236111,141.49938139527777,203.09812872055556,210.67516326805557,18.2773142325,18.279650635555555
2026-05-17T07:00:00+00:00,173.9344832225022,160.96623777583332,226.31547743,178.37747338944448,271.29389134916664,27.331390041666666,27.634880555833334
2026-05-17T08:00:00+00:00,116.12537709286528,297.9996339275,256.8221481697222,333.34765756388884,342.52803448416665,41.74515393083333,42.38372897583333
2026-05-17T09:00:00+00:00,1963.3355997339397,205.25083851861112,289.4054225719444,372.13427729666665,428.86174222777777,57.63500843166667,56.19188264305555
2026-05-17T10:00:00+00:00,885.7228564014757,326.9442389463889,330.9268051663889,493.8824008552778,521.7163694544444,75.50785027583333,74.72916762055556
2026-05-17T11:00:00+00:00,1680.4047156812696,63.65874764777778,76.43504963361111,263.5801034772222,301.6827195491667,84.4526881525,82.40229445722223
2026-05-17T12:00:00+00:00,136.67209555023277,32.65341789194444,75.67393386333333,152.90980527194446,221.12859537555553,86.66133465638889,85.96862659166668
2026-05-17T13:00:00+00:00,82.70816485661999,1.0883594805555556,50.856588305555555,111.37406791611112,195.66208055250002,87,89.86571707305556
2026-05-17T14:00:00+00:00,118.3262992322786,4.168866467777778,10.423440161111111,95.55394636416666,117.57203679444444,87,90.58716467194445
2026-05-17T15:00:00+00:00,163.69642107220557,-5.307299423055555,-20.361605021944445,72.49337516833334,79.04102081305555,87,90.85625072416667
2026-05-17T16:00:00+00:00,186.83762914690888,-75.07891198833333,-56.967103987499996,33.668224681388885,47.78089170944444,84.18627989083333,87.50169116833332
2026-05-17T17:00:00+00:00,139.96581758600473,-82.91105351333333,-90.54081462277777,19.03291610277778,21.01449059222222,79.90011531694445,83.54562348583333
2026-05-17T18:00:00+00:00,1181.9668436028667,-167.55630356694445,-190.66014630222222,0,0,72.2914730625,74.45768886472221
2026-05-17T19:00:00+00:00,649.6255158879708,-511.4640846130556,-550.9692905430555,0,0,47.929521228333336,50.3690151525
2026-05-17T20:00:00+00:00,1350.6542303879453,-212.48874309888888,-248.70845784722223,0,0,22.307976825833332,24.05488948638889
2026-05-17T21:00:00+00:00,1241.0342561696355,-65.50062511027778,-72.71380554055555,0,0,10.460281448333333,10.512757621944445
2026-05-17T22:00:00+00:00,1079.7883988096103,0,0,0,0,10,10
2026-05-17T23:00:00+00:00,1232.8120284457236,0,0,0,0,10,10
2026-05-18T00:00:00+00:00,1686.2805448264332,0,0,0,0,10,10
2026-05-18T01:00:00+00:00,1434.806317999937,0,0,0,0,10,10
2026-05-18T02:00:00+00:00,649.2286942638071,0,0,0,0,10,10
2026-05-18T03:00:00+00:00,1215.4311305886438,1.4179387208333332,1.754972226111111,1.6846552011111111,1.8596764633333336,10,10
2026-05-18T04:00:00+00:00,152.3983738326,17.342239814166668,17.651143180833333,60.44889559944445,65.991396955,10.98687585361111,10.953557114166665
2026-05-18T05:00:00+00:00,1243.3121130889162,43.73054451972222,44.381447583055554,150.6836597988889,164.7566411988889,11.916471815833333,11.933220294444444
2026-05-18T06:00:00+00:00,50.205652773394725,159.51003357722223,160.64681446749998,300.5564770077778,300.2191689163889,17.103510512499998,17.263507151666666
2026-05-18T07:00:00+00:00,367.25339027586557,290.5548771661111,301.9006726480556,454.49625353277776,477.9717864072222,30.944832801944443,31.678559620277777
2026-05-18T08:00:00+00:00,1592.2121745480756,260.54967926222224,241.6308565925,561.0737905244445,569.0141424158334,43.57717503333333,44.60911832888888
2026-05-18T09:00:00+00:00,1932.0738491849306,298.42523049694444,349.8539323594444,534.380127783889,633.1976712216666,59.30477543972222,62.04611567138889
2026-05-18T10:00:00+00:00,98.49992160767944,138.45232371416668,154.67284887416668,278.4034142225,323.27689011194445,72.34409581777778,76.49227478555555
2026-05-18T11:00:00+00:00,-145.70291911194167,321.172052065,193.5812658002778,526.0096863738889,558.6863999294444,86.46133138055556,93.08346959166666
2026-05-18T12:00:00+00:00,-438.73816297011496,22.51691056888889,0,315.36375406944444,546.5841792808333,99.82867147305556,100
2026-05-18T13:00:00+00:00,98.87465613227333,0,0,110.26325469083334,177.88621792944446,100,100
2026-05-18T14:00:00+00:00,109.58224944340334,0,0,98.82451285277777,125.98081001333333,100,100
2026-05-18T15:00:00+00:00,174.29412702424474,0,0,69.60454640861111,85.4451713386111,100,100
2026-05-18T16:00:00+00:00,205.07077992744442,0,0,55.64500578444444,68.45079240222222,100,100
2026-05-18T17:00:00+00:00,133.30430699525584,-92.79269610944444,-90.44168679611111,5.79931509,13.93905536222222,97.78378112027777,98.12143085583334
2026-05-18T18:00:00+00:00,9864.290925879297,-274.14838152333334,-258.1779062922222,0,0,87.11400355027779,87.93096123916666
2026-05-18T19:00:00+00:00,11130.92909805062,-237.36123329,-234.68006953305553,0,0,67.70461437805555,70.03504278333334
2026-05-18T20:00:00+00:00,11321.031797032689,-284.0332504427778,-302.3220702908333,0,0,51.47957035611111,53.984322741944446
2026-05-18T21:00:00+00:00,1678.9649379192676,-198.64407958777778,-218.53523233083334,0,0,33.68451384888889,35.8813048625
2026-05-18T22:00:00+00:00,102.9549881364889,-203.32152871333335,-241.08236927194443,0,0,20.052872649444446,20.99254274361111
2026-05-18T23:00:00+00:00,407.76134880892454,-37.87610443138889,-29.80016908833333,0,0,10.542439328611112,10.50912368388889
2026-05-19T00:00:00+00:00,313.3750343187325,0,0,0,0,10,10
2026-05-19T01:00:00+00:00,227.47691355944332,0,0,0,0,10,10
2026-05-19T02:00:00+00:00,228.92785815757586,0,0,0,0,10,10
2026-05-19T03:00:00+00:00,223.35078073472775,0,0,0,0,10,10
2026-05-19T04:00:00+00:00,193.62942823010113,14.183060441944443,16.855274089999998,14.373218026388889,18.19541163861111,10.555773083055556,10.707809338333334
2026-05-19T05:00:00+00:00,169.69628235463833,38.951341024166666,24.7356282125,47.615024088055556,45.36203200027777,11.906324950277778,12.22208050361111
2026-05-19T06:00:00+00:00,414.99449273660554,23.462778025555554,19.579710654166668,92.31026896194446,109.05931637333333,13.827143712222222,13.724923476666667
2026-05-19T07:00:00+00:00,2109.9614468629275,16.331122358611108,15.600087588888888,111.75834195638889,170.23196026555556,12.347098361666667,14.1660397975
2026-05-19T08:00:00+00:00,725.9964274672158,344.53204241000003,336.55344355555553,504.09551543555557,532.3866737466666,22.312978671944446,22.896244576666664
2026-05-19T09:00:00+00:00,181.1350294811211,388.94689923833334,434.4487534294444,528.2449357597222,625.7465724952777,44.6975886125,47.05357769361111
2026-05-19T10:00:00+00:00,380.7581908530681,220.96575807055555,370.56616058305553,374.3558138869444,679.6731276647222,62.222778300555554,69.80198698138888
2026-05-19T11:00:00+00:00,166.3278715021339,190.11537916555554,258.8220192111111,227.48868427861112,466.5781057872222,71.70452485722222,85.98034423527777
2026-05-19T12:00:00+00:00,-242.43360335535803,195.8844792752778,118.76990366666666,285.6487160236111,623.6537464616666,85.12721651972221,98.97028058916668
2026-05-19T13:00:00+00:00,1423.7828412426397,1.8251444427777779,0,100.65569923777777,158.48252719083334,88,100
2026-05-19T14:00:00+00:00,219.17676057701195,-28.641206391111112,-69.41201127666666,43.080096366111114,53.66932704083334,86.51293930722223,97.92787794222222
2026-05-19T15:00:00+00:00,225.62075764491024,-22.413237773333332,-65.8865522875,40.68345582972223,37.41864555027778,84.85071140416666,93.07126037277777
2026-05-19T16:00:00+00:00,860.3742777846392,-101.55509693583333,-62.01068061722222,17.518970711944444,21.727547936111108,82.95425397055556,89.48890745611111
2026-05-19T17:00:00+00:00,343.44887071146917,25.090834345833333,-96.0922541411111,28.477881405555554,21.246071657777776,78.19760658611112,84.14349421944443
2026-05-19T18:00:00+00:00,1611.7296000551148,-280.45497923249997,-285.9934773025,0.18778007083333334,0.30511583,71.66770896055556,75.14120074277777
2026-05-19T19:00:00+00:00,549.8915344107871,-318.62626875555554,-338.32930751861113,0,0,50.158029664999994,53.54111737416667
2026-05-19T20:00:00+00:00,88.75611923342223,-142.63445591555555,-163.64732227583332,0,0,33.97327125527777,36.604258773333335
2026-05-19T21:00:00+00:00,700.1886220231045,-214.21766757944442,-265.36041330138886,0,0,22.217658682222222,23.48528219388889
2026-05-19T22:00:00+00:00,349.37602251016386,0,0,0,0,10,10
2026-05-19T23:00:00+00:00,276.2799322948775,0,0,0,0,10,10
2026-05-20T00:00:00+00:00,237.12180399850112,0,0,0,0,10,10
2026-05-20T01:00:00+00:00,224.76437001106027,0,0,0,0,10,10
2026-05-20T02:00:00+00:00,210.59746296883444,0,0,0,0,10,10
2026-05-20T03:00:00+00:00,225.06373733337804,0,0,0,0,10,10
2026-05-20T04:00:00+00:00,300.3302853014917,7.4356372055555555,6.363593651111111,10.0747081925,11.173206469444445,10.182700362777778,10.199644052777778
2026-05-20T05:00:00+00:00,1401.0051254627251,0,0,81.41801544916666,92.77736024666666,11,11
2026-05-20T06:00:00+00:00,805.3058847959461,0,0.20352888000000002,86.6958305825,100.80681831888889,11,11
2026-05-20T07:00:00+00:00,341.22371956604445,41.24242741138888,52.97241577888889,132.3386759213889,207.74900009916666,11.370039522222221,11.489726472500001
2026-05-20T08:00:00+00:00,55.59924997208305,95.62359766416667,91.37420721055555,220.9389397313889,259.90058062833333,15.450529005,16.128997999166668
2026-05-20T09:00:00+00:00,480.0285528245783,47.90223947111111,53.3975450325,237.41735413666666,275.61514254916665,19.55946588,20.303780393055558
2026-05-20T10:00:00+00:00,789.7464742827045,63.143664705,77.64711572055556,231.33091824944447,288.48444648305554,23.22219055416667,24.317126111666667
2026-05-20T11:00:00+00:00,1421.845194428448,13.931990083611124,33.68740718,143.7922928511111,238.34325925944447,27.90028034166667,29.305756116944448
2026-05-20T12:00:00+00:00,2291.100621728951,31.709538173333332,160.7845920086111,244.25877881250003,397.64507817638884,29.92462721,33.8212146925
2026-05-20T13:00:00+00:00,453.09239275280584,14.456044620277778,11.566040775555557,136.41384564805557,213.70616925666664,27.9204587625,36.885493948611106
2026-05-20T14:00:00+00:00,296.4969239203625,-17.524937139444443,-87.83467515027779,26.5003221425,25.521207006388888,26.330152679999998,33.27277101666667
2026-05-20T15:00:00+00:00,431.0236966820699,-24.717041053055553,-74.23218953166666,48.48986527666667,43.14807550444445,25.66406752388889,28.569351001944444
2026-05-20T16:00:00+00:00,761.5612753948259,-75.83876774694444,-8.242944453055555,15.037721714444444,19.737231025555555,20.114101789722223,25.28113029972222
2026-05-20T17:00:00+00:00,342.5757853814005,-43.03003377388888,-160.52141142416667,26.02818913138889,16.553697422777777,18.35086208527778,21.238241417500003
2026-05-20T18:00:00+00:00,594.9147794461792,-108.95251043805554,-114.76371991805557,0,0,12.031806356111112,12.134565271666666
2026-05-20T19:00:00+00:00,1839.461442351074,0,0,0,0,10,10
2026-05-20T20:00:00+00:00,366.9448295175295,0,0,0,0,10,10
2026-05-20T21:00:00+00:00,353.53626151326915,0,0,0,0,10,10
2026-05-20T22:00:00+00:00,290.92219228918003,0,0,0,0,10,10
2026-05-20T23:00:00+00:00,240.40701520739026,0,0,0,0,10,10
2026-05-21T00:00:00+00:00,206.41596587387224,0,0,0,0,10,10
2026-05-21T01:00:00+00:00,210.3602645438564,0,0,0,0,10,10
2026-05-21T02:00:00+00:00,211.4266866709875,0,0,0,0,10,10
2026-05-21T03:00:00+00:00,195.86118444533778,0,0,0,0,10,10
2026-05-21T04:00:00+00:00,165.47975954578973,38.68658250083333,39.160876886388884,51.52976426888889,53.107925055277775,11.261938164444445,11.365017943888889
2026-05-21T05:00:00+00:00,120.06102009289805,6.254428135555554,0,56.98339658277778,66.0515581025,13,13
2026-05-21T06:00:00+00:00,226.43973997829616,72.20866618972222,52.99213262916666,150.86774137972222,190.56983871888886,12.740393210833334,13.338389518333335
2026-05-21T07:00:00+00:00,1864.7783411100881,178.5542359997222,174.06960746250002,433.1821339463889,433.07461765222223,21.162673721388888,21.441976496944445
2026-05-21T08:00:00+00:00,179.47133364205308,197.17483928416664,241.90153507416667,278.64807824527776,408.1187708655555,31.235099790000003,32.533637605555555
2026-05-21T09:00:00+00:00,1724.2154692758838,186.88765179083336,256.93562350194446,259.40722983916663,475.5840207813889,40.93307111138889,46.85783869916667
2026-05-21T10:00:00+00:00,328.88934324819115,132.31678415944444,153.56384780138887,242.00814933444448,330.446447365,49.15825360111111,57.35262420777778
2026-05-21T11:00:00+00:00,171.47071244115944,38.95250510666666,52.89323787666667,176.55267390444445,214.79104445833332,52.945181881111104,61.90044847777778
2026-05-21T12:00:00+00:00,119.49199118620528,73.19774248527777,90.75794212194444,185.9931754277778,271.14230839583337,56.40006214111111,66.64566829166667
2026-05-21T13:00:00+00:00,108.60403812510278,2.9378248769444446,-26.22164044861111,108.35274139111111,110.78125244555555,58,67.96164899833333
2026-05-21T14:00:00+00:00,139.24206982587722,3.7141152630555556,-28.055675065,100.51632615166666,109.18635151333335,58,66.73648414361111
2026-05-21T15:00:00+00:00,169.46855589932832,0.7377541555555557,-45.99591423416667,58.481774146944446,54.1042617725,58.00239266277777,64.24687975222223
2026-05-21T16:00:00+00:00,830.0810821501326,-45.616356046111115,-88.76787607944443,39.42741776722222,44.50291967138889,57.24040077472222,59.921296932500006
2026-05-21T17:00:00+00:00,137.20732714044917,-58.65755086944444,-86.24484297888888,10.310871460555555,10.110689016111111,53.88864486777778,54.17842962305556
2026-05-21T18:00:00+00:00,2032.3017426334445,-205.71621799472223,-178.55399870833332,0.6775251277777778,3.3202387086111114,44.552205458611105,45.65331166194445
2026-05-21T19:00:00+00:00,378.4336916559864,-225.3176896266667,-259.17447403194444,0,0,27.926674178611112,29.426533545277778
2026-05-21T20:00:00+00:00,400.791940228167,-125.44319771833334,-144.67744550527777,0,0,16.677840276666668,17.348560335277778
2026-05-21T21:00:00+00:00,492.97116197332303,-69.39672056472222,-53.106880835277785,0,0,11.9155258275,11.69259798361111
2026-05-21T22:00:00+00:00,461.04613167857286,0,0,0,0,10,10
2026-05-21T23:00:00+00:00,294.2840669780297,0,0,0,0,10,10
2026-05-22T00:00:00+00:00,259.9394362100897,0,0,0,0,10,10
2026-05-22T01:00:00+00:00,1399.130770984254,0,0,0,0,10,10
2026-05-22T02:00:00+00:00,969.4389128282288,0,0,0,0,10,10
2026-05-22T03:00:00+00:00,747.1932228335919,0,0,0,0,10,10
2026-05-22T04:00:00+00:00,521.0387397066278,11.1457870975,10.916730096666667,21.050225381944443,29.526072666666668,10.520458688888889,10.639898546666666
2026-05-22T05:00:00+00:00,78.32816656386028,25.977757785833333,22.511268974444445,132.3524102313889,152.73051783194444,11.341063634444446,11.409898018888889
2026-05-22T06:00:00+00:00,304.09477325867584,72.76166248083334,68.97814659166666,238.94933386083335,252.8417754938889,13.12899378638889,13.163928337222222
2026-05-22T07:00:00+00:00,6637.959412264162,209.42724811527776,202.24239320472222,424.92915284833333,438.51463913027777,20.877364305833336,21.029641663333333
2026-05-22T08:00:00+00:00,4710.975415772167,189.98739338388887,233.0396854713889,319.73636307777775,423.0446893836111,33.482865715555555,34.98098518305556
2026-05-22T09:00:00+00:00,159.64949739568524,36.43676065361111,91.0401659688889,134.9331023888889,250.473444875,39.41214929388889,43.93475062916667
2026-05-22T10:00:00+00:00,5935.160380962942,67.83777126638888,56.37806915083333,221.3334681211111,248.5972651386111,43.37601461972222,48.426881393611104
2026-05-22T11:00:00+00:00,11294.543809907518,50.53751332944444,43.42787588194445,231.81357602222224,263.28597044388886,46.014988423888894,50.91356166222223
2026-05-22T12:00:00+00:00,11842.149356493928,8.988893641111112,14.157402804444445,223.73549667194445,291.73344117361114,47,52
2026-05-22T13:00:00+00:00,8049.863726836156,-1.338659875,0,156.26794283194445,201.73340013416666,47,52
2026-05-22T14:00:00+00:00,405.84225860755276,-92.43680775138888,-138.6497321038889,26.90218052111111,38.34663043916667,43.41010951694444,47.64574169333333
2026-05-22T15:00:00+00:00,1417.1588520777334,-52.388993272777775,-71.33485479277779,42.109272114166664,49.72736954972222,39.65676664111111,41.860914757222226
2026-05-22T16:00:00+00:00,365.8471299952419,12.818612443888888,-12.337419582222225,16.594866346388887,22.324794688055558,37,37.69293869138889
2026-05-22T17:00:00+00:00,199.87859990540696,-78.81587911416666,-48.800004238611116,0.609724695,3.246244272777778,35.72522487777778,37.48298361333333
2026-05-22T18:00:00+00:00,76.38933016690221,-168.64721363472222,-206.61820697916664,0,0,26.698876809444442,28.683464661666665
2026-05-22T19:00:00+00:00,133.73653925934167,-152.85049375555556,-173.0747436833333,0,0,15.1709703975,15.668979971666666
2026-05-22T20:00:00+00:00,1409.6389171884805,0,0,0,0,10,10
2026-05-22T21:00:00+00:00,1552.3671973916637,0,0,0,0,10,10
2026-05-22T22:00:00+00:00,392.9983454043556,0,0,0,0,10,10
2026-05-22T23:00:00+00:00,304.7719087598914,0,0,0,0,10,10
2026-05-23T00:00:00+00:00,253.8262686245628,0,0,0,0,10,10
2026-05-23T01:00:00+00:00,252.10821574299803,0,0,0,0,10,10
2026-05-23T02:00:00+00:00,266.6205895635108,0,0,0,0,10,10
2026-05-23T03:00:00+00:00,225.90064343296,0,0,0,0,10,10
2026-05-23T04:00:00+00:00,161.7742328148286,15.589338116666667,10.610727685277778,53.015181712777775,58.340950365000005,10.797999553888888,10.832921757222223
2026-05-23T05:00:00+00:00,95.85985229033723,45.62966120027778,41.12559703833333,127.88209164194444,117.96707825555556,11.623454999444446,11.693377955555556
2026-05-23T06:00:00+00:00,178.09221015930333,145.26852310027778,140.32890351833333,269.5584096141667,257.5896221752778,16.463769445833332,16.525870056666665
2026-05-23T07:00:00+00:00,1558.4560366714506,166.88624359027776,201.26272844055555,323.0741236069444,428.22900742999997,25.82526992,27.665255928055554
2026-05-23T08:00:00+00:00,124.24527203573888,276.3164697169444,306.7044952877778,280.09858540638885,436.42300723166665,37.21973467666667,40.78807847611111
2026-05-23T09:00:00+00:00,1272.546817244542,294.18194470916666,341.3083055880556,370.5184084469445,548.2461768822222,53.85620386,59.843052105
2026-05-23T10:00:00+00:00,72.4577045558539,371.1865391094445,467.7542698647223,383.59774323944447,643.4570929433334,70.85474732,80.90618127861111
2026-05-23T11:00:00+00:00,-355.79839776693143,364.9542932683333,126.93185111861112,564.2794253613889,584.7087160380555,94.3679786736111,99.18257221666666
2026-05-23T12:00:00+00:00,-101.76868166486666,0,0,123.52637901416666,256.5886631405555,100,100
2026-05-23T13:00:00+00:00,66.41893457408362,0,0,83.85685112555556,131.7825278513889,100,100
2026-05-23T14:00:00+00:00,132.15651594848168,-1.12908552,0,61.80997186277778,80.30604481416667,100,100
2026-05-23T15:00:00+00:00,111.02103497495973,-10.634426493055555,-4.893651525,56.50004029138889,71.80872821583334,99.0403957486111,100
2026-05-23T16:00:00+00:00,154.03830439370776,0,0,57.13038880416667,66.46347905666667,99,100
2026-05-23T17:00:00+00:00,185.98960322885443,-33.27248412555556,-8.883751044722223,13.293952175000001,24.93067306111111,98.58325233611112,99.91958221916667
2026-05-23T18:00:00+00:00,89.55483593781055,-189.62444233416667,-193.31128035055553,0,0,91.24300137722223,93.74223965444445
2026-05-23T19:00:00+00:00,56.771960970310566,-205.10136703916666,-217.49782534222223,0,0,77.30590285555556,80.13187387055557
2026-05-23T20:00:00+00:00,66.15496335923389,-186.5544606538889,-202.15526433694444,0,0,64.13299707583333,66.97306344388889
2026-05-23T21:00:00+00:00,77.60205360339944,-161.8487836336111,-179.30389280416668,0,0,52.55538820444445,55.211525662777774
2026-05-23T22:00:00+00:00,1189.0994713093594,-204.11644844555556,-233.8139196283333,0,0,38.75239158888889,40.668965719444444
2026-05-23T23:00:00+00:00,89.57327644221446,-73.69845216138889,-96.58645212388889,0,0,30.445637969444444,30.773743372777776
2026-05-24T00:00:00+00:00,48.86511554295333,-109.53307730249999,-115.62174034777779,0,0,23.86816392,24.031047476944448
2026-05-24T01:00:00+00:00,77.44014588357444,-86.31789039249999,-89.8306919936111,0,0,16.974215312222224,16.870764310277778
2026-05-24T02:00:00+00:00,117.29012443182944,-73.49604954361111,-75.02375580833333,0,0,12.507667431111111,12.508668901944445
2026-05-24T03:00:00+00:00,242.82182965286222,0,0,0,0,10,10
2026-05-24T04:00:00+00:00,171.7032355460475,19.333994825,6.902990800833334,43.76729005138889,49.68491413305555,10.869726093611112,10.819071813055556
2026-05-24T05:00:00+00:00,67.03892728752332,17.34223054861111,30.198147200555557,112.31599155416667,126.97019804527777,11.630521861666667,11.579900834722222
2026-05-24T06:00:00+00:00,113.46714704873,112.34283102722223,97.52363137138889,169.9298956136111,168.55889062333333,14.448737003333333,14.635192821944445
2026-05-24T07:00:00+00:00,112.97700035755696,205.36435819,205.01278842027776,246.21371277333333,295.72280537805557,22.72262000472222,23.334248504722222
2026-05-24T08:00:00+00:00,121.59971099938723,216.9236770013889,277.5217218877778,302.2157539575,436.77989812833334,36.30723794861111,39.106960191388886
2026-05-24T09:00:00+00:00,2265.006396145617,103.6232886586111,91.01908001833334,314.21431634944446,359.7306585966667,44.52804957722222,48.89184283666666
2026-05-24T10:00:00+00:00,1691.778995745239,102.01062406749999,94.64657422166665,509.0529233030556,545.3220196561111,48.006346031944446,52.80552500361111
2026-05-24T11:00:00+00:00,389.36821496939086,221.61338283472222,216.2729190963889,387.7968676955556,437.75084866222227,57.41869497361111,61.711496221666664
2026-05-24T12:00:00+00:00,1265.4677840789855,87.96987500583333,117.57317294527779,281.1472872877778,458.8092503769444,69.09328574555555,74.80048776694444
2026-05-24T13:00:00+00:00,457.1288105727081,-20.941771101666667,9.212399139444445,101.06546548055555,194.07479239166665,69.86341182472222,77
2026-05-24T14:00:00+00:00,221.56253814164447,-28.1140912325,-26.425567143888888,69.86014940083334,91.9774270963889,67.38229094388889,76.64314504333333
2026-05-24T15:00:00+00:00,239.59741953260416,-55.67089427166667,-84.20661151666667,39.88824243472222,41.75789330916667,64.97212753222222,72.90529074805555
2026-05-24T16:00:00+00:00,1579.652854787643,24.34032821888889,-33.896779135833334,25.363816619444446,25.419983678055555,63.5896850925,68.02854441222222
2026-05-24T17:00:00+00:00,198.10237339021307,-102.08410633027778,-92.61301064916667,1.2589833708333333,3.536229107777778,61.554523553888885,66.33568018916667
2026-05-24T18:00:00+00:00,69.06326298207084,-161.36495087916668,-199.4266341563889,0,0,51.62640074472222,55.787925181944445
2026-05-24T19:00:00+00:00,103.43792552049364,-181.26439769916666,-204.88429955555554,0,0,40.280788986666664,42.68291505611111
2026-05-24T20:00:00+00:00,-8.246758304937222,-239.15549232166666,-228.4250922027778,0,0,25.66032519166667,28.783571291666664
2026-05-24T21:00:00+00:00,192.97674476598692,-100.90160235722222,-169.94965960166667,0,0,13.24463283888889,14.425173724166667
2026-05-24T22:00:00+00:00,428.3993106768161,0,0,0,0,10,10
2026-05-24T23:00:00+00:00,314.1242579590722,0,0,0,0,10,10
2026-05-25T00:00:00+00:00,372.55570408302725,0,0,0,0,10,10
2026-05-25T01:00:00+00:00,319.84784665546164,0,0,0,0,10,10
2026-05-25T02:00:00+00:00,280.0307407348314,0,0,0,0,10,10
2026-05-25T03:00:00+00:00,259.5259787676867,0.066544,0,0,0,10,10
2026-05-25T04:00:00+00:00,194.46173339347752,23.803793521111114,23.22294767138889,57.941826391666666,52.92430852555555,10.903893172777778,11.005062938888889
2026-05-25T05:00:00+00:00,67.19772849373861,41.20375563861111,41.22326137194444,146.47714837444445,155.90975124722223,12.40776169138889,12.409051142777777
2026-05-25T06:00:00+00:00,108.48199501500471,138.0389360275,123.40687754861112,228.08596295583334,186.4755277313889,17.558803945833333,17.485389771666664
2026-05-25T07:00:00+00:00,1140.084933758634,237.1820751197222,212.66221420694444,432.66599253999993,315.02507525472225,27.533499940555554,25.841337514444444
2026-05-25T08:00:00+00:00,730.1542123647101,230.2528064997222,174.11448607833333,557.7720890794444,447.8433118463889,41.98482667472222,40.58449931444444
2026-05-25T09:00:00+00:00,200.2991794041603,406.1833262316666,412.67132180222217,631.403830948611,590.3014262597222,59.10235317527778,55.736644176666665
2026-05-25T10:00:00+00:00,176.77371677119694,452.6991278163889,495.81550030249997,659.3971972716666,675.7253598141667,83.55717452861111,81.74791456333334
2026-05-25T11:00:00+00:00,-504.18489719775584,116.07489212027777,114.7570981013889,645.1518317161111,656.5652437325,99.40396101972222,99.26979052472223
2026-05-25T12:00:00+00:00,-379.6471455104297,-34.370820296944444,0,296.3790376697222,591.1211607138889,99.82897380666667,100
2026-05-25T13:00:00+00:00,244.92101331320555,33.02952446833333,-58.48946627555555,33.806685226666666,95.721701595,98,98.86627230527779
2026-05-25T14:00:00+00:00,369.4362980839414,-13.489345120555557,26.377311736666666,23.426764938055555,33.24201424305556,97.44506964722223,96.12586035555556
2026-05-25T15:00:00+00:00,582.8273356723123,8.787976362222219,-3.217043786944441,26.515946329722222,29.209170016666665,95.91171729305556,96.29900527277778
2026-05-25T16:00:00+00:00,1117.1152245196151,1.9357280622222222,7.323626143888888,3.6280523316666664,9.526774465,95,95
2026-05-25T17:00:00+00:00,140.32116167688054,-234.82025162361114,-199.97709268166668,0.24998602499999997,0.5998254816666667,87.49680682472223,89.8598843475
2026-05-25T18:00:00+00:00,1352.2563185639053,-281.39822303249997,-306.52948403805556,0,0,69.866420785,72.7149300875
2026-05-25T19:00:00+00:00,351.2618610136928,-200.0793289438889,-228.36641294722222,0,0,53.083778591666665,55.5696329175
2026-05-25T20:00:00+00:00,239.10517470629085,-209.47163345083334,-225.5637641436111,0,0,39.20245755222222,41.01571931777777
2026-05-25T21:00:00+00:00,90.63316510402028,-149.9549964663889,-164.63157408027777,0,0,28.001636305833333,29.442471731666668
2026-05-25T22:00:00+00:00,103.10216334765,-134.64281893111112,-159.62017873222223,0,0,17.99026057888889,19.023189489166665
2026-05-25T23:00:00+00:00,1471.4842613641983,-61.94336628944444,-63.88995877972223,0,0,10.532277212777778,10.514620511944445
2026-05-26T00:00:00+00:00,272.6269424973914,0,0,0,0,10,10
2026-05-26T01:00:00+00:00,298.91379241662725,0,0,0,0,10,10
2026-05-26T02:00:00+00:00,290.11732549223865,0,0,0,0,10,10
2026-05-26T03:00:00+00:00,276.28229595881305,0.06649120777777777,0.4988218438888888,0.28312179666666665,0.9320296922222222,10,10
2026-05-26T04:00:00+00:00,202.22793803249724,12.704304723055557,8.624403013333334,55.156170913333334,59.49338504055555,10.9318999225,10.983280463888889
2026-05-26T05:00:00+00:00,54.70072183391278,34.615301368611114,34.49129983638889,159.46941535055555,179.3390488697222,11.291428261388889,11.342619444722223
2026-05-26T06:00:00+00:00,738.3485514814965,98.9084791836111,97.62490404166665,265.4104170525,320.4617023463889,15.023264268888889,15.144940204444445
2026-05-26T07:00:00+00:00,119.35528771045665,264.84216998694444,265.94609930083334,451.1695841447222,466.6123917658333,25.08539970777778,25.439268442499998
2026-05-26T08:00:00+00:00,52.55023066980749,349.3315522988889,367.5140816383334,518.8287070377778,564.9010947808333,42.03840748305556,43.25219586027777
2026-05-26T09:00:00+00:00,40.014742225073896,448.3924767905555,449.68111574805556,612.3692830419444,624.7719521583333,65.50653351166666,67.25241332083333
2026-05-26T10:00:00+00:00,796.2986509143898,290.01155993888887,280.77661415,633.5821580961111,638.7380692155556,85.46136120944443,87.44446068861112
2026-05-26T11:00:00+00:00,-109.34890902578525,63.026010731666666,45.71003481333333,619.1936051191667,629.7326487180555,98.39764239722223,98.86888799083333
2026-05-26T12:00:00+00:00,9.359502972000245,-42.490916405,0,297.4706056180556,554.9654700572222,99.88245963777779,100
2026-05-26T13:00:00+00:00,438.7826797090125,-82.44491719833333,-53.04477075277779,33.58623462277778,110.4916131811111,93.822681365,99.14153645361112
2026-05-26T14:00:00+00:00,245.93580400385028,36.722256871944445,-54.01301509,37.999390410833335,32.58162336527778,92,94.8352927586111
2026-05-26T15:00:00+00:00,174.90547028264191,-10.878645743333331,-25.207040858333333,34.61703831444444,37.41873628888889,91.66590265916666,92.9044288586111
2026-05-26T16:00:00+00:00,2393.780925829345,-60.28734319777777,19.13961555361111,11.653922030833334,25.879385066111112,88.39167241722221,92
2026-05-26T17:00:00+00:00,516.8332017696845,-86.42899891222221,-36.794821830277776,2.49313241,5.610814011111111,85.13772912055556,91.82976413972222
2026-05-26T18:00:00+00:00,332.4733666116797,-275.6939049561111,-333.3812885761111,0,0,72.75367249916667,80.79851854583333
2026-05-26T19:00:00+00:00,1464.4689202041425,-265.2842542038889,-329.84325376055557,0,0,53.90643499722222,59.75687515027778
2026-05-26T20:00:00+00:00,226.43300146450028,-223.86920306027775,-269.09772725833335,0,0,33.53318818861111,37.06637233527778
2026-05-26T21:00:00+00:00,95.72382211515527,-146.2005920725,-183.31443671583335,0,0,23.10702820111111,24.94716455472222
2026-05-26T22:00:00+00:00,91.06385978776916,-96.7614276786111,-125.83459444944445,0,0,14.705437426666668,15.083398042777779
2026-05-26T23:00:00+00:00,186.43944003629306,-56.237679226944444,-36.42141834222222,0,0,10.781209884722223,10.703535820555556
2026-05-27T00:00:00+00:00,283.89857209692417,0,0,0,0,10,10
2026-05-27T01:00:00+00:00,345.25633306097643,0,0,0,0,10,10
2026-05-27T02:00:00+00:00,598.4963079614982,0,0,0,0,10,10
2026-05-27T03:00:00+00:00,255.7826675395847,0.14802097833333336,1.0947983502777778,0,1.197683573888889,10,10
2026-05-27T04:00:00+00:00,192.13525297449334,16.501346366944443,10.196398995555555,52.69265249805556,59.92861064777778,10.924109121666667,10.924109710833333
2026-05-27T05:00:00+00:00,51.17566718920778,37.7853526425,40.30193426416667,160.2220990666667,178.24654569444445,11.476040026111113,11.509624659444443
2026-05-27T06:00:00+00:00,1326.2426734449934,160.4604730736111,167.1090086597222,307.26196042388887,327.02399308444444,16.677546021666668,17.08622518111111
2026-05-27T07:00:00+00:00,78.30365493207417,242.41151841472222,294.7227854872222,304.7778919241667,472.21708086000007,28.662996240555557,30.518846181111112
2026-05-27T08:00:00+00:00,409.35842921968646,209.749433875,259.44346844361115,387.4309859758334,601.9040753541667,40.77438027083333,47.270735702222225
2026-05-27T09:00:00+00:00,100.84839983112666,417.5309981013889,370.9489578138889,636.3809153066667,672.8036644475,58.51675296888889,64.35922403055555
2026-05-27T10:00:00+00:00,45.726171098180835,447.634166045,422.2618205230556,687.0539038408333,698.9522660691667,83.17517452722223,87.41595624333333
2026-05-27T11:00:00+00:00,-675.5445434217128,107.31934917333335,39.863626313888886,679.8916007280556,696.7448012258334,99.44359733027778,99.77603137194444
2026-05-27T12:00:00+00:00,-208.1882978000509,-44.79296682555556,0,310.9212195027778,624.9982023316667,99.87967872083334,100
2026-05-27T13:00:00+00:00,1760.5478282295435,-3.8060415386111095,-110.39278296305555,30.835735916111116,99.18289122666668,95.067335075,97.23935210249999
2026-05-27T14:00:00+00:00,360.136765407518,-8.10668108444444,23.895191927499997,24.80613881722222,33.63189067888889,94.68341394,93
2026-05-27T15:00:00+00:00,313.4122137037397,26.021786541944447,-38.527312459722225,28.77487260388889,20.91642381638889,94,91.42425475027778
2026-05-27T16:00:00+00:00,402.53419646290894,-8.683302450555555,4.417982789444444,2.9064376022222222,9.919514109444444,93.69417785916666,91
2026-05-27T17:00:00+00:00,341.3941042476992,-157.67679652249998,-112.1779108225,0.25915673333333333,0.6206837686111112,88.7201429586111,89.00019468277777
2026-05-27T18:00:00+00:00,81.70587931139694,-192.66596270944444,-197.6189880075,0,0,76.8836119486111,78.0771242775
2026-05-27T19:00:00+00:00,52.97887489487139,-191.23915975833333,-200.44772432416667,0,0,63.433204645833335,65.0020847775
2026-05-27T20:00:00+00:00,74.7983240947825,-187.25990262000002,-195.57018883,0,0,50.943063332777776,52.798035177222225
2026-05-27T21:00:00+00:00,75.83183476037166,-186.31123028361114,-205.4178614227778,0,0,38.12619904583334,39.816597935
2026-05-27T22:00:00+00:00,1156.826230915997,-181.2349520336111,-202.13974889250002,0,0,25.353703432499998,26.54384323777778
2026-05-27T23:00:00+00:00,94.04953269258722,-118.63546519972222,-120.76536785972223,0,0,16.822077403333335,16.703059958333334
2026-05-28T00:00:00+00:00,248.31278256424807,-61.779705387777774,-48.74199474916667,0,0,10.659125927222222,10.608008646111111
2026-05-28T01:00:00+00:00,398.21271823442424,0,0,0,0,10,10
2026-05-28T02:00:00+00:00,547.4541735802144,0,0,0,0,10,10
2026-05-28T03:00:00+00:00,268.77670338095226,0,0,0,0,10,10
2026-05-28T04:00:00+00:00,157.02353002071527,14.010400804722224,14.113767427777779,57.359911707500004,58.35542516055555,10.890475193611111,10.873560911388887
2026-05-28T05:00:00+00:00,313.77323677585304,21.113732986111113,23.29601779277778,167.6687852561111,193.51194238138888,11.512421224722223,11.546024613055556
2026-05-28T06:00:00+00:00,147.71704923547836,167.20457101555556,170.17397210166666,324.22825028694444,354.2338716258334,15.989510368055555,16.151350422777778
2026-05-28T07:00:00+00:00,46.671046698417776,298.71348216666667,314.24316892527776,468.9226728886111,506.8535007813889,29.608481648055555,30.211433893333336
2026-05-28T08:00:00+00:00,121.88665856319307,326.364024115,326.8710813272222,598.6473149705556,611.1211409622223,49.47249494,50.90905868111111
2026-05-28T09:00:00+00:00,150.14885231447138,151.34231430472224,396.1507061772222,172.94929687722222,602.7369887911111,61.06448706916667,69.37068697166666
2026-05-28T10:00:00+00:00,556.3234506910436,264.1021017047222,232.75446830305555,592.2572192019444,695.7607949183333,71.48738301777779,85.31551970472222
2026-05-28T11:00:00+00:00,-284.1615286942044,338.2625485513889,133.79906024,670.8862699302778,690.2156662172223,92.21077335611112,98.0022657986111
2026-05-28T12:00:00+00:00,-544.9554363241211,0,0,320.0930231019444,622.6536704594445,100,100
2026-05-28T13:00:00+00:00,508.0587039578125,-1.8647347258333333,-26.29494890777778,36.73055779194444,115.25917393611111,99.68813114083333,99.64931668694443
2026-05-28T14:00:00+00:00,1071.2639422326095,31.734490349444446,-28.949075332777777,33.54995318388889,26.215437461388888,99,97.06739672777779
2026-05-28T15:00:00+00:00,820.8144696210175,-1.2185235655555553,-85.51884742472221,24.481434534166667,25.783700355277777,98.67842429222223,93.06247793083332
2026-05-28T16:00:00+00:00,1374.4761199048107,3.592880927222222,5.528940420555556,4.1759927291666665,10.743441884722223,98.52797625138889,89
2026-05-28T17:00:00+00:00,176.211228336495,-212.4328169972222,-142.7622196086111,0.4442915238888889,0.9941660044444444,93.30483049944445,86.569837255
2026-05-28T18:00:00+00:00,77.97276501238557,-209.7894007925,-182.22334943694443,0,0,77.29847962333334,74.60966443444444
2026-05-28T19:00:00+00:00,1143.9191847698635,-260.0493375683333,-241.28306626111112,0,0,60.56518588611112,60.145492544722224
2026-05-28T20:00:00+00:00,79.75752943921528,-142.08634271666668,-150.83254021833332,0,0,48.01319368055556,48.36685520583333
2026-05-28T21:00:00+00:00,74.31140683644695,-163.89939673805557,-168.51988618,0,0,37.553454271111114,38.253642793611114
2026-05-28T22:00:00+00:00,753.4896579064065,-271.8713416333333,-280.19091468777776,0,0,20.0562362675,20.65268338
2026-05-28T23:00:00+00:00,792.3498532714761,0,0,0,0,10,10
2026-05-29T00:00:00+00:00,702.5495964163375,0,0,0,0,10,10
2026-05-29T01:00:00+00:00,662.4788737406551,0,0,0,0,10,10
2026-05-29T02:00:00+00:00,466.1745618436039,0,0,0,0,10,10
2026-05-29T03:00:00+00:00,619.2931497114239,1.084747098888889,0,1.5015227350000002,0,10,10
2026-05-29T04:00:00+00:00,401.803884230638,14.574074515277779,17.70401139166667,53.3684810588889,58.05652191944444,11.350402989722221,11.231237650277777
2026-05-29T05:00:00+00:00,336.7754672179881,57.50965632388889,52.508660341666676,150.45928529277776,141.87195723333335,12.80645466611111,12.893116159166667
2026-05-29T06:00:00+00:00,176.3165251080633,177.69875698111113,176.98088238444447,338.3010976147222,356.24188361305556,18.480884648611113,18.77965961
2026-05-29T07:00:00+00:00,8225.939801492921,270.3017936825,260.7276596522222,458.1023748163889,466.4771076033333,32.32751548583333,32.68740327027778
2026-05-29T08:00:00+00:00,11514.930600564267,235.587664615,255.82386146416664,553.8767305155556,585.4197995175,45.89718509,46.35045195805555
2026-05-29T09:00:00+00:00,13199.266286759377,375.8296231802778,376.4267146397222,638.9909244,645.4034294822222,63.95707959222222,64.65455592305555
2026-05-29T10:00:00+00:00,2630.220381751629,394.48629013444446,361.2133080588889,643.7473307016666,668.1021776752777,85.85218065916666,87.25138617361112
2026-05-29T11:00:00+00:00,173.1343999693532,0,0,646.9276737558333,643.6538781630555,100,100
2026-05-29T12:00:00+00:00,-632.6106406916356,0,0,314.58670130611114,587.0784427466666,100,100
2026-05-29T13:00:00+00:00,35.84952114497222,0,0,50.40259603972222,125.22230903944444,100,100
2026-05-29T14:00:00+00:00,93.9313689137797,0,-4.888274429722222,63.32732374333333,70.13524966166666,100,100
2026-05-29T15:00:00+00:00,28.871360290943333,0,0,82.20513784166666,91.31387277666666,100,100
2026-05-29T16:00:00+00:00,159.87867440053665,-3.6252232277777776,17.657825771666666,31.541835795555556,30.68346201,100,99.10036069361111
2026-05-29T17:00:00+00:00,201.39214929598498,-54.7152000325,-37.63192837638889,1.6764187533333332,4.9858100475,97.84566688166666,98.76102243055556
2026-05-29T18:00:00+00:00,73.49064815681444,-87.82902071194445,-103.73188220722223,0,0,93.56768563833333,93.93496058888888
2026-05-29T19:00:00+00:00,83.640184884165,-92.99023551222223,-101.61465727694444,0,0,87.12498494666666,87.29841345111112
2026-05-29T20:00:00+00:00,99.86023159197693,-79.63931714638889,-102.61883996694445,0,0,80.56470278888888,80.82993936861111
2026-05-29T21:00:00+00:00,92.5728655817664,-69.84332338277777,-83.78863747416666,0,0,74.97954723333334,74.69400525722223
2026-05-29T22:00:00+00:00,116.45214338954639,-140.8955566847222,-139.53118512833333,0,0,69.27976227305555,68.74226417916667
2026-05-29T23:00:00+00:00,61.85487407330612,-202.58019977777778,-206.69759424722224,0,0,54.127788657222226,54.71263629055556
2026-05-30T00:00:00+00:00,114.12171397908723,-59.84661705166667,-82.16157961694445,0,0,47.51386094777778,47.51530756138889
2026-05-30T01:00:00+00:00,1068.734771851416,-129.3908380188889,-154.5165205725,0,0,41.98059235638889,41.93341897055556
2026-05-30T02:00:00+00:00,99.64791068735612,-104.41550451305555,-101.3584867863889,0,0,32.1188138625,31.97794038083333
2026-05-30T03:00:00+00:00,110.66118407549806,-57.182586962777776,-70.71572189055556,1.149417292222222,1.1561821963888892,26.672271805277777,26.468336778611114
2026-05-30T04:00:00+00:00,211.2319850843489,4.635714830833334,13.657803083333334,36.09967923,34.66176691444445,25.55491732,25.128261241944443
2026-05-30T05:00:00+00:00,150.4822852985336,47.33553572444444,51.07574108222223,99.70460001777776,110.62160011833333,26.778712857777776,26.743699638333336
2026-05-30T06:00:00+00:00,169.9639633982911,64.62107169777778,71.03903781666666,148.15152668166667,95.68355441444446,30.313243141944444,29.952550794999997
2026-05-30T07:00:00+00:00,168.5899070878172,141.44936549555555,114.56691578944445,176.46075676777778,167.74874975972224,35.67276434916667,36.14807088777778
2026-05-30T08:00:00+00:00,140.56299725905083,126.97171154527778,110.71366974444446,224.0935802102778,152.6956296736111,43.290851457222224,43.03985263361111
2026-05-30T09:00:00+00:00,152.75165181319554,158.57502532,164.43461105361112,202.0106038713889,193.76688994527777,50.34802791305555,50.663820138333335
2026-05-30T10:00:00+00:00,163.11707746846392,101.6295934475,143.21067238861113,152.6684852275,178.27749245500002,58.52640698277778,58.525407345
2026-05-30T11:00:00+00:00,147.13830994420636,118.118633285,119.68667018416666,167.5040554238889,203.56961351861113,64.69158190555557,65.57861876305556
2026-05-30T12:00:00+00:00,130.17891412093195,112.63199870277778,79.98480941888889,129.2430754425,170.2837475313889,71.2963210313889,72.6584365813889
2026-05-30T13:00:00+00:00,86.53000501172137,49.009760944166665,65.54910128916667,115.02250334944443,163.54464220361112,75.86469755444445,76.71108581611111
2026-05-30T14:00:00+00:00,40.24214194305723,13.525350668055554,29.65831793,135.11972753277777,159.42047457583334,77,78.68574041444445
2026-05-30T15:00:00+00:00,49.42190902705082,7.5023347452777776,8.636273280833334,99.99365209416668,121.70174374083332,77.02463050805555,79.98352002777777
2026-05-30T16:00:00+00:00,145.1557851149789,7.2082080986111094,-10.650733014722224,53.72632131694444,61.43906991972222,78.710158325,79.96064673583334
2026-05-30T17:00:00+00:00,214.4855371387897,0.8710186991666665,-19.243428551388888,17.316982836388892,30.83341914972222,77.79442794055556,78.91092310583333
2026-05-30T18:00:00+00:00,106.06612838413334,-69.44965277194444,-68.59838792500001,0,1.0497822783333333,76.26959123222223,76.2343333311111
2026-05-30T19:00:00+00:00,97.30357078963111,-67.20414516305556,-74.69233898333333,0,0,71.27546718055555,70.93445784444445
2026-05-30T20:00:00+00:00,9684.25782593142,-254.11126576916664,-258.1313904163889,0,0,62.65065116638889,63.00759507694445
2026-05-30T21:00:00+00:00,11270.46615447249,-308.8385629363889,-338.59698157861106,0,0,40.53781094166667,41.33294546444444
2026-05-30T22:00:00+00:00,11127.29759538801,-242.37047119416664,-252.34129981527778,0,0,21.493061285833335,22.278308228333334
2026-05-30T23:00:00+00:00,11362.896433923905,-54.82853896138889,-72.56018572333333,0,0,10.821144824166666,10.954258246666667
2026-05-31T00:00:00+00:00,9992.615646798864,0,0,0,0,10,10
2026-05-31T01:00:00+00:00,996.9959403538696,0,0,0,0,10,10
2026-05-31T02:00:00+00:00,954.5596870743472,0,0,0,0,10,10
2026-05-31T03:00:00+00:00,967.7182962731787,4.504618193611111,4.033487249444445,4.962074200277778,4.748594108333333,10.062126854722221,10.028237990555555
2026-05-31T04:00:00+00:00,856.0230895110186,9.871889893611112,3.8826710380555554,66.8780552075,70.9049989938889,11,11
2026-05-31T05:00:00+00:00,618.8257756581022,0,0,178.9506932775,194.20229789944446,11,11
2026-05-31T06:00:00+00:00,367.72572795716275,3.986744073888888,1.6526284144444443,294.1472598275,319.3766506133333,11,11
2026-05-31T07:00:00+00:00,140.84001720982806,22.18616676777778,11.833231201111111,457.4505677908333,468.0421782086111,11.216556186666667,11.250329194722221
2026-05-31T08:00:00+00:00,142.13731588466308,121.90489281333333,132.6858852261111,456.34692559111113,488.2367572377778,14.092292109722223,14.281939505277776
2026-05-31T09:00:00+00:00,145.8860404512853,300.88673370833334,355.65684079305555,419.3654050275,557.3825031675,27.68242360361111,29.834631548333334
2026-05-31T10:00:00+00:00,1421.3867605597195,147.63024807944444,133.45017923333333,345.6658091469444,367.1627446461111,40.283159965555555,42.784266545277774
2026-05-31T11:00:00+00:00,231.07096457042528,51.76028896611111,52.07769318194445,218.29003470527778,244.48548392583334,45.530328717777785,48.36199332222222
2026-05-31T12:00:00+00:00,591.5988174690798,3.9302453283333336,8.273285034166667,177.59170949361112,260.1194056677778,46,49.240169445
2026-05-31T13:00:00+00:00,613.9214680315389,-21.085364051666666,-27.856039206388886,138.69194966972222,191.18954629138887,45.92603719638888,49.26818317388889
2026-05-31T14:00:00+00:00,182.90756670561805,-28.91146878166667,-24.521439294999997,115.8274249561111,147.15922068749998,44.733907549722225,47.58019757416667
2026-05-31T15:00:00+00:00,213.82536220367138,-28.00645353333333,-38.24021006416667,73.18131557916666,82.46158474944444,42.48129013333334,45.307216519444445
2026-05-31T16:00:00+00:00,212.6683831482411,-71.103087795,-76.29779271194444,33.21654658333333,38.01087334555556,38.72973790305556,40.55700968888889
2026-05-31T17:00:00+00:00,257.1259766301014,-29.124827804999995,-82.37109329305555,30.823116193055554,25.5989601375,35.19048344583333,35.661566487777776
2026-05-31T18:00:00+00:00,1180.0874456955137,-187.2047034375,-176.82312820444443,1.2304129744444445,3.6893921972222223,29.893739565833332,30.104388328055553
2026-05-31T19:00:00+00:00,243.9173504188834,-154.23423489055554,-184.8037084058333,0,0,14.683921600555557,15.326406106944445
2026-05-31T20:00:00+00:00,354.57883118065917,0,0,0,0,10,10
2026-05-31T21:00:00+00:00,328.95795769517855,0,0,0,0,10,10
2026-05-31T22:00:00+00:00,414.80004457800106,0,0,0,0,10,10
2026-05-31T23:00:00+00:00,664.6327373268542,0,0,0,0,10,10
2026-06-01T00:00:00+00:00,258.1567271202278,0,0,0,0,10,10
2026-06-01T01:00:00+00:00,251.25310882360748,0,0,0,0,10,10
2026-06-01T02:00:00+00:00,652.0694923102814,0,0,0,0,10,10
2026-06-01T03:00:00+00:00,292.3625325254903,0,0.04242363888888889,0,0.046669577777777776,10,10
2026-06-01T04:00:00+00:00,238.28487099567084,25.29164046,22.20518842555556,42.77677722805556,49.37394685694445,10.874753734166667,10.831556909166666
2026-06-01T05:00:00+00:00,252.10024389397472,24.845732806666664,20.150358545833335,127.31907310833333,133.14675629194446,12.62351800388889,12.6920523275
2026-06-01T06:00:00+00:00,450.54469259114643,60.74890015722223,61.888271706944444,234.1155777316667,243.20074766444444,14.983769053055555,15.086468694166667
2026-06-01T07:00:00+00:00,459.5767530923619,95.35197193916666,101.189829265,306.5899376938889,322.58420888694445,18.376301767222223,18.669334254166667
2026-06-01T08:00:00+00:00,158.29456601099722,148.00034855250001,123.48916073305554,272.4186509861111,261.97484697833335,25.564520635277777,26.0931879875
2026-06-01T09:00:00+00:00,1204.0754305652388,209.31095488916665,194.51265495416666,340.27401252305555,340.5296922327778,35.49835085527778,34.32315870277778
2026-06-01T10:00:00+00:00,227.73364064840052,282.3673518977778,207.28949102361113,476.82595343916665,272.37592669944445,49.998411143611115,44.95985236166666
2026-06-01T11:00:00+00:00,330.8630727874108,264.1161044438889,170.87571140444444,506.9398300769444,270.5520820719444,64.4954951775,56.183292483611105
2026-06-01T12:00:00+00:00,262.40645224861856,115.34660995777779,347.2613635733333,291.92229916,565.9885525894445,77.78078123361111,71.89728511638889
2026-06-01T13:00:00+00:00,159.9341386244047,-37.019088035833335,-5.003592689444444,55.14156050277777,131.74325004611111,77.64655629166667,81.96921837666666
2026-06-01T14:00:00+00:00,158.4449418995664,-37.83391994472222,-53.64761419305555,61.90948553277778,77.10880888083334,76.28867111555556,80.40116416777778
2026-06-01T15:00:00+00:00,274.91778508091,-69.26763838222222,-82.11344089500001,32.39457834805555,43.07394758277778,72.13088817944444,75.8888438275
2026-06-01T16:00:00+00:00,382.92368227085643,-121.26915530166667,-92.52032424666668,23.72516344722222,28.91665351944444,65.99650207861112,69.95148763666667
2026-06-01T17:00:00+00:00,357.3124498220216,-77.90075005416666,-115.1624135725,13.689532517777778,16.264460979166667,59.69207602611112,63.231022743055554
2026-06-01T18:00:00+00:00,122.81768877313222,-178.70323120166665,-219.1366426102778,0.2876450338888889,0.755164811111111,50.813035210833334,54.304252810277774
2026-06-01T19:00:00+00:00,1332.8638421151663,-254.7758688506531,-286.30695583279334,0,0,34.61468706040669,36.90921367694445
2026-06-01T20:00:00+00:00,75.02296302802249,-127.5398662788889,-146.15933564305556,0,0,21.358472199166666,22.891503035833335
2026-06-01T21:00:00+00:00,967.026410981059,-82.90453713611112,-106.73718409194446,0,0,13.523480411666668,13.866609380833333
2026-06-01T22:00:00+00:00,585.3319060183122,0,0,0,0,10,10
2026-06-01T23:00:00+00:00,844.3144922626285,0,0,0,0,10,10
2026-06-02T00:00:00+00:00,362.6520207791834,0,0,0,0,10,10
2026-06-02T01:00:00+00:00,254.8965569491361,0,0,0,0,10,10
2026-06-02T02:00:00+00:00,259.64896160987746,0,0,0,0,10,10
2026-06-02T03:00:00+00:00,763.933819632732,6.930203505833333,6.176005790555556,6.880230368888889,7.211433790555556,10.17605897888889,10.176059566666666
2026-06-02T04:00:00+00:00,529.9233307823389,18.809747176666665,17.1368730025,36.926846320555555,44.95774141111111,11.248835157499999,11.434621799722223
2026-06-02T05:00:00+00:00,575.1884005271194,42.66213561388889,39.438880795833335,135.03102172027778,166.91242696555557,12.591014790833333,12.741338999999998
2026-06-02T06:00:00+00:00,530.5131782825389,32.54402872972222,47.005786023333336,243.94089480083335,270.8646672436111,15.280431314166668,15.287086048333334
2026-06-02T07:00:00+00:00,595.1318836166521,95.64895223305557,95.33287020249999,305.2735345622222,325.9611289741667,17.111927288055558,17.80927465111111
2026-06-02T08:00:00+00:00,979.9232862008038,332.0582046919444,338.24467692666667,537.8140168622223,557.5677294938889,29.35655056888889,30.068202062222223
2026-06-02T09:00:00+00:00,174.544877233645,333.82494099055555,343.38194118166666,610.3091354430555,628.0635086969445,50.009299929444445,50.925833842777784
2026-06-02T10:00:00+00:00,286.574082964772,140.95961943805557,156.1213008413889,515.1660584730556,553.2932576513889,65.18466321277778,66.59275496055555
2026-06-02T11:00:00+00:00,175.8300484186764,150.5245165438889,188.20181690138887,366.69576138055555,456.6991331563889,70.11533958944445,72.823103115
2026-06-02T12:00:00+00:00,257.61524022588975,57.18147317416666,105.50194854472223,226.29732816249998,315.3026402713889,77.13986687055555,81.53834974388889
2026-06-02T13:00:00+00:00,389.60373096314805,0.6418675108333333,11.123572515,146.71607586527776,206.65711201638888,78,85
2026-06-02T14:00:00+00:00,381.34477013288114,-60.30973298027778,-27.12515762194444,88.45098437611112,117.75632667194445,74.6224134675,84.31979497583333
2026-06-02T15:00:00+00:00,170.36927600661082,0,0,95.60176411722222,111.8612999511111,74,84
2026-06-02T16:00:00+00:00,180.4328823928736,1.267634495,-32.287253506944445,73.99347751194445,71.03954241666666,74,82.62324276805556
2026-06-02T17:00:00+00:00,1639.4251673137112,-35.199956650833336,-52.95527582388889,22.031002596388888,21.020209638055555,73.36926419472222,79.44628548277778
2026-06-02T18:00:00+00:00,512.1770817820994,-389.7821688752778,-466.1669634163889,0,0,56.78724274888889,60.29688909888889
2026-06-02T19:00:00+00:00,68.42472703828277,-202.43293340888889,-231.15020307805557,0,0,38.799960741388894,40.684310707777776
2026-06-02T20:00:00+00:00,73.45093813821946,-196.64430270611112,-225.91340576416667,0,0,24.6630594275,25.95689096111111
2026-06-02T21:00:00+00:00,136.31013509753527,-119.80945700277778,-148.18730828388888,0,0,13.672118001666668,14.120754825555556
2026-06-02T22:00:00+00:00,2608.408789483729,0,0,0,0,10,10
2026-06-02T23:00:00+00:00,976.0818892115495,0,0,0,0,10,10
2026-06-03T00:00:00+00:00,617.834949392148,0,0,0,0,10,10
2026-06-03T01:00:00+00:00,257.8682529694003,0,0,0,0,10,10
2026-06-03T02:00:00+00:00,247.9743929177989,0,0,0,0,10,10
2026-06-03T03:00:00+00:00,256.08904157778255,0,0,0,0,10,10
2026-06-03T04:00:00+00:00,238.28445290931947,0.311084925,0.09453895722222222,0.11096577749999999,0.4194933758333333,10,10
2026-06-03T05:00:00+00:00,177.22714181079527,12.944398718333332,5.038129336944444,47.75686477055555,56.114288081388885,10.886055114166666,10.868335171388887
2026-06-03T06:00:00+00:00,204.78722872610058,0.7766468119444445,4.095766629444444,116.99913435694445,138.19392827944446,11,11
2026-06-03T07:00:00+00:00,72.43632059882222,18.470577608888888,21.92122433333333,155.67182134416666,187.7562004161111,11.178473896666667,11.24660943361111
2026-06-03T08:00:00+00:00,1267.0790107214273,25.14058928861111,19.713284135833337,169.1664823811111,200.48960667944445,12.498115348888888,12.807143696111112
2026-06-03T09:00:00+00:00,213.8557340109514,39.39488393745301,14.012612582073894,203.764316065001,250.3033053801258,12.68430512638889,13.156884922222224
2026-06-03T10:00:00+00:00,72.02646962203222,55.200054009722216,61.91812393888889,250.46544866416664,286.6701738752778,14.542847626666665,14.77206105888889
2026-06-03T11:00:00+00:00,1400.6944337647165,19.24161978972222,0.7983202458333448,214.0893613897222,226.18799487916667,15.772872586388887,16.687834059722224
2026-06-03T12:00:00+00:00,298.63852639746085,-43.496072434444436,-39.09898379194444,119.34683044166667,141.28218463166667,13.779386987777777,13.854715434444444
2026-06-03T13:00:00+00:00,110.52244037933998,19.780404252500002,8.67542792611111,152.47913862416667,185.3342815175,12.006604966944444,12.125026966944445
2026-06-03T14:00:00+00:00,184.0470567083447,7.180104903888889,17.83452265916667,144.30796881083333,179.21270070555556,13,13
2026-06-03T15:00:00+00:00,1436.171423373946,0,2.0246695397222223,119.89085298111111,143.20248343,13,13
2026-06-03T16:00:00+00:00,226.39723918421086,-7.093771733055553,-21.61522921972222,45.800753953333334,58.79577516916666,12.931398440833334,12.983330063333334
2026-06-03T17:00:00+00:00,265.69815868656974,-35.80697327444444,-31.480757003333338,19.0986247125,14.33254271388889,13.165865493333333,12.668126269722222
2026-06-03T18:00:00+00:00,2650.8466973731947,-10.300969049166667,-7.956785556944445,0,0,10.092211722777778,10.06541001138889
2026-06-03T19:00:00+00:00,379.3861150757055,0,0,0,0,10,10
2026-06-03T20:00:00+00:00,9633.133921211545,0,0,0,0,10,10
2026-06-03T21:00:00+00:00,11598.420558279902,0,0,0,0,10,10
2026-06-03T22:00:00+00:00,2001.919629776204,0,0,0,0,10,10
2026-06-03T23:00:00+00:00,731.6030322074452,0,0,0,0,10,10
2026-06-04T00:00:00+00:00,455.32228587921696,0,0,0,0,10,10
2026-06-04T01:00:00+00:00,536.2094473078495,0,0,0,0,10,10
2026-06-04T02:00:00+00:00,237.3262872874753,0,0,0,0,10,10
2026-06-04T03:00:00+00:00,245.27934110209608,0,0.10622625722222223,0,0.005622131944444444,10,10
2026-06-04T04:00:00+00:00,175.66709538649752,7.975345469166666,4.5881354241666665,41.308220588055555,50.94845681277778,10.797718971944443,10.882430912777778
2026-06-04T05:00:00+00:00,93.31321495275417,55.093383116944445,55.22078263,120.98217544611111,157.71281633305554,11.62353500638889,11.640187680277778
2026-06-04T06:00:00+00:00,144.44884933234752,96.56466884305557,96.63146910500001,163.87949592527778,127.43571457166667,16.48997637277778,16.66237985638889
2026-06-04T07:00:00+00:00,521.6337154904769,95.73328880999999,70.61155237999999,235.2196043077778,174.93257393222223,21.584761053888887,21.563233114444444
2026-06-04T08:00:00+00:00,2978.07682756896,19.2576713125,19.903047974722224,316.58600984944445,315.36772244,24.477265431666666,25.20687840361111
2026-06-04T09:00:00+00:00,377.01022739405107,172.82179226305553,195.35378789694445,306.6088103025,388.0583911605556,29.166780373888887,30.78724333
2026-06-04T10:00:00+00:00,1734.017713089381,108.38222221222223,118.68599167416666,272.6309430125,344.3289375875,38.66241091472222,41.58566653916667
2026-06-04T11:00:00+00:00,893.0097579242138,6.713625544999999,9.173851063888884,214.9901738886111,262.7108939786111,42.14824818833333,44.732492099722215
2026-06-04T12:00:00+00:00,502.2636550876553,-28.567305280833335,-22.059268776944446,111.34181898861111,129.28953672,40.85792567055555,43.46311826555556
2026-06-04T13:00:00+00:00,180.06626801618222,10.943034144444445,14.763821225555555,146.58113428583334,178.05516176472221,40,43.24187552750001
2026-06-04T14:00:00+00:00,251.1083024897164,-25.051535471666668,-63.838035483611115,45.341867960555554,51.81275120750001,39.09906286555556,41.46799894777778
2026-06-04T15:00:00+00:00,280.870154660588,39.68544558,1.5363241302777781,83.727881115,101.76932183833333,39.24489669055556,39.98305159833333
2026-06-04T16:00:00+00:00,253.5928071089936,-13.86844399611111,0,59.591200068333336,78.63109657138888,40.89784585416667,40
2026-06-04T17:00:00+00:00,352.09963995947754,-17.081438293888887,-12.690664134444445,18.083662925833334,31.707369594722223,39.22000982805556,39.35702207138889
2026-06-04T18:00:00+00:00,1509.4192506923252,-164.2082641363889,-166.0414419352778,0,1.1317901158333334,34.077523803055556,35.303357051944445
2026-06-04T19:00:00+00:00,97.52525775537278,-119.43382091055555,-134.31940855000002,0,0,23.633144666666666,24.065221975
2026-06-04T20:00:00+00:00,102.33025520770612,-122.91195537861113,-132.20484512416667,0,0,14.924891375,15.280202295277777
2026-06-04T21:00:00+00:00,758.4625542950615,-4.133833899722222,-3.585972676666667,0,0,10.069028798333333,10.103337350277778
2026-06-04T22:00:00+00:00,369.4214555608208,0,0,0,0,10,10
2026-06-04T23:00:00+00:00,325.604341312755,,,,,,
2026-06-05T00:00:00+00:00,329.26630921219584,,,,,,
2026-06-05T01:00:00+00:00,698.6805345791591,,,,,,
2026-06-05T02:00:00+00:00,318.9336209964328,,,,,,
2026-06-05T03:00:00+00:00,308.3886346030925,,,,,,
2026-06-05T04:00:00+00:00,293.3417981891775,20.920567579666667,17.363750355,22.860113888333338,29.30458512366667,10.711260010666667,10.711260674
2026-06-05T05:00:00+00:00,235.76672535311275,0.31814600222222156,7.108975342222223,50.21337702833333,64.78350414138889,11.844622984166667,11.682700985833334
2026-06-05T06:00:00+00:00,1422.6535275406914,4.8442343525,-1.8876553658333337,114.20592763916666,134.05533265472224,10.991324685833334,11.025349553055555
2026-06-05T07:00:00+00:00,1080.0957086443743,17.934745020833333,23.167592279166666,208.70362908694446,237.94308330361113,11.029369691388888,11.012425480555557
2026-06-05T08:00:00+00:00,324.9484908969967,163.6269286713889,168.02442537944447,393.3793666405556,420.44818145722223,17.256186839166666,17.603742879722223
2026-06-05T09:00:00+00:00,160.58872442059666,16.098394944722223,58.86327320527778,150.1675263711111,253.51806691638888,21.29598589833333,23.15225823638889
2026-06-05T10:00:00+00:00,2716.4530460876163,-45.95822270333334,-56.04667891916667,115.67050173916668,142.41711174777777,20.544656173333333,23.698213420555557
2026-06-05T11:00:00+00:00,126.1501628306961,193.58159824722222,216.86913119944447,254.56627472222223,410.7214561286111,24.812139883055554,27.996587850555557
2026-06-05T12:00:00+00:00,108.27713218414863,47.345534674722224,27.807595322777775,134.65896040555555,206.02281604027777,30.737903149999998,35.5327275075
2026-06-05T13:00:00+00:00,92.80190720976917,28.630212293055553,3.946168812499995,134.99235491555558,179.582557465,32.245480199444444,36.46166656916667
2026-06-05T14:00:00+00:00,200.31401677655444,0.44995031249999995,-9.591118175833333,104.43876612055556,122.76148759916667,33,35.95692824638889
2026-06-05T15:00:00+00:00,192.5081876829536,-53.61716395222222,-68.59924889027778,56.74542858861111,47.95123848472222,31.11076097,32.493110154722224
2026-06-05T16:00:00+00:00,249.86544058509915,-41.35305589111111,-66.07824743361111,13.274097309722222,16.504014315555555,28.07699109777778,28.161426889166666
2026-06-05T17:00:00+00:00,446.26736480750697,-42.68422435777777,-34.14958085138889,17.123525168333334,18.087460570277777,25.691421394166667,25.285720715833335
2026-06-05T18:00:00+00:00,232.2758047119686,-182.69640181166665,-198.98436512888887,0,0,17.160356664166667,17.870490110833334
2026-06-05T19:00:00+00:00,347.75028148414054,-10.660006875833332,-17.88095827277778,0,0,10.129202724444445,10.16898755638889
2026-06-05T20:00:00+00:00,1691.4983328360815,0,0,0,0,10,10
2026-06-05T21:00:00+00:00,535.0542015019124,0,0,0,0,10,10
2026-06-05T22:00:00+00:00,697.4865316497097,0,0,0,0,10,10
2026-06-05T23:00:00+00:00,744.4661553055543,0,0,0,0,10,10
2026-06-06T00:00:00+00:00,257.57947594015303,0,0,0,0,10,10
2026-06-06T01:00:00+00:00,260.6923765476797,0,0,0,0,10,10
2026-06-06T02:00:00+00:00,384.1957443136589,0,0,0,0,10,10
2026-06-06T03:00:00+00:00,2000.7767704903024,0,3.201582181666667,0,3.7597288425,10,10
2026-06-06T04:00:00+00:00,1062.9697042967648,11.455430129166666,8.03132399611111,60.56078960194444,67.56501855944444,10.86076090611111,10.963251347777778
2026-06-06T05:00:00+00:00,614.7654980747728,44.50784650638889,34.2621342225,133.935731285,134.62846739694444,11.62244795,11.683437563055556
2026-06-06T06:00:00+00:00,142.87344600338167,74.24036113833333,103.73259263638887,100.98292992555555,164.43181217999998,15.731332007777779,15.7163573675
2026-06-06T07:00:00+00:00,204.46777697570917,215.73179807555553,244.3552073372222,248.7912970113889,320.36523921833333,23.82864806638889,24.005921636944446
2026-06-06T08:00:00+00:00,1336.3853046221773,212.27603469166664,247.37294852583332,429.8758840672222,560.2068571508333,33.362869075,36.83374744333334
2026-06-06T09:00:00+00:00,1382.9233173671612,116.395512145,134.24239454277776,348.84917922361115,501.07374150277775,42.33209889027778,47.783718353888894
2026-06-06T10:00:00+00:00,278.89980131701753,362.0000431886111,335.4441366336111,378.6735993302778,513.0925573277777,56.556364915555555,62.959715265
2026-06-06T11:00:00+00:00,303.2625262712553,159.059619005,60.29566538888889,159.0595823588889,139.44312797722222,71.51208854916666,73.76082315722222
2026-06-06T12:00:00+00:00,122.85145975940723,106.83895126472221,132.59312474527778,178.90612478000003,257.6287492358333,79.30186476861111,81.76330607027778
2026-06-06T13:00:00+00:00,2425.826067739065,0.3890586638888889,0.9615466183333333,95.09384752472222,116.92687561777778,81,84
2026-06-06T14:00:00+00:00,7731.051194012664,-160.02948947944444,-87.19044137777779,62.43460378555556,106.32137167861111,75.75366918666667,80.29910590638889
2026-06-06T15:00:00+00:00,7109.286371183117,-23.124079362499998,-23.93075621611111,70.87876354333333,88.7067899886111,69.5076129038889,77.32872557333333
2026-06-06T16:00:00+00:00,3652.7681755634208,1.5719596991666658,-37.78601278916667,46.29023167555555,40.34274933,68.88222675722223,74.51464699277777
2026-06-06T17:00:00+00:00,7256.997317926881,20.407540285,26.142777009444444,23.696207848333334,33.81606250944444,69.29689254416667,74.28598183083334
2026-06-06T18:00:00+00:00,7165.616877927088,-135.66035297833335,-135.98022333861113,2.450630490833334,6.089847194722222,66.71999497166667,71.97281840916666
2026-06-06T19:00:00+00:00,8122.176613321787,-237.82060109388888,-274.42363380166665,0,0,54.26656067222223,59.155718869999994
2026-06-06T20:00:00+00:00,651.9258309586058,-155.8143606925,-187.2261615036111,0,0,39.44510080138889,43.198268804722225
2026-06-06T21:00:00+00:00,712.3579336680506,-335.08981647444443,-372.0423896802777,0,0,20.162697204166665,21.604287713055555
2026-06-06T22:00:00+00:00,581.8230076591053,-12.946097724722222,-18.466906543333334,0,0,10.127845371111112,10.195720400277777
2026-06-06T23:00:00+00:00,1085.5433696531825,0,0,0,0,10,10
2026-06-07T00:00:00+00:00,349.75053729286947,0,0,0,0,10,10
2026-06-07T01:00:00+00:00,312.1073980024044,0,0,0,0,10,10
2026-06-07T02:00:00+00:00,291.7898107663172,0,0,0,0,10,10
2026-06-07T03:00:00+00:00,301.2140162489308,0,0,0,0,10,10
2026-06-07T04:00:00+00:00,249.5946124013739,19.08803561611111,18.659396638333334,35.088398045,36.85994046555556,10.500050502777777,10.559670032777777
2026-06-07T05:00:00+00:00,195.49500220666553,11.87887290222222,13.519745654444444,67.07574709916666,66.57288337722223,11.942999953333333,11.976322509444444
2026-06-07T06:00:00+00:00,153.86540178342167,66.30481684527778,56.65225529472223,159.7869828972222,165.51402403722224,12.02805487388889,12.137843718333334
2026-06-07T07:00:00+00:00,141.6940695372925,205.03688251138888,236.9210258261111,341.382232035,439.2937732755556,22.154367180833333,23.08974073583333
2026-06-07T08:00:00+00:00,234.658108327665,248.65458898083332,222.45068112916667,378.7495934938889,379.1786144169444,33.409083439999996,34.80731258416667
2026-06-07T09:00:00+00:00,242.6677981618325,48.018648917777774,75.90233255555556,220.83505272333335,298.10607595861114,43.224896782222224,46.012204538611115
2026-06-07T10:00:00+00:00,2216.4372409623147,107.59379105222223,115.84822416194446,278.43724091083334,367.09492916694444,45.31726261944444,49.53910535833333
2026-06-07T11:00:00+00:00,232.40555429173142,41.417638060277774,52.01384549333333,154.9470796986111,206.2350087497222,49.55929693361111,53.94058702638889
2026-06-07T12:00:00+00:00,102.14007450641527,92.62138303777778,107.43349958666668,149.21813739722222,253.87868970527776,53.849950021388885,57.51936303611111
2026-06-07T13:00:00+00:00,117.62563047614445,40.89551922416666,59.08179146,104.3888456725,203.5898155897222,58.16152972444445,63.60647130833333
2026-06-07T14:00:00+00:00,94.96383510580029,14.521864268333333,10.556674987500001,104.69328337333333,135.89361533472223,59,64.67139503388888
2026-06-07T15:00:00+00:00,311.95877553218975,3.618748133611111,0,74.00506734361112,92.08545524277777,59,65
2026-06-07T16:00:00+00:00,1289.4334397192413,-43.63550242833333,-50.68019761222222,33.588362752222224,41.03533249611111,57.03128337388889,61.31801500222222
2026-06-07T17:00:00+00:00,244.33249211948416,-30.447486021666663,-43.972764938055555,4.846311888055555,4.9700995875,55.87315695055556,60.000146560833336
2026-06-07T18:00:00+00:00,110.20209539534527,-86.5874978913889,-123.7927364947222,0,0,51.73459108111111,54.69057015194445
2026-06-07T19:00:00+00:00,1270.940141125248,-192.8278382175,-205.40459972749997,0,0,42.36663600111111,44.48630031305555
2026-06-07T20:00:00+00:00,104.3050539001111,-174.91918701666668,-199.76834123972222,0,0,28.810685153611114,30.387187825277778
2026-06-07T21:00:00+00:00,121.69092810401555,-145.22121155611111,-166.05924288694445,0,0,18.22862658777778,19.09082054916667
2026-06-07T22:00:00+00:00,1110.4063214751711,-27.203892392777778,-31.951806835833327,0,0,10.389330733055555,10.440615178611111
2026-06-07T23:00:00+00:00,861.5295131414864,0,0,0,0,10,10
2026-06-08T00:00:00+00:00,474.890646670947,0,0,0,0,10,10
2026-06-08T01:00:00+00:00,295.2815510847061,0,0,0,0,10,10
2026-06-08T02:00:00+00:00,273.70987884687804,0,0,0,0,10,10
2026-06-08T03:00:00+00:00,248.3594177303528,2.355243913888889,3.872987497777778,2.657301748611111,4.104105031666666,10,10.046880003611111
2026-06-08T04:00:00+00:00,303.3415730681767,31.097432959722227,32.112459545,49.45628307111111,46.358707225555555,11.309298555833335,11.407962915555556
2026-06-08T05:00:00+00:00,164.18537190513862,84.8556227875,82.11029815027779,121.74589514555555,117.90237334416666,14.008567781666665,14.145314091388888
2026-06-08T06:00:00+00:00,1060.657018694478,53.909711523055556,64.7296579875,268.53331484138886,280.34449993749996,18.086716553055556,18.170893257777777
2026-06-08T07:00:00+00:00,422.21859510864056,226.9760059886111,242.61739656111112,410.617345735,459.9002792944445,26.10860959361111,26.924451245
2026-06-08T08:00:00+00:00,622.5539620531549,201.5555729038889,297.65018056694447,266.7185177836111,487.33786066,39.137620517222224,42.26724946444444
2026-06-08T09:00:00+00:00,1126.5407922891245,202.0828807508333,303.7804234763889,271.04725746805553,501.8008309033333,49.71049310472222,58.13363130777778
2026-06-08T10:00:00+00:00,119.50013787243081,272.81010923805553,264.88643179166667,359.6541773911111,480.59751457777776,63.18184951388889,75.76504144222223
2026-06-08T11:00:00+00:00,142.38853424348946,188.08113690527776,169.46715323,267.47650207833334,369.7085039686112,75.90124030666666,87.22822860138889
2026-06-08T12:00:00+00:00,314.58962561898636,70.77550212999999,138.13744478027778,240.85266127833333,407.0300317041667,84.2780609538889,96.73634474111111
2026-06-08T13:00:00+00:00,232.87764099138278,-13.657056420833335,13.778949907222222,83.36964441277777,186.97067648305554,84.03009014805555,99.88464891555556
2026-06-08T14:00:00+00:00,621.0866918383483,-67.75191727111111,0,92.49997188416667,143.07409728305555,82.42770262972222,100
2026-06-08T15:00:00+00:00,1873.107426978806,-90.7774000086111,-110.19867099166667,83.16896963833334,106.69450702472221,77.02568695444445,97.4549467938889
2026-06-08T16:00:00+00:00,2893.859463094566,-151.08089682194446,-132.2633727111111,33.78028715527778,46.85270123805555,67.66938673888889,88.1660911536111
2026-06-08T17:00:00+00:00,1254.2117936290263,-30.80420328194445,-179.2253104311111,43.209399822499996,29.367264603333336,60.904782869722226,79.89956675666666
2026-06-08T18:00:00+00:00,3043.6088658428307,-154.08798093805555,-241.72496459527778,4.329232096111111,6.224170876111111,57.28012036583333,68.06973006722222
2026-06-08T19:00:00+00:00,108.00321869838557,-130.98711202333334,-182.49698573361113,0,0,45.71803313666666,52.84716372722222
2026-06-08T20:00:00+00:00,638.5386879750112,-205.29822915694444,-258.73968729166666,0,0,36.57023533138889,40.970507480555554
2026-06-08T21:00:00+00:00,244.91877535737083,-207.47287075611112,-257.5605216061111,0,0,19.736154427777777,21.252274601666667
2026-06-08T22:00:00+00:00,588.8126108627999,-43.019317808055554,-54.66413763611112,0,0,10.739308256944446,10.856689509166666
2026-06-08T23:00:00+00:00,652.5820055781544,0,0,0,0,10,10
2026-06-09T00:00:00+00:00,312.82324400904025,0,0,0,0,10,10
2026-06-09T01:00:00+00:00,300.96115109561,0,0,0,0,10,10
2026-06-09T02:00:00+00:00,311.00800662306614,0,0,0,0,10,10
2026-06-09T03:00:00+00:00,299.91241784729306,0,0,0,0,10,10
2026-06-09T04:00:00+00:00,286.52137538993776,18.474951689166666,21.548656188333336,19.056477315555558,26.282624268333336,10.712430263055557,10.849086678888888
2026-06-09T05:00:00+00:00,250.04358722663835,-6.466329727499997,-15.780444117222222,7.89029805388889,11.658034676388889,11.724182396111111,11.878348090000001
2026-06-09T06:00:00+00:00,1944.2090166501469,11.452852123611109,1.6819647833333338,46.207728653333334,57.08602376833333,11.162497960000001,11.07721242
2026-06-09T07:00:00+00:00,1123.0067575104313,0,0,83.73332745388889,98.72170700444445,11,11
2026-06-09T08:00:00+00:00,787.0925789869401,1.261661482777778,3.466569026944445,114.85647581527779,140.96038651944446,11,11
2026-06-09T09:00:00+00:00,157.85615828920695,15.738958993333334,16.10613673916667,170.0512330925,207.01291455527777,11.053525728611111,11.105173930555557
2026-06-09T10:00:00+00:00,1534.961821822968,0,0,163.30426955916667,190.40826978694443,12,12
2026-06-09T11:00:00+00:00,801.5874725844632,10.710028348888889,13.18905301888889,193.17090636055556,220.83113389444443,12,12
2026-06-09T12:00:00+00:00,1567.1285314771524,59.510954195000004,138.30386893611112,193.29697323916665,340.1941282733333,14.673906261944445,15.431418215
2026-06-09T13:00:00+00:00,199.71064519048946,-26.609356145000003,-59.581010705833336,107.9868236588889,151.1213450797222,15.324264500555556,16.263497677222222
2026-06-09T14:00:00+00:00,1799.856766087086,-39.08725970166666,-42.643868528611115,49.67699748222222,71.88121021944444,11.968878467777778,12.87512391
2026-06-09T15:00:00+00:00,1591.992442725642,0,0,58.24526884638889,64.54792726916666,11,11
2026-06-09T16:00:00+00:00,1715.4918823433272,2.5548069180555557,0,28.495610473055553,32.39782328416667,11,11
2026-06-09T17:00:00+00:00,1286.4040156246235,-3.9053876080555554,-4.919932984722223,8.502600934166667,13.446809081666666,10.790525478333334,10.857865041111111
2026-06-09T18:00:00+00:00,921.3459557379583,0,0,0,0,10,10
2026-06-09T19:00:00+00:00,1816.285123547407,0,0,0,0,10,10
2026-06-09T20:00:00+00:00,683.4483463100509,0,0,0,0,10,10
2026-06-09T21:00:00+00:00,918.0406563647856,0,0,0,0,10,10
2026-06-09T22:00:00+00:00,745.166797450941,0,0,0,0,10,10
2026-06-09T23:00:00+00:00,590.0945281052126,0,0,0,0,10,10
2026-06-10T00:00:00+00:00,288.9301619850967,0,0,0,0,10,10
2026-06-10T01:00:00+00:00,319.7162463683567,0,0,0,0,10,10
2026-06-10T02:00:00+00:00,1498.6036957135786,0,0,0,0,10,10
2026-06-10T03:00:00+00:00,2032.8901837593667,2.8570343105555556,2.421724401388889,2.8570376702777778,3.0636590419444443,10,10.023333841666666
2026-06-10T04:00:00+00:00,1106.2167012335801,4.208958151666667,3.5583567041666666,51.37428988111111,57.45940320888889,10.989632858333332,11
2026-06-10T05:00:00+00:00,211.36087883144307,2.3434258925,7.566346166111111,97.78242698499999,113.622987815,11,11
2026-06-10T06:00:00+00:00,384.4155325340509,130.56455133611112,126.02505855527778,260.39932192333333,291.80877796972226,13.0909850875,13.311596034722221
2026-06-10T07:00:00+00:00,6781.220987354474,144.43037058083334,140.25082526166668,424.64214971444443,436.87322228722223,20.775439204444442,21.203084701666665
2026-06-10T08:00:00+00:00,7628.006541427675,350.6597772680555,348.88359570333336,504.92744547055554,547.4366561372223,35.69112567833333,36.260211723333335
2026-06-10T09:00:00+00:00,7140.885827127821,102.91386490138889,121.7189609411111,281.90202912555554,310.31949723500003,49.15320505611111,49.615481960277776
2026-06-10T10:00:00+00:00,6929.701549280045,103.15395615861111,105.60051432972222,248.92205722111112,267.6540120808333,54.62657845138889,56.21103926055556
2026-06-10T11:00:00+00:00,6998.802590960793,214.3679093063889,242.56774427666664,338.08171775166664,432.70153806055555,62.53109694,66.05215903138888
2026-06-10T12:00:00+00:00,1424.9044406350713,137.65235931527778,206.53067768555556,275.24931781472225,403.3843925619444,73.59495760527777,79.07315028472222
2026-06-10T13:00:00+00:00,100.94555001583223,5.728645088055555,5.157379319444444,144.02719799333332,182.46681957750002,76.29164231722223,85
2026-06-10T14:00:00+00:00,1547.6436013132316,-40.52825071666667,1.3623195030555557,87.45214700722222,114.74842619166667,75.2222425775,85
2026-06-10T15:00:00+00:00,181.42629638401664,1.7847073072222222,-1.0328315977777778,79.13100280861111,94.61449077444445,73,85
2026-06-10T16:00:00+00:00,708.1161082310699,-45.67876755694444,-98.40989019055557,52.38027876888889,40.95639573111111,72.79655403583332,81.8718068386111
2026-06-10T17:00:00+00:00,567.2946224785723,-222.39603849388888,-259.07918780166665,5.437510602499999,7.3466174338888885,65.40752073555556,72.63372944666666
2026-06-10T18:00:00+00:00,2228.2971644938693,-208.37909222222223,-240.38255609916666,1.8010617577777779,4.609594076388889,51.08225419638888,57.1771649025
2026-06-10T19:00:00+00:00,287.3017837137136,-218.4148674308333,-273.03702992250004,0,0,31.850783132222222,35.52793182222222
2026-06-10T20:00:00+00:00,101.05220564281444,-148.71490147972222,-189.69809658805556,0,0,20.91685276361111,22.705272003055555
2026-06-10T21:00:00+00:00,367.9761840654433,-71.18931428555555,-88.63547744194445,0,0,11.161997891388888,11.245525955
2026-06-10T22:00:00+00:00,1170.0401377878247,0,0,0,0,10,10
2026-06-10T23:00:00+00:00,659.0581197164453,0,0,0,0,10,10
2026-06-11T00:00:00+00:00,287.40057724120055,0,0,0,0,10,10
2026-06-11T01:00:00+00:00,261.0746141348722,0,0,0,0,10,10
2026-06-11T02:00:00+00:00,965.6959875228514,0,0,0,0,10,10
2026-06-11T03:00:00+00:00,716.7188717458166,0,0.016672191666666666,0,0,10,10
2026-06-11T04:00:00+00:00,595.09767049226,9.966246311388888,6.482210056111111,46.41752641593799,47.47594023474835,10.633129809722222,10.599699370833333
2026-06-11T05:00:00+00:00,404.9219592243648,20.75156087277778,21.11477868472222,159.25140020944445,182.70103702583333,11.032483601666668,11.08386971
2026-06-11T06:00:00+00:00,2280.2405905562523,67.95421361916667,63.54433047194444,326.9042548422222,350.9526321883333,13.799348233055555,13.832731211944443
2026-06-11T07:00:00+00:00,658.7322212027944,126.59232465916666,120.98998809888889,428.02763700500003,447.78150550611116,18.99157334388889,19.346585211944447
2026-06-11T08:00:00+00:00,220.6755517199297,253.67361973250001,297.74053503277776,388.49963407083334,480.9794909205555,29.291466056666668,30.211775720277775
2026-06-11T09:00:00+00:00,147.9279471601939,201.9546254686111,206.15464739749999,283.6553711775,393.9575513819445,39.85632934833333,43.95166109638888
2026-06-11T10:00:00+00:00,348.92365260656,46.92199993722222,69.92766777472222,170.3128356425,246.52237790305557,47.52211229083334,52.07654596333333
2026-06-11T11:00:00+00:00,1471.3198108065628,35.680254950833344,26.286429579444455,183.19897701472223,242.6497790575,49.233010506666666,54.96730583111111
2026-06-11T12:00:00+00:00,102.0158087752614,69.46480208666667,84.06482511111112,195.19353236916666,269.4724805827778,52.17879145805555,58.251309810277775
2026-06-11T13:00:00+00:00,137.0936164482561,6.366549908888889,9.168863595833333,101.493766595,170.94004711805556,53,61.6181248325
2026-06-11T14:00:00+00:00,171.71293871920832,-19.37372604277778,-30.526871826666667,79.80773449388889,99.5382199886111,52.399500482222216,59.78316548972222
2026-06-11T15:00:00+00:00,128.90081535017305,5.96960398,-24.521248075000003,93.37758135333333,98.21269788805556,52,58.79877767833333
2026-06-11T16:00:00+00:00,202.57304949901084,-18.00055273888889,-49.20456362638888,45.66959696138889,42.607442498055555,51.500612911944444,55.332310239722226
2026-06-11T17:00:00+00:00,1148.4378732352964,-60.377482570000005,-145.08451301194444,14.181025766111112,19.314136741111113,48.98862841305555,50.88927667055555
2026-06-11T18:00:00+00:00,1444.7724136136549,-244.41998629361115,-242.46056868138888,4.913945217777778,4.952907543611111,38.899499964166665,37.7615560275
2026-06-11T19:00:00+00:00,132.35891192784086,-223.69037279583333,-237.01804953055554,0,0,21.539536874166668,21.47032585
2026-06-11T20:00:00+00:00,1273.0321068953137,-47.927472516111116,-65.7544616411111,0,0,10.741716882222223,10.927777962777776
2026-06-11T21:00:00+00:00,502.140837836485,0,0,0,0,10,10
2026-06-11T22:00:00+00:00,1532.9008081658703,0,0,0,0,10,10
2026-06-11T23:00:00+00:00,230.91853883796193,0,0,0,0,10,10
2026-06-12T00:00:00+00:00,226.75390803294832,0,0,0,0,10,10
2026-06-12T01:00:00+00:00,200.44127620448887,0,0,0,0,10,10
2026-06-12T02:00:00+00:00,211.0255435928783,0,0,0,0,10,10
2026-06-12T03:00:00+00:00,198.15163935286193,0,0,0,0,10,10
2026-06-12T04:00:00+00:00,186.67277064951278,16.679864962222222,19.190329004722223,22.3440662475,20.454392127777776,10.380206445833332,10.380207010833333
2026-06-12T05:00:00+00:00,160.5199580677481,14.928787659166666,4.9335361269444435,50.37686438916666,50.273417584444445,11.864915528055555,11.881350168055555
2026-06-12T06:00:00+00:00,273.9874339999439,23.64312061805556,24.473637709166667,134.7845568827778,154.78857866,12.325763245833334,12.375858653611111
2026-06-12T07:00:00+00:00,291.2765472168733,-15.26466858388889,-26.8161945775,115.6787291175,131.76203961916667,13.22312714888889,13.408668570555555
2026-06-12T08:00:00+00:00,2321.664570329539,12.692936046666668,19.33438876,157.76808860694445,178.85352410527776,12.318264893333334,12.233938138055557
2026-06-12T09:00:00+00:00,178.19318917647638,0,-6.795997431944445,111.48236430972223,123.74636205916666,13,12.9652689
2026-06-12T10:00:00+00:00,2838.1118864289397,1.248543155,3.349422048611111,148.435625285,173.64181267472225,13,13
2026-06-12T11:00:00+00:00,544.9849371597039,9.106970448333334,16.37854443722222,173.3047913152778,204.4233116888889,13.031589868611112,13.082146832500001
2026-06-12T12:00:00+00:00,635.0420327704902,21.488429122777777,25.064163345833336,175.59226410055555,209.86757527777777,14.086873999444444,14.240209733333332
2026-06-12T13:00:00+00:00,120.03643721123667,23.57685127611111,15.775386225277778,111.67371086694443,134.79524224861112,15.302986376944444,15.43908854861111
2026-06-12T14:00:00+00:00,159.8232376753689,7.964687818888888,7.948425552777778,62.012175230555556,74.13959341027778,16,15.8977855125
2026-06-12T15:00:00+00:00,174.44363907373167,0,0,55.76216578638889,66.74583655777778,16,16
2026-06-12T16:00:00+00:00,1345.922752763646,19.122269740833335,-21.946129358888896,49.62742068861112,55.83388226694444,16.314376630277778,15.75167726138889
2026-06-12T17:00:00+00:00,3143.1968730518934,-63.7313219286111,-14.478483298888888,1.4646884949999999,9.517723018055555,13.022349794722222,11.0583073325
2026-06-12T18:00:00+00:00,9048.984106712367,0,0,0,0,10,10
2026-06-12T19:00:00+00:00,9184.808397994751,0,0,0,0,10,10
2026-06-12T20:00:00+00:00,7177.430556992161,0,0,0,0,10,10
2026-06-12T21:00:00+00:00,7192.435998968332,0,0,0,0,10,10
2026-06-12T22:00:00+00:00,7397.906711784274,0,0,0,0,10,10
2026-06-12T23:00:00+00:00,7406.276507734255,0,0,0,0,10,10
2026-06-13T00:00:00+00:00,986.7410751054522,0,0,0,0,10,10
2026-06-13T01:00:00+00:00,208.1088977259789,0,0,0,0,10,10
2026-06-13T02:00:00+00:00,195.94094225473665,0,0,0,0,10,10
2026-06-13T03:00:00+00:00,200.26953734135972,5.474987469999999,5.414041496944443,6.20658106,6.126038173888889,10.239641830833333,10.079659868611111
2026-06-13T04:00:00+00:00,1270.1831476346592,8.99576242861111,13.61717521138889,42.740728213333334,40.34732086416667,11,11
2026-06-13T05:00:00+00:00,604.738290068408,27.701956709166666,22.752894689444446,73.51222934388889,86.27126544666667,11.613180176388889,11.612927670833335
2026-06-13T06:00:00+00:00,209.55159587635748,73.826774475,72.02031690694444,132.13136602111112,136.08430859416669,14.637767603333332,14.535934490277777
2026-06-13T07:00:00+00:00,104.80060446862082,57.46039416833333,51.18514605638888,113.05163523,132.58713548277777,18.383678299722224,18.33171278
2026-06-13T08:00:00+00:00,230.99444394068917,28.540866947499996,43.53749093583334,111.30906243166667,95.74109249499999,22.262415879444443,22.405170506666668
2026-06-13T09:00:00+00:00,1867.075455660591,18.011223634722224,0.11082065083333333,116.10430303555556,146.86386923527778,22.316593989166666,23
2026-06-13T10:00:00+00:00,100.83274098711222,55.35371441111112,59.257896061388884,110.614027525,187.92189509694447,24.58922521194444,24.913952526111114
2026-06-13T11:00:00+00:00,156.5600410811878,91.31936405916666,89.86643365305555,119.11554429583333,100.99467067111111,27.80626690638889,27.90507716888889
2026-06-13T12:00:00+00:00,171.3747298245797,84.408753215,89.39209272333333,94.76722593416667,151.94359147111112,33.44805086416667,33.35421233416667
2026-06-13T13:00:00+00:00,210.9974312973478,21.087948776388888,40.12595219138889,104.57454198833334,147.0271257488889,36.96076374472222,37.50318541666667
2026-06-13T14:00:00+00:00,151.2353943093325,-20.2873823975,-11.070068753055558,85.99049981861111,112.05362482083335,35.80674003861111,36.77338740611111
2026-06-13T15:00:00+00:00,193.1955445297253,0.013658223611111112,0.9334933147222223,90.27873974888888,104.75537535777778,36,37
2026-06-13T16:00:00+00:00,293.7579235229197,-47.65482157416667,-70.79637363611111,33.389980485833334,33.644947011666666,34.088343290000005,34.66624531777778
2026-06-13T17:00:00+00:00,215.15491571177947,-3.2148547316666662,-15.835097262222222,27.119455498055558,30.89976523027778,32.244955161111115,31.90167633361111
2026-06-13T18:00:00+00:00,140.60528798755277,-100.21001542777778,-87.8024320188889,0.4562958200000001,1.969382944722222,29.03213826111111,29.487484628611114
2026-06-13T19:00:00+00:00,96.93790716956084,-168.83010473777776,-188.85836316805558,0,0,19.13284461861111,19.815467950555554
2026-06-13T20:00:00+00:00,276.97297158988584,-56.44851946,-69.60743200777777,0,0,10.810082756944444,10.927842901944445
2026-06-13T21:00:00+00:00,318.6188409948297,0,0,0,0,10,10
2026-06-13T22:00:00+00:00,389.44079362887857,0,0,0,0,10,10
2026-06-13T23:00:00+00:00,1680.4141202099615,0,0,0,0,10,10
2026-06-14T00:00:00+00:00,607.3047863685143,0,0,0,0,10,10
2026-06-14T01:00:00+00:00,676.9472779409197,0,0,0,0,10,10
2026-06-14T02:00:00+00:00,675.664704374217,0,0,0,0,10,10
2026-06-14T03:00:00+00:00,411.344513860882,0,0,0,0,10,10
2026-06-14T04:00:00+00:00,499.8239520839616,18.750535278611114,19.27895895777778,41.66581453111111,48.74347362611112,10.657607283333332,10.725246759722223
2026-06-14T05:00:00+00:00,379.0156909517403,21.407144653611113,17.15621686,79.03529349333333,114.20993487666665,11.936300154166666,11.882474481944444
2026-06-14T06:00:00+00:00,245.39773047802666,10.202903332499998,20.085485339166667,94.23385847305555,89.43110848250001,12.710608210555556,12.710608907222223
2026-06-14T07:00:00+00:00,387.59500573769856,74.0870800675,52.02039230888889,143.84521461694445,134.04686661416665,14.160412416944444,14.463914132500001
2026-06-14T08:00:00+00:00,243.46489159050915,68.34317102944445,55.83719191,116.70809693305556,139.46650880944443,18.58343248361111,18.832421266666667
2026-06-14T09:00:00+00:00,1039.912174992345,64.97581256527778,109.07355521527778,240.54963156777777,278.3856539730555,22.294057057777778,23.144741624166667
2026-06-14T10:00:00+00:00,170.15003566634024,190.10828176722222,246.20012523305556,225.8892981097222,415.9615140583333,28.475134169722224,31.136532885833333
2026-06-14T11:00:00+00:00,221.22421495758363,187.48155936611113,194.403123585,216.98566719583332,279.67632975,38.57765290472222,43.74198133555556
2026-06-14T12:00:00+00:00,460.87999194133585,77.61797512722222,73.12326644,132.95252287777777,197.66164143888886,45.75203306472222,51.90301076833333
2026-06-14T13:00:00+00:00,373.8459717457111,-54.66193587083333,-71.12608456361112,77.55588627638889,107.56419069638889,43.80765148638889,51.01653189416667
2026-06-14T14:00:00+00:00,200.6442596260964,5.520074052777777,-28.615700346666667,76.185276815,85.8039214113889,43,48.22424813083333
2026-06-14T15:00:00+00:00,442.5255313059769,-31.376866369444443,-55.70558012777778,56.84172022055555,70.99692299638889,42.1142387675,45.98482004694444
2026-06-14T16:00:00+00:00,1102.2664385194853,-85.6602854875,-136.35003322527777,31.057863317777777,30.15987202722222,35.008890434444446,38.47558938472222
2026-06-14T17:00:00+00:00,188.88218935291366,-6.3658336536111095,-30.363599907500003,17.889780446666666,16.387673871666667,33.46110437388889,34.67996420055555
2026-06-14T18:00:00+00:00,88.38977472031667,-69.10586746472222,-74.45146059194444,0,0,31.79171196277778,31.48685112805556
2026-06-14T19:00:00+00:00,151.50541717976697,-124.13124221694444,-123.15127056805555,0,0,24.602635374722222,24.88367178277778
2026-06-14T20:00:00+00:00,97.07716812942583,-124.395190635,-134.06025982777777,0,0,15.936057409999998,16.42916006861111
2026-06-14T21:00:00+00:00,306.87090577565226,-18.619328358055554,-16.953583715277777,0,0,10.29497346,10.277312158888888
2026-06-14T22:00:00+00:00,343.4756635088536,0,0,0,0,10,10
2026-06-14T23:00:00+00:00,372.4433335024069,0,0,0,0,10,10
2026-06-15T00:00:00+00:00,256.1863903868864,0,0,0,0,10,10
2026-06-15T01:00:00+00:00,238.67365795909416,0,0,0,0,10,10
2026-06-15T02:00:00+00:00,186.27906147940666,0,0,0,0,10,10
2026-06-15T03:00:00+00:00,196.04975639554638,0,0,0,0,10,10
2026-06-15T04:00:00+00:00,187.78741893286528,12.923143260555555,12.386592723055555,13.14978302611111,15.772448078611113,10.5200821725,10.562743128888888
2026-06-15T05:00:00+00:00,180.94189108163778,29.047704774444444,16.153533488611114,39.506992526666664,51.869375805,11.6777396475,11.492185210833334
2026-06-15T06:00:00+00:00,244.5960209887381,-7.930497645555552,-18.156236528888886,53.35504596972223,68.78577292222222,11.678940220000001,11.678951142777777
2026-06-15T07:00:00+00:00,2013.338389398387,0.7711725397222221,2.591021321666667,103.6038584311111,126.73230558249999,11,11
2026-06-15T08:00:00+00:00,423.368078814535,49.54431235166667,70.83801152472222,199.0993891216667,224.73077528083334,12.898568895277776,12.932953115555556
2026-06-15T09:00:00+00:00,416.92160704445996,-33.28544013444444,-7.2604023816666645,112.04881647388889,136.79649008805555,13.113321445277778,13.215670040555556
2026-06-15T10:00:00+00:00,319.74693596744913,58.36807032638888,39.554135951111114,134.60575360666667,159.3240791588889,11.833786286944445,12.242322141666667
2026-06-15T11:00:00+00:00,336.33519738025797,125.686287675,132.1687442336111,227.60735753111112,276.1322738327778,16.26782597111111,16.701855999166664
2026-06-15T12:00:00+00:00,399.0622684576013,124.2368541988889,195.06634039694447,190.9034419952778,345.1938670452778,24.661687547777777,27.670069416944443
2026-06-15T13:00:00+00:00,102.1446595733575,44.55533672666667,32.03765436833333,116.62033802083334,185.10880979194442,29.75489859888889,33.85191727777778
2026-06-15T14:00:00+00:00,132.59112970603252,0.5003991958333333,-28.17258455111111,100.37986772694444,104.61271380694444,30,33.583295684166664
2026-06-15T15:00:00+00:00,159.66269642054166,0,0,75.32115603833334,89.38684174444444,30,33
2026-06-15T16:00:00+00:00,1730.9791333257447,-96.07595145361113,-144.08523109527775,42.84947759805556,42.07000997944444,28.134738820833334,29.58983299666667
2026-06-15T17:00:00+00:00,2125.321518777336,-56.83578472833333,-138.94348227916666,18.148620803333333,22.04004800527778,19.984693995555556,19.908472191944444
2026-06-15T18:00:00+00:00,486.1046915108745,-88.594103135,-37.57870396194445,3.435796253333333,12.320356773333332,15.195524902499999,13.226767832222222
2026-06-15T19:00:00+00:00,559.9792486403733,0,0,0,0,10,10
2026-06-15T20:00:00+00:00,824.0285338898449,0,0,0,0,10,10
2026-06-15T21:00:00+00:00,264.0903826383853,0,0,0,0,10,10
2026-06-15T22:00:00+00:00,2118.584220607308,0,0,0,0,10,10
2026-06-15T23:00:00+00:00,1460.2549410749177,0,0,0,0,10,10
2026-06-16T00:00:00+00:00,1868.7672533274065,0,0,0,0,10,10
2026-06-16T01:00:00+00:00,1042.4047902906884,0,0,0,0,10,10
2026-06-16T02:00:00+00:00,268.0170145570711,0,0,0,0,10,10
2026-06-16T03:00:00+00:00,1428.2756916109695,0,0,0,0,10,10
2026-06-16T04:00:00+00:00,879.6615347062428,14.099897332777779,17.788582244444445,62.12780727444444,67.02111782,10.854954836111112,10.821632048611113
2026-06-16T05:00:00+00:00,68.12458342814362,50.758862254444445,48.793579880833335,140.16837315611113,152.8547716641667,12.407153843055555,12.475152348888889
2026-06-16T06:00:00+00:00,266.2287716025272,51.49833537888889,48.353662246666666,175.28767826305557,172.8357220588889,15.4137087425,15.49819490027778
2026-06-16T07:00:00+00:00,145.2956051625653,216.22869627861112,221.327121705,402.89072698194445,441.8843441463889,21.886013266944445,22.464848929166667
2026-06-16T08:00:00+00:00,1360.094780488731,173.13710462583333,262.25838119472223,291.58247228888894,493.9093870061111,33.45612223472222,36.74111881222222
2026-06-16T09:00:00+00:00,2047.7898570461996,375.85308022333334,232.31860740333332,483.12032012027777,571.8572998388889,47.22630267916667,49.42667306972222
2026-06-16T10:00:00+00:00,148.87271938955334,408.35288237083336,329.69265310833333,600.0761265797222,415.2121745344444,69.95421238194444,67.0403368525
2026-06-16T11:00:00+00:00,-58.231766623978906,287.37891933500003,328.57672585305556,516.5767314558333,469.4447836655556,92.40363704722222,86.16298713777779
2026-06-16T12:00:00+00:00,-522.5642160858202,0,37.25940015861111,384.91435173777774,600.1153748661111,100,99.5641755813889
2026-06-16T13:00:00+00:00,7.803825533227223,0,0,120.49822401166666,216.77634580444445,100,100
2026-06-16T14:00:00+00:00,159.15168220760503,0,0,100.41673344777779,130.88153091444445,100,100
2026-06-16T15:00:00+00:00,125.08392463319473,0,0,90.89387123333334,111.35610533694444,100,100
2026-06-16T16:00:00+00:00,177.1194573501389,0,0,60.88621737194444,73.46396604833333,100,100
2026-06-16T17:00:00+00:00,351.48731027858133,-27.21795476861112,-79.65938315222223,37.51097893055555,37.305531630833336,97.23571728472223,97.11350835638889
2026-06-16T18:00:00+00:00,1849.0234000780495,-195.06945891833334,-170.66715835749997,5.815470379166666,12.023436992222223,93.46995682250001,92.776455555
2026-06-16T19:00:00+00:00,288.22585777074386,-190.28274629444445,-207.82074163888888,0,0,75.7977875975,77.02716419583334
2026-06-16T20:00:00+00:00,60.62770187826499,-121.46152986666668,-126.00384404666666,0,0,65.84670842333334,67.41872571138889
2026-06-16T21:00:00+00:00,55.18290707562195,-129.1054208452778,-138.2584363536111,0,0,57.04415801527778,58.858598699999995
2026-06-16T22:00:00+00:00,112.37351540422306,-230.4983513886111,-257.91366111972224,0,0,47.46974344388889,49.16745491972222
2026-06-16T23:00:00+00:00,101.08232236868612,-223.0082416802778,-273.59417659194446,0,0,24.551838479166666,24.976869250555556
2026-06-17T00:00:00+00:00,100.1937248450925,-39.36034844777778,-45.3659184975,0,0,19.47567735722222,19.031212665
2026-06-17T01:00:00+00:00,97.70781346963334,-57.58646211055555,-56.99733493638889,0,0,16.256770522777778,15.846799571944445
2026-06-17T02:00:00+00:00,76.43407300672972,-61.07535948805556,-59.53645615861111,0,0,13.190382769444446,12.662777714444445
2026-06-17T03:00:00+00:00,545.844872729777,-20.536162359444447,2.656432106944444,5.665083720555555,9.4578460475,10.584463355833334,10.393328559166667
2026-06-17T04:00:00+00:00,644.330163894832,6.423189703333335,2.7665538941666665,61.36611916472222,64.82646166361111,11.421957509999999,11.384268355277777
2026-06-17T05:00:00+00:00,289.70504180758087,54.567008530277775,60.843575369999996,161.1594060125,189.8032540275,11.765675847222221,11.80298035
2026-06-17T06:00:00+00:00,88.70446603775669,55.052527131666665,57.508604605277775,286.6094692052778,294.3521023883333,15.103720570277778,15.256467587777777
2026-06-17T07:00:00+00:00,3269.6616979404184,141.21239684305556,143.20821024055556,376.4684926483333,399.5599731058333,19.40234979888889,20.015546699166666
2026-06-17T08:00:00+00:00,6931.547345562572,338.8150459086111,357.31749859111113,498.52925947194444,567.4275153049999,33.16405440333333,34.459454623611116
2026-06-17T09:00:00+00:00,6936.589105949794,342.5319514886111,356.46828045583334,505.90828169805553,536.9714939127778,53.62575830833333,55.374162194166665
2026-06-17T10:00:00+00:00,7478.384135948324,296.14730710555557,302.7884299941666,588.3754048144444,637.3398677455556,70.12331365694445,73.07269796333334
2026-06-17T11:00:00+00:00,6467.118934538136,339.1476186486111,316.3263747461111,515.8746928947222,539.4648647722222,88.82738344583333,92.0838943936111
2026-06-17T12:00:00+00:00,-93.8165129773757,62.11845169027777,0,353.7150445288889,612.2483210769445,99.51290005944445,100
2026-06-17T13:00:00+00:00,101.01991936236084,0,0,95.44907990305556,195.54664318138887,100,100
2026-06-17T14:00:00+00:00,115.50721715314916,0,0,95.43122980833333,116.99167861666666,100,100
2026-06-17T15:00:00+00:00,143.73992941150195,-24.597397858888886,-23.402135604999998,84.91340251833334,106.26003254194444,99.72431291166667,99.87730114777777
2026-06-17T16:00:00+00:00,259.9526415480831,18.299463432777777,-48.52818850416667,33.353714000000004,35.331478106944445,98,96.81190446888888
2026-06-17T17:00:00+00:00,208.6950034456122,-61.13928872972222,-44.7570169325,26.756392144722223,39.356649901944444,95.32192607055555,94.14269704055556
2026-06-17T18:00:00+00:00,282.5402544816178,-561.753115711111,-539.9682050816666,0.2972569411111111,0.3353189555555556,77.24104328166668,80.06285764222223
2026-06-17T19:00:00+00:00,142.73127468876166,-374.5409462088889,-435.1792732786111,0,0,38.58068214666667,39.621550694444444
2026-06-17T20:00:00+00:00,1501.1366930145975,-290.5666791275,-275.63071151555556,0,0,20.280904615277777,20.68048989361111
2026-06-17T21:00:00+00:00,758.9311127296929,-17.78684511333333,-18.52890628138889,0,0,10.083035839444443,10.0997840275
2026-06-17T22:00:00+00:00,735.1000707839062,0,0,0,0,10,10
2026-06-17T23:00:00+00:00,604.4604934054174,0,0,0,0,10,10
2026-06-18T00:00:00+00:00,249.8240397162458,0,0,0,0,10,10
2026-06-18T01:00:00+00:00,274.47011752347663,0,0,0,0,10,10
2026-06-18T02:00:00+00:00,253.57195641029557,0,0,0,0,10,10
2026-06-18T03:00:00+00:00,266.7272034925686,0,0,0,0,10,10
2026-06-18T04:00:00+00:00,156.5535492137189,13.309299633611111,10.164421102222223,61.36085558972223,67.0992255536111,10.87105514361111,10.904386315555556
2026-06-18T05:00:00+00:00,113.03708877664833,47.662663791944446,37.699541132777775,128.66399675888889,119.2724135297222,11.988172880555554,11.997892353055555
2026-06-18T06:00:00+00:00,213.1796167754911,-27.50725619611111,-19.232524170555557,61.04322708055556,85.79405637194445,12.312338061944445,12.643268846388887
2026-06-18T07:00:00+00:00,702.1433965089723,51.13934093277778,40.37635909222222,231.05628369527778,243.4324691486111,14.069996825555556,14.479814386666668
2026-06-18T08:00:00+00:00,502.58496380093806,194.80074219083335,201.2761343463889,392.8809215077778,393.94065151499996,20.176114133055556,20.43262345833333
2026-06-18T09:00:00+00:00,1439.428469509555,160.3326439633333,159.57657880388888,306.69690473944445,326.3606014011111,31.989875888333334,33.44475456166666
2026-06-18T10:00:00+00:00,316.3799624832272,-14.264433919722228,8.34378964694444,101.17115361555555,176.07848714972224,35.51649405083334,38.073009255277775
2026-06-18T11:00:00+00:00,176.69231271644472,8.791450624444451,-5.570747960277775,108.38970864833333,160.62904288055555,35.733364810000005,38.91402619666667
2026-06-18T12:00:00+00:00,184.43910684781142,130.56567955055556,209.0943750336111,225.82934012666666,417.8380835838889,40.05858569888888,44.56564238388889
2026-06-18T13:00:00+00:00,600.334997881232,-103.62878643722222,-107.2485034388889,49.62093914222222,89.85245494166666,39.39147114888889,46.85187939111111
2026-06-18T14:00:00+00:00,205.9608801166619,-36.30020679444444,-68.58488003972222,66.22289771111112,79.6386440661111,34.86989532333333,40.55170566305556
2026-06-18T15:00:00+00:00,227.56260993060752,-54.918155577499995,-94.47320915888889,41.59117097305556,41.698785578055556,31.756101381388888,36.248990489444445
2026-06-18T16:00:00+00:00,799.8659957934811,-16.915710986944443,-72.40804870333334,31.463699412777775,35.53652945361112,27.980009518333333,30.59004630833333
2026-06-18T17:00:00+00:00,335.1250506302592,-23.176856134444446,-29.27242066777778,20.453676178333335,19.64298460611111,27.972637323333334,26.417979491666667
2026-06-18T18:00:00+00:00,1856.0162866994954,-195.61956590944445,-194.0835328008333,0,0,17.331891493333334,17.671897189166668
2026-06-18T19:00:00+00:00,480.2327659475416,0,0,0,0,10,10
2026-06-18T20:00:00+00:00,1721.0988752129815,0,0,0,0,10,10
2026-06-18T21:00:00+00:00,840.4213240588753,0,0,0,0,10,10
2026-06-18T22:00:00+00:00,729.8470689025977,0,0,0,0,10,10
2026-06-18T23:00:00+00:00,620.5098756719822,0,0,0,0,10,10
2026-06-19T00:00:00+00:00,342.55389552211614,0,0,0,0,10,10
2026-06-19T01:00:00+00:00,271.2882742047397,0,0,0,0,10,10
2026-06-19T02:00:00+00:00,280.34564610124863,0,0,0,0,10,10
2026-06-19T03:00:00+00:00,269.77690631497916,2.060203325,1.4840037158333335,2.060206545555556,1.6132552049999997,10,10
2026-06-19T04:00:00+00:00,189.32877923421336,13.708337159722221,10.127990018333334,55.108232602777775,59.92609744638889,10.983264031944444,10.98326464638889
2026-06-19T05:00:00+00:00,65.71535556253389,21.16446225138889,22.266534292777777,163.35028434722224,179.6492604538889,11.365188434166667,11.399076145
2026-06-19T06:00:00+00:00,1326.084204067562,115.65875578444445,118.80393071111111,314.3556428794444,328.3211484175,14.219720555277776,14.330999490833333
2026-06-19T07:00:00+00:00,822.1693726508507,127.49103811888888,125.56963126055557,442.9136049636111,453.16522287944446,23.32776683638889,23.876468010555556
2026-06-19T08:00:00+00:00,1162.5833808860887,169.50402548694447,165.98329573916666,521.632974781389,533.0679315722223,31.66739191638889,32.11214437361111
2026-06-19T09:00:00+00:00,410.4999535544409,231.30832660500002,221.29803817055554,491.5776097858334,491.12976909583335,39.36146378722222,39.82564539333333
2026-06-19T10:00:00+00:00,125.52502875634279,336.1412291294444,332.5902506141667,554.4368171977777,566.4734107213889,57.98678174611111,58.91041842388889
2026-06-19T11:00:00+00:00,129.66864713276777,28.470478901666667,37.02187073416667,276.37741072222224,310.13668095944445,67.91687091555555,69.45789372555555
2026-06-19T12:00:00+00:00,235.4963719027586,0,0,136.5432930475,152.93293964972221,68,70
2026-06-19T13:00:00+00:00,589.3803648757804,-57.28632781722223,-41.134512674999996,124.72466769694444,181.86524552111112,67.51697611305555,69.70438513777778
2026-06-19T14:00:00+00:00,1628.987301453553,-22.849202726666665,-137.3291298247222,32.887148052777775,30.767342177499998,62.73899748333333,62.44057888638889
2026-06-19T15:00:00+00:00,339.39265318630277,33.47669988305555,23.991333648055555,34.645625915277776,30.01543201277778,63.55547514277777,58.69211902666667
2026-06-19T16:00:00+00:00,1035.189048051868,3.1786177766666666,11.148125862777777,4.494093842222222,15.742338889444445,64.59597255583334,59.97323604777778
2026-06-19T17:00:00+00:00,401.5883487406989,-175.83999400555555,-120.781577175,1.1978000983333332,2.5153417094444444,61.48545903055555,57.11163127638889
2026-06-19T18:00:00+00:00,72.67772127054029,-328.7733875402778,-334.24621632916666,0,0,42.59758612416666,42.61283303916667
2026-06-19T19:00:00+00:00,864.5611907324247,-304.1994106847222,-329.2590032366667,0,0,18.54362048666667,18.766438120555556
2026-06-19T20:00:00+00:00,3603.2901083402853,0,0,0,0,10,10
2026-06-19T21:00:00+00:00,1519.0643240052652,0,0,0,0,10,10
2026-06-19T22:00:00+00:00,1015.4966866602495,0,0,0,0,10,10
2026-06-19T23:00:00+00:00,699.1158437742633,0,0,0,0,10,10
2026-06-20T00:00:00+00:00,567.9124416473675,0,0,0,0,10,10
2026-06-20T01:00:00+00:00,507.92994830962283,0,0,0,0,10,10
2026-06-20T02:00:00+00:00,508.6176651819467,0,0,0,0,10,10
2026-06-20T03:00:00+00:00,483.074030845207,0.22645931277777775,0.9313625211111112,0.19258295777777776,1.0192127149999999,10,10
2026-06-20T04:00:00+00:00,1165.4913010025186,12.50500950861111,7.952785980000001,60.551177557500004,66.60692738972223,10.938815172222222,10.972413789722223
2026-06-20T05:00:00+00:00,107.51000277100864,14.043999619444444,10.033715626111112,122.7751545963889,139.61812017083332,11.384921021944445,11.453799686666665
2026-06-20T06:00:00+00:00,85.37630533226195,56.703495615277774,67.66661173944443,142.9021819388889,217.4448930213889,13.341699524444444,13.427185830833333
2026-06-20T07:00:00+00:00,953.7619482142272,0,0.47136321611111104,139.95085440916668,161.6357217736111,15,15
2026-06-20T08:00:00+00:00,1614.4654177690154,0,3.1126795005555548,170.0338518086111,197.95981339361114,15,15
2026-06-20T09:00:00+00:00,1697.4971993448507,45.19064257416667,56.68734367722222,276.39245237666665,330.303515525,16.850745606944447,17.090208566944444
2026-06-20T10:00:00+00:00,366.16223380710306,-58.54325320611111,-89.17932960138887,51.91994826361111,58.08314336055556,16.156725378055555,16.328030398333336
2026-06-20T11:00:00+00:00,397.9035351304803,-51.68011047611111,-34.09287676361111,27.64276448861111,53.77103670555555,11.940250717777777,12.814600293055555
2026-06-20T12:00:00+00:00,309.546144991153,7.534499296111111,5.376161229444443,102.99128986722222,128.38751097472223,11,11.15955532
2026-06-20T13:00:00+00:00,212.10894504015945,13.486189818611109,12.048025643055555,147.0368489586111,201.49509797500002,11.855997933888888,11.941853824444443
2026-06-20T14:00:00+00:00,332.8836107643314,-4.6222743400000015,-9.067487362222222,77.20792450222223,95.75594614833334,11.768938428333334,11.863586295
2026-06-20T15:00:00+00:00,344.4857321612639,-11.164355645000002,-15.031249288611113,68.93657763361111,88.66394891444445,11.377445968055556,11.410907137499999
2026-06-20T16:00:00+00:00,500.394918484868,0,0,70.263941255,83.80835301361111,11,11
2026-06-20T17:00:00+00:00,1163.5929308633688,0.33756533722222226,0,30.96811463083333,38.76329917416667,11,11
2026-06-20T18:00:00+00:00,721.8253444039052,-1.84411501,0,0.35580474999999995,8.164388846666666,10.207588521666667,10.32700507388889
2026-06-20T19:00:00+00:00,2565.997986187626,0,0,0,0,10,10
2026-06-20T20:00:00+00:00,699.0870741757163,0,0,0,0,10,10
2026-06-20T21:00:00+00:00,646.1493513480991,0,0,0,0,10,10
2026-06-20T22:00:00+00:00,1155.9878433299907,0,0,0,0,10,10
2026-06-20T23:00:00+00:00,932.9646582813448,0,0,0,0,10,10
2026-06-21T00:00:00+00:00,474.40386749448083,0,0,0,0,10,10
2026-06-21T01:00:00+00:00,486.30231621807917,0,0,0,0,10,10
2026-06-21T02:00:00+00:00,408.30306582692646,0,0,0,0,10,10
2026-06-21T03:00:00+00:00,365.95820002534225,2.140582461388889,3.243093164722222,2.3607306466666667,3.5574084577777776,10,10
2026-06-21T04:00:00+00:00,1701.5382668259133,16.629221696111113,4.931707046388889,60.92478371000001,68.76169927083333,10.96348191388889,10.998534559722222
2026-06-21T05:00:00+00:00,69.05645750734028,7.836138436388889,13.515804488333332,138.90013138916666,147.94893447666666,11.030748643611112,11
2026-06-21T06:00:00+00:00,64.94563748878305,101.1220233247222,110.67461650583333,226.35792595583334,292.62922783722223,14.707227844722224,14.959092038055557
2026-06-21T07:00:00+00:00,88.44848865191888,117.15366533999999,123.99819699777778,312.5824648958333,338.2475522383333,20.76186227861111,21.167700299444444
2026-06-21T08:00:00+00:00,507.7592987673345,-38.24293215833333,-49.12539697361111,133.96370109055556,135.31028079694445,21.67270634111111,22.092966560555556
2026-06-21T09:00:00+00:00,554.161471922558,1.8421398933333333,7.973649897777778,215.35708213249998,254.48354258333336,22,21.706420125833333
2026-06-21T10:00:00+00:00,1774.7541133329305,0,0,165.71144761666667,198.40284049194443,22,22
2026-06-21T11:00:00+00:00,1047.4019624839354,27.646273851388887,41.58791284555556,283.18715980972223,331.57656645277774,22.617409668055558,23.26980487972222
2026-06-21T12:00:00+00:00,1248.6682091012628,-32.933095726388885,-34.577149435555555,98.09070648583332,117.54832137583332,22.658535689722225,23.60771049638889
2026-06-21T13:00:00+00:00,445.7735842640539,-152.91945480638887,-143.02877499722226,0.38969754194444445,1.6353649741666667,15.031274233611112,15.6497385225
2026-06-21T14:00:00+00:00,404.86402339135975,12.147642388333333,5.68930768138889,79.12371306277778,99.18642751694445,11,11
2026-06-21T15:00:00+00:00,356.1642459282917,0,0,80.8408813638889,95.93996156305555,11,11
2026-06-21T16:00:00+00:00,503.26697010609746,0,0,30.269939919444443,32.14597841305555,11,11
2026-06-21T17:00:00+00:00,7647.947500973748,-12.20191680388889,1.6587838336111111,1.2527926233333333,4.208065573611111,10.770145825277778,11
2026-06-21T18:00:00+00:00,8105.213796469839,0,-9.308533851944444,0,0,10,10.127027002777778
2026-06-21T19:00:00+00:00,8924.30132998335,0,0,0,0,10,10
2026-06-21T20:00:00+00:00,7493.822078665417,0,0,0,0,10,10
2026-06-21T21:00:00+00:00,7791.780626354871,0,0,0,0,10,10
2026-06-21T22:00:00+00:00,1384.9845457309366,0,0,0,0,10,10
2026-06-21T23:00:00+00:00,571.7333319984024,0,0,0,0,10,10
2026-06-22T00:00:00+00:00,493.59370503315694,0,0,0,0,10,10
2026-06-22T01:00:00+00:00,486.2165327837845,0,0,0,0,10,10
2026-06-22T02:00:00+00:00,478.79069908938664,0,0,0,0,10,10
2026-06-22T03:00:00+00:00,480.39735971646496,0,0,0,0,10,10
2026-06-22T04:00:00+00:00,450.7458024166947,12.280305941666667,11.38104571861111,12.78626390472222,13.254997691111113,10.28656802111111,10.337394959166668
2026-06-22T05:00:00+00:00,404.42803590604143,10.560190751666665,8.832162965,47.12552026444445,59.77361407305555,11,11
2026-06-22T06:00:00+00:00,1483.6580376522434,11.144591948055556,8.200211103611112,117.82944118416667,139.45760460583332,11.144895323333332,11.178657106666668
2026-06-22T07:00:00+00:00,394.11944748919024,82.92097067583333,93.09879543666666,197.85857859444445,241.92486322277776,13.83091422361111,13.851688342777777
2026-06-22T08:00:00+00:00,697.2595556434773,114.4623345511111,126.39602705027778,351.77895604500003,367.0137515175,21.83707917888889,22.058137611944446
2026-06-22T09:00:00+00:00,476.9028139121797,306.07571189805554,299.25436746111114,496.38982611694445,498.48876047361114,30.865996860555555,31.556140568055554
2026-06-22T10:00:00+00:00,151.79395618120972,258.44569015583335,413.78972516972226,258.9539690630556,648.1507085647222,47.69362295472222,54.18670667333333
2026-06-22T11:00:00+00:00,1242.6071270264767,291.6621531611111,364.23611302,410.42095571944446,656.1495844191667,62.870201978611114,74.81712221916666
2026-06-22T12:00:00+00:00,-94.78825502918833,172.69695805444442,253.44050993222223,234.19467807222222,597.9367930405556,80.09954357111111,95.3819998238889
2026-06-22T13:00:00+00:00,130.7025304594725,-30.4648335325,-67.79229391,40.1232740975,135.57181640916667,82.6780152925,98.91946206222222
2026-06-22T14:00:00+00:00,331.78453372189443,32.512832744722225,-74.07402784916665,34.699839897222226,30.138545411944445,81.74614989638889,92.9594201475
2026-06-22T15:00:00+00:00,560.7530829161508,32.4937568075,-87.29172293166665,39.02147148138889,28.164420834166666,83.19071118694444,87.40783828388889
2026-06-22T16:00:00+00:00,335.10837707544584,30.14372846972222,-89.5593309788889,31.53408173111111,23.08149810361111,84.27350280555555,82.04016340333334
2026-06-22T17:00:00+00:00,355.2712087862023,-19.896444376111113,-21.200287124444447,3.256689150277778,8.803673596944444,84.88635317111111,78.45797125916667
2026-06-22T18:00:00+00:00,5608.352216811348,-245.08422700333335,-190.998858305,0,0,75.41548547277777,71.31893415027777
2026-06-22T19:00:00+00:00,6863.643354747343,-235.4634228025,-200.0277487836111,0,0,59.44644098888889,58.86062312083334
2026-06-22T20:00:00+00:00,1260.4858436769193,-184.83304628555553,-195.2948440172222,0,0,44.845913653333334,45.55460652277778
2026-06-22T21:00:00+00:00,966.4063756681286,-341.55849822833335,-371.66561351749993,0,0,31.367346245000004,32.57359657277778
2026-06-22T22:00:00+00:00,827.1304089934866,-60.11903971416667,-67.82495790916666,0,0,10.400164676944444,10.421850536944445
2026-06-22T23:00:00+00:00,311.66404313546167,0,0,0,0,10,10
2026-06-23T00:00:00+00:00,617.6304374006438,0,0,0,0,10,10
2026-06-23T01:00:00+00:00,368.255287464792,0,0,0,0,10,10
2026-06-23T02:00:00+00:00,267.92601782920417,0,0,0,0,10,10
2026-06-23T03:00:00+00:00,220.26919886151555,0,0,0,0,10,10
2026-06-23T04:00:00+00:00,1351.5089870755598,23.1500108875,18.804396491944445,36.768322293611114,36.73188020083334,10.865384358611111,10.848420581388888
2026-06-23T05:00:00+00:00,114.23979437064305,21.009603651944445,22.808477330000002,90.92783041000001,90.69638656083333,12.223213245833334,12.189315373055555
2026-06-23T06:00:00+00:00,148.90199981332447,71.00239844444444,77.30887812166667,107.79026227888887,104.26334479861112,15.640083572222222,15.7379711075
2026-06-23T07:00:00+00:00,157.41789498957638,84.40806252833333,73.52425900305555,115.06381901638889,109.3524363125,20.008036280555554,19.885364380277778
2026-06-23T08:00:00+00:00,90.57547546295001,309.1918186625,291.73354404083335,476.0746736530555,370.6649160691666,30.157694827777778,29.23101693027778
2026-06-23T09:00:00+00:00,1404.1703162003457,322.3583536322222,281.03313981555556,567.7224363236111,368.59155114805554,48.15096366555556,44.306029045555555
2026-06-23T10:00:00+00:00,137.14074583052192,422.1369306955555,436.8366637738889,612.8989483633333,590.5842552916666,71.0272491625,67.15124233194445
2026-06-23T11:00:00+00:00,422.79017217783365,159.5088164113889,177.94408374805553,486.3582705213889,502.6795605772222,87.29588656,84.36508866027778
2026-06-23T12:00:00+00:00,481.1493171064787,3.440233579444444,94.92267254694445,197.61485243611114,354.8123255566666,91,88.94490853555556
2026-06-23T13:00:00+00:00,1473.420011408867,-138.11101190694444,-57.35399919166665,36.067454915,131.38355047194446,86.12315666611111,92.50531128861111
2026-06-23T14:00:00+00:00,432.86335868014413,-38.3500342375,-105.33269397,26.435592261666667,27.531383850833336,79.45403853722222,84.83628036555557
2026-06-23T15:00:00+00:00,554.8929545884052,29.449268420277775,25.551870131666664,30.355982619444443,31.674510881111107,79.81694914250001,82.46848601611111
2026-06-23T16:00:00+00:00,510.8719941269383,5.138569283333333,12.39206712888889,6.713810242499999,18.797284542222222,81,83
2026-06-23T17:00:00+00:00,252.22019718588027,-139.75680472833335,-109.99495143527777,0.7761763949999999,1.778871946388889,77.81512130055556,81.7232718575
2026-06-23T18:00:00+00:00,57.90630263204722,-210.36538531944447,-251.9330796786111,0,0,64.50685440111111,68.87323476638889
2026-06-23T19:00:00+00:00,49.19544606776278,-218.02489953666668,-256.54177741916664,0,0,49.931331912500006,53.04137614638889
2026-06-23T20:00:00+00:00,71.61033073119528,-208.08511692638888,-237.32213208972223,0,0,35.22597712583333,37.21438673805556
2026-06-23T21:00:00+00:00,74.30401453158028,-205.8632040636111,-241.56589512000002,0,0,21.319066433055557,22.417832566111112
2026-06-23T22:00:00+00:00,592.5967372002775,-79.48648914083334,-107.08820857472222,0,0,11.154187680833333,11.330616489444445
2026-06-23T23:00:00+00:00,894.4608509709338,0,0,0,0,10,10
2026-06-24T00:00:00+00:00,499.0264719891756,0,0,0,0,10,10
2026-06-24T01:00:00+00:00,473.4141658593742,0,0,0,0,10,10
2026-06-24T02:00:00+00:00,394.5585555624495,0,0,0,0,10,10
2026-06-24T03:00:00+00:00,329.6552299989825,0.050855862499999994,0.831288503888889,0.136644875,0.9001709791666666,10,10
2026-06-24T04:00:00+00:00,216.32090898868304,14.009385911944443,7.852273794444444,56.54323908944445,61.23474829888889,10.9045075725,10.973768010277778
2026-06-24T05:00:00+00:00,57.19323672803916,28.48505753722222,28.577341065555558,161.45000793583333,183.3178812175,11.213468155555555,11.2656909475
2026-06-24T06:00:00+00:00,34.01581040713305,162.14143727555555,159.9576957975,315.9322864663889,313.46854093666667,16.356248387222223,16.491824038333334
2026-06-24T07:00:00+00:00,29.690255716412775,305.3288416213889,311.98257681194445,449.2063407086111,465.0725890294445,29.706230672777778,30.07166971388889
2026-06-24T08:00:00+00:00,32.617065452922496,406.63721114027777,415.1366792155556,550.1659410325,566.5634378036111,50.206458788611116,51.16603119277778
2026-06-24T09:00:00+00:00,34.63980848907972,462.32032152000005,462.44037201500004,612.6931188461111,620.7501172252778,74.97690063777777,76.36925035
2026-06-24T10:00:00+00:00,-420.70563934512217,281.7467241927778,199.68468883861112,633.9079820722222,639.3530582022222,96.70008587444444,97.52169765361111
2026-06-24T11:00:00+00:00,-841.3761801588998,0,0,627.2479272205557,640.5735602333333,100,100
2026-06-24T12:00:00+00:00,-515.0910346217992,0,0,348.0705752436111,588.9045659522222,100,100
2026-06-24T13:00:00+00:00,144.1877485799125,-6.558367875833331,0,43.528734014444446,158.32834444527776,99.5594355325,100
2026-06-24T14:00:00+00:00,247.44950608875752,33.92713371916667,-46.38939158805555,36.197776354999995,34.66376534444444,99,98.74439806861112
2026-06-24T15:00:00+00:00,258.5450035940064,1.675259639999999,-15.340511596388891,28.67544658027778,41.305066223611114,98.6806801175,96.44750344694444
2026-06-24T16:00:00+00:00,306.48644778341946,14.669700448888888,24.197475623055553,16.93273329222222,31.497061707777778,98.89012084666666,95.59791679972221
2026-06-24T17:00:00+00:00,211.9619290475297,-77.52774514611112,-37.683716051944444,0.8124603658333333,2.9806862105555556,97.38056444888889,95.10642920555556
2026-06-24T18:00:00+00:00,69.58185217193834,-137.09340368833332,-133.79539442055554,0,0,88.61332702416667,89.01725390777779
2026-06-24T19:00:00+00:00,55.16656730246194,-138.84220178694446,-138.4616711986111,0,0,79.58372632027778,80.548463625
2026-06-24T20:00:00+00:00,67.67190728180167,-141.97567171333333,-149.39999959194444,0,0,69.82695380611112,71.27910050916667
2026-06-24T21:00:00+00:00,74.30975802298333,-133.4536031836111,-138.48217222999997,0,0,60.41318258611111,62.11050608083334
2026-06-24T22:00:00+00:00,125.87652221300918,-279.06614720305555,-292.1960876452778,0,0,49.865230383055554,51.57006505499999
2026-06-24T23:00:00+00:00,-159.0998775340275,-353.6809683541667,-379.3443082688889,0,0,24.888764040277778,26.42679733888889
2026-06-25T00:00:00+00:00,321.6480832559625,-85.323753845,-85.9475309875,0,0,10.596961601111111,10.643643233055556
2026-06-25T01:00:00+00:00,487.3335788219326,0,0,0,0,10,10
2026-06-25T02:00:00+00:00,464.6459489341783,0,0,0,0,10,10
2026-06-25T03:00:00+00:00,307.011179401372,1.0764869697222224,2.6855411630555555,1.8875680955555556,4.351283361388888,10.046231750555556,10.130833289166667
2026-06-25T04:00:00+00:00,266.65637298289613,15.426197563333332,9.095181913888888,42.178162683055554,52.61269029277778,11,11
2026-06-25T05:00:00+00:00,78.77691636132442,16.607802029444446,24.336369293333334,154.2556087975,148.8256395052778,11.23203149388889,11.198183496666667
2026-06-25T06:00:00+00:00,67.59940008449223,144.18952918833335,144.293744045,238.82054177305554,305.93121201416665,15.637748722777777,15.88754444
2026-06-25T07:00:00+00:00,31.990330432795833,279.2622528927778,282.77400369055556,426.6741763319444,442.988904365,27.911291854722222,28.34386560527778
2026-06-25T08:00:00+00:00,29.765145858242224,384.3621825786111,393.8822278777778,524.8966343130555,544.889756113611,46.71332608166667,47.98571900333334
2026-06-25T09:00:00+00:00,20.39820662230944,435.64442599194444,444.6750021483333,589.6837844236111,609.8803693105556,70.32628932694445,72.20183618333333
2026-06-25T10:00:00+00:00,-134.78387313908945,321.5105587111111,277.91499051222223,513.9059935847222,582.5389579594445,93.89221019111112,95.59993662749999
2026-06-25T11:00:00+00:00,-578.7491164003108,0,0,496.1938270102778,490.1780472619444,100,100
2026-06-25T12:00:00+00:00,-398.4549702758509,0,0,283.4837004916667,545.2525495466667,100,100
2026-06-25T13:00:00+00:00,216.62048859126165,-73.84694445,-62.00130894527778,27.577432885555556,129.35541920083332,97.18278932861112,98.97696633166667
2026-06-25T14:00:00+00:00,299.80563934748494,-51.25346382638889,-81.23738375777778,27.584505133611113,37.43834001027778,93.28898218972222,93.65967168833333
2026-06-25T15:00:00+00:00,379.6781574813994,32.80226870222222,-93.04682125333333,34.84125808388889,25.004414585277775,90.14399595138889,87.71239937083334
2026-06-25T16:00:00+00:00,1222.2589596285625,19.147807401111113,25.764395315,21.274186404722222,33.32808751694444,91,85.21484888861112
2026-06-25T17:00:00+00:00,1085.9175793858644,-219.5032475411111,-121.08475065916667,2.4697316891666667,7.90084274111111,88.53070484888889,83.33198584916667
2026-06-25T18:00:00+00:00,119.08802487892335,-664.0554198433333,-709.9032439755556,0,0,52.838706224444444,54.46765663805556
2026-06-25T19:00:00+00:00,845.0599164579694,-330.73493226194444,-336.03826689777776,0,0,14.705649835000001,15.065914625277777
2026-06-25T20:00:00+00:00,1456.7322050901678,0,0,0,0,10,10
2026-06-25T21:00:00+00:00,1430.296375469158,0,0,0,0,10,10
2026-06-25T22:00:00+00:00,1369.782855998642,0,0,0,0,10,10
2026-06-25T23:00:00+00:00,366.99396733663974,0,0,0,0,10,10
2026-06-26T00:00:00+00:00,304.01582949191555,0,0,0,0,10,10
2026-06-26T01:00:00+00:00,339.2070691814267,0,0,0,0,10,10
2026-06-26T02:00:00+00:00,300.9696577756286,0,0,0,0,10,10
2026-06-26T03:00:00+00:00,322.0973674286439,1.2778869891666667,1.3983434616666666,1.6498774138888892,1.4946920952777776,10.007960787222222,10.007961425
2026-06-26T04:00:00+00:00,220.4587434298589,11.76317495277778,8.76462737111111,55.07113092972222,61.269637369722226,11,11
2026-06-26T05:00:00+00:00,44.68211896057945,30.59429099638889,33.67895235333334,165.8881918613889,184.10540686055558,11.513005224722221,11.528319859444444
2026-06-26T06:00:00+00:00,29.959218166693333,115.46402926222221,114.77156516138889,320.28077668,339.26039720777777,16.129080867777777,16.251063563333332
2026-06-26T07:00:00+00:00,38.41038060659833,252.41063997972222,271.9567461394444,397.10326800555555,471.47902205249994,26.28353220111111,27.25351792444444
2026-06-26T08:00:00+00:00,7.39948004242889,391.02903057055556,393.7470658177778,553.9332991719444,569.0651579947222,45.10698757166667,46.38484318888889
2026-06-26T09:00:00+00:00,24.277417049656666,467.39250212694446,472.404164675,617.5320850433333,630.2765266077778,69.77760789361112,71.42046017861111
2026-06-26T10:00:00+00:00,-322.5999451810417,329.2526460491667,288.2964255352778,640.2384864102778,651.3209881794445,94.62368370305556,95.76179646277778
2026-06-26T11:00:00+00:00,-854.572784019178,0,0,629.2810912686111,640.6309576394445,100,100
2026-06-26T12:00:00+00:00,-529.9354394048853,0,0,353.40764803499997,589.7591704972223,100,100
2026-06-26T13:00:00+00:00,139.0215820502389,-12.415524744722227,-23.976289192499994,37.455952402499996,145.56876582444445,99.5840479625,99.68700084166666
2026-06-26T14:00:00+00:00,299.3519950633583,32.937323135,25.502892933055552,34.01689117055556,38.1681582975,99.02093703805555,98.79494543555556
2026-06-26T15:00:00+00:00,286.3886466375178,-4.059027639444445,26.92981661111111,28.533011721944444,32.88552233944444,98.66451463277777,99
2026-06-26T16:00:00+00:00,293.1114571876389,2.0480528744444446,10.5274334275,3.508681697777778,15.005964122499998,98.54816899777778,99
2026-06-26T17:00:00+00:00,174.77127352396136,-73.38891925055556,-75.07488387444444,1.3729438013888886,1.4719089722222225,97.38331939527778,97.22943195166665
2026-06-26T18:00:00+00:00,53.57800908435083,-128.5193549586111,-129.49592491555555,0,0,89.02878795194444,89.94224096138889
2026-06-26T19:00:00+00:00,64.82783977448945,-139.10291104305557,-141.52678662166667,0,0,79.94959181416667,81.33354524638888
2026-06-26T20:00:00+00:00,66.6160733110775,-135.88282860222225,-145.8734001422222,0,0,70.6496117375,72.16865801833333
2026-06-26T21:00:00+00:00,61.23557261029973,-132.21914978805555,-141.9522632388889,0,0,61.428171335,63.02623556888889
2026-06-26T22:00:00+00:00,114.62424900453111,-222.24950361111112,-229.52179262138887,0,0,51.49453691888889,53.395008195277775
2026-06-26T23:00:00+00:00,107.4366340098614,-76.69873088694443,-112.24750266583332,0,0,37.777205439444444,38.078331193055554
2026-06-27T00:00:00+00:00,109.97144085186362,-46.46724449083334,-55.49153608388889,0,0,34.42247250277777,34.02981783027778
2026-06-27T01:00:00+00:00,90.65547551955973,-54.18250525444444,-47.30303664611111,0,0,30.909003012499998,30.440213834444446
2026-06-27T02:00:00+00:00,113.49660213265834,-38.456711616111114,-58.52617472083333,0,0,27.567169575555553,27.190163692777777
2026-06-27T03:00:00+00:00,99.38560501785612,-48.31174361888889,-42.518544551944444,1.0114045119444446,0,24.399955815,23.84022534972222
2026-06-27T04:00:00+00:00,157.8988111980947,30.634976873055553,38.24224364861111,54.355153595833336,44.67424204472223,23.64637059944444,23.40745203111111
2026-06-27T05:00:00+00:00,138.66685623046334,72.06231064777778,61.20705906944445,101.13934351472221,97.82248789527779,26.213042232777777,26.436670683055556
2026-06-27T06:00:00+00:00,155.04834842560166,119.15206005583333,116.91551016888889,126.40531178527777,124.99616606194445,31.535463856666667,31.57107671027778
2026-06-27T07:00:00+00:00,145.84069825498278,185.83165035472223,197.69633611111112,203.05419685583334,224.7967488311111,39.93918892222222,40.27390417583333
2026-06-27T08:00:00+00:00,141.79037082701305,192.7929209783333,267.91267047055555,211.65928615666667,375.52097521194446,50.931719352222224,52.2194644536111
2026-06-27T09:00:00+00:00,87.35152745794612,270.48186679388886,350.0810983127778,274.92493805416666,540.2166959447222,62.95699357777778,70.90936685944445
2026-06-27T10:00:00+00:00,-120.44713174489193,434.40632865749996,307.8708795811111,495.4364132225,606.773112855,83.05878618694445,92.08124079916666
2026-06-27T11:00:00+00:00,-795.1025649041675,49.63059163361111,0,553.0985281811111,563.6895461908333,99.63592623388888,100
2026-06-27T12:00:00+00:00,-462.9038640985055,0,0,304.0854730955555,417.0770745283333,100,100
2026-06-27T13:00:00+00:00,-11.817312683881665,0,0,89.46920166333332,127.43715381777777,100,100
2026-06-27T14:00:00+00:00,2507.016929802279,-16.624758254166668,0,84.91100241333334,105.9199937461111,99.98576188055556,100
2026-06-27T15:00:00+00:00,349.87023374580923,-37.75988870916667,-5.874562591666667,61.1525966725,70.52386086555556,97.03927514166666,100
2026-06-27T16:00:00+00:00,88.78185555245528,0.6389955444444445,-5.0757206183333325,49.774225190277775,48.86455939277778,97,99.26131753555556
2026-06-27T17:00:00+00:00,144.89540139302386,2.0991077405555556,-24.70400352,14.651521252222222,19.380248044444446,97,98.1773050538889
2026-06-27T18:00:00+00:00,92.90487327023389,-51.52017278972222,-63.16036303222222,0,0,94.82106130250001,94.39020075111112
2026-06-27T19:00:00+00:00,101.72320843518277,-39.93949060361111,-41.08409757583333,0,0,91.53930684972222,91.04653559305557
2026-06-27T20:00:00+00:00,109.77457923656611,-52.130674624444445,-53.74243613833334,0,0,88.37709399972222,87.94161607361112
2026-06-27T21:00:00+00:00,111.11585794889083,-43.44839601611111,-44.895722930000005,0,0,85.09445675611111,84.69774248361111
2026-06-27T22:00:00+00:00,131.8930705014875,-144.56144438055557,-130.9528497352778,0,0,81.19772139444444,80.96370531444444
2026-06-27T23:00:00+00:00,126.65831234862695,-77.38972986972222,-91.72820228361111,0,0,70.3653913411111,70.17793191722221
2026-06-28T00:00:00+00:00,122.84896202847195,-37.41058354222222,-43.924880339999994,0,0,67.39695583166666,67.05313256333334
2026-06-28T01:00:00+00:00,92.4881515259839,-50.196042178055556,-46.59576200055556,0,0,64.30320510222222,63.869202135833326
2026-06-28T02:00:00+00:00,109.40738786038361,-49.16797528305555,-53.11306790277778,0,0,60.81912017,60.44281864777778
2026-06-28T03:00:00+00:00,117.30509104727251,-41.947357687777775,-40.27779295055556,2.9068528386111114,3.390509946111111,57.32709944111111,56.96523966305555
2026-06-28T04:00:00+00:00,160.40682821037805,31.81761850138889,33.25809500027778,41.13637880666666,43.885500219722225,57.41378032777778,57.25793871361111
2026-06-28T05:00:00+00:00,150.88337920874056,46.68744212027778,44.655397719999996,67.9563524675,75.89644157694444,59.11439440361111,59.18638941972222
2026-06-28T06:00:00+00:00,166.2324519225725,107.78549194,119.52538492944444,116.5348114463889,148.74936513583333,63.73353094972222,63.810435865833334
2026-06-28T07:00:00+00:00,149.7002485948189,184.39485232194443,183.33532312555553,187.69575068972222,211.88785313944445,72.33140091472222,72.63713291111111
2026-06-28T08:00:00+00:00,-45.088573818109715,266.79654009083333,258.8486756072222,364.80391503805555,392.1055653,84.14033070694445,84.06759955472222
2026-06-28T09:00:00+00:00,3651.443739089976,121.5981664411111,119.1152632138889,497.7826331388889,519.1420282288889,98.87954759833333,98.74022765416667
2026-06-28T10:00:00+00:00,-751.3394026390378,0,0,578.5438779177778,592.5860715197223,100,100
2026-06-28T11:00:00+00:00,-728.7512355541904,0,0,557.0540223922222,581.1115302358334,100,100
2026-06-28T12:00:00+00:00,-425.0811113625786,0,0,311.03792220944445,501.3991293119445,100,100
2026-06-28T13:00:00+00:00,56.05253023572084,0,0,106.1082277525,192.24573549444446,100,100
2026-06-28T14:00:00+00:00,214.0738163888703,-7.766756625000002,-24.817682909444443,42.19643631694444,49.856222028611114,99.59409977861111,99.7232771138889
2026-06-28T15:00:00+00:00,5734.7833246164055,-78.90680279611111,-202.49891692694442,33.245050971666664,36.95727660055555,96.02372434277777,94.112045385
2026-06-28T16:00:00+00:00,7535.6927475798775,19.415755415,-19.547394397499996,22.401360639999996,25.53586937861111,92,84.36763025638889
2026-06-28T17:00:00+00:00,7486.273214167421,-3.531521379444444,8.040812932222222,4.676164902222222,12.92961037138889,92,84
2026-06-28T18:00:00+00:00,7406.998087093085,-478.08736626166666,-441.3479663325,0,0,78.86816159833333,74.50823247472222
2026-06-28T19:00:00+00:00,8316.329416436247,-494.70008465666666,-510.80639188888887,0,0,43.07008372222222,41.23511971055556
2026-06-28T20:00:00+00:00,2312.6531532819995,-259.33944861277774,-250.99749637333332,0,0,15.93488441388889,16.00487251611111
2026-06-28T21:00:00+00:00,614.5759098360403,0,0,0,0,10,10
2026-06-28T22:00:00+00:00,760.8829454997484,0,0,0,0,10,10
2026-06-28T23:00:00+00:00,587.8813253279005,0,0,0,0,10,10
2026-06-29T00:00:00+00:00,507.13159133473783,0,0,0,0,10,10
2026-06-29T01:00:00+00:00,516.0434025350378,0,0,0,0,10,10
2026-06-29T02:00:00+00:00,513.5920674260009,0,0,0,0,10,10
2026-06-29T03:00:00+00:00,478.6669197072672,0,0,0,0,10,10
2026-06-29T04:00:00+00:00,490.5961462377361,9.015044543055556,20.235354830000002,9.760287510833333,24.110746507777776,10.784798007500001,10.733949582777777
2026-06-29T05:00:00+00:00,401.26411918816945,-8.656049895277775,-12.859845196111111,47.57019374916666,58.99250368944445,11.389150899722223,11.120517337777777
2026-06-29T06:00:00+00:00,772.6387720733372,0,0.49177558222222223,140.59756555027778,158.85590846250003,11,11
2026-06-29T07:00:00+00:00,699.8957224009208,0,0,70.3269775125,81.26283880416666,11,11
2026-06-29T08:00:00+00:00,979.4831158358556,0,0,83.36249397083333,96.77795770416667,11,11
2026-06-29T09:00:00+00:00,293.69030885087363,0,1.6444474319444444,157.18912098277778,187.8532760236111,11,11
2026-06-29T10:00:00+00:00,614.3840064221023,2.074485988333333,3.682009206944445,158.3893626225,191.36622730638888,11,11
2026-06-29T11:00:00+00:00,1664.9416686896918,97.2971018475,119.69951471555555,261.5869918494445,369.43524329472217,14.2580109925,14.659502653333334
2026-06-29T12:00:00+00:00,801.9410376650767,-25.488139028888884,0,139.93991754388887,175.57651084666668,15.937989318888889,17
2026-06-29T13:00:00+00:00,584.721882785078,-7.35849578638889,0,164.1553114961111,211.55134067694448,15,17
2026-06-29T14:00:00+00:00,384.42922359650055,-66.6404493936111,-104.89483070666667,49.934539855277784,70.34102721138889,13.627454627222221,15.129475664166668
2026-06-29T15:00:00+00:00,478.58565872344303,5.387415218055556,-10.167774259166665,62.5901301975,76.01375436388888,11,11.151912037499999
2026-06-29T16:00:00+00:00,1162.1013601693053,0,0,34.93837737305555,38.89293176111111,11,11
2026-06-29T17:00:00+00:00,777.9587616075258,0,0,42.484235141388886,49.94741837805555,11,11
2026-06-29T18:00:00+00:00,717.6975923842962,-5.156741603333334,0,23.154768490555554,33.32008292333333,10.76828119638889,10.958653308611112
2026-06-29T19:00:00+00:00,721.783814333532,0,0,0,0,10,10
2026-06-29T20:00:00+00:00,670.6325967225044,0,0,0,0,10,10
2026-06-29T21:00:00+00:00,1891.0030372920592,0,0,0,0,10,10
2026-06-29T22:00:00+00:00,775.7641352084725,0,0,0,0,10,10
2026-06-29T23:00:00+00:00,538.195635321685,0,0,0,0,10,10
2026-06-30T00:00:00+00:00,395.9027634922316,0,0,0,0,10,10
2026-06-30T01:00:00+00:00,384.8833858181667,0,0,0,0,10,10
2026-06-30T02:00:00+00:00,381.88357023090225,0,0,0,0,10,10
2026-06-30T03:00:00+00:00,377.8583057922386,0,0,0,0,10,10
2026-06-30T04:00:00+00:00,284.47957505917526,12.614624168333334,7.994574608611111,54.04808045861111,54.65736343805556,10.858930106666667,10.789208540833334
2026-06-30T05:00:00+00:00,84.82428081848833,5.405871341388888,9.136497803333333,163.6819491347222,179.79280998750002,11,11
2026-06-30T06:00:00+00:00,117.54099373949528,89.89064392888889,83.527562955,306.1726764436111,330.2383706058333,12.926785529722222,13.045423006111113
2026-06-30T07:00:00+00:00,1916.6551504331371,118.05173068416667,126.97512771583332,444.0978743669444,460.5960669725,18.410200746666664,18.57103606277778
2026-06-30T08:00:00+00:00,573.2711778697131,188.9520869876817,176.32005165385348,547.4433278021255,561.8658956401745,28.364197169872167,28.617848512734426
2026-06-30T09:00:00+00:00,396.20320649631213,337.4865289516667,328.86931796416667,613.2315028675,625.4815133275,41.73369445111111,42.008910738611114
2026-06-30T10:00:00+00:00,408.16036581077907,305.8417934675,351.3388779463889,590.0895094530555,656.5038139391667,60.83449415361111,61.8114964825
2026-06-30T11:00:00+00:00,246.33951917644802,373.1607621333333,387.2337289761111,598.7010444841667,647.9160976208333,79.30712375972222,82.48629892583334
2026-06-30T12:00:00+00:00,810.5698962061291,165.55173470805553,169.81643384416665,351.05038842472226,615.6651361069445,95.93092914166665,98.86969209694445
2026-06-30T13:00:00+00:00,1541.4649133260002,-181.94866101416667,-134.02567693583333,33.72169407194444,147.84376801027778,91.5318789638889,96.77924816277778
2026-06-30T14:00:00+00:00,288.70996482555364,-22.12826115833333,-0.15856824777777778,75.20039296805555,104.45378084,84.21487696638889,91
2026-06-30T15:00:00+00:00,934.7479153983583,-104.51028005,-84.34835736250001,86.81867535666667,108.03771520666668,80.74022406,87.87480586194444
2026-06-30T16:00:00+00:00,418.1307048377166,-67.7736400225,-162.7324748886111,26.896768775555557,31.394312908333333,73.45707138916667,80.94756386472223
2026-06-30T17:00:00+00:00,798.1591598785734,-39.120292407499996,-25.272835474999997,5.652434421944444,13.08075387,72.51920523361112,75.36958713305556
2026-06-30T18:00:00+00:00,66.6996214666275,-228.36006929694443,-259.9609748194444,0,0,62.57702246694444,65.8126916063889
2026-06-30T19:00:00+00:00,77.41993625383166,-198.2310452561111,-220.62384885666665,0,0,47.24080801611111,49.62649671277777
2026-06-30T20:00:00+00:00,1219.6196909155485,-309.51387885,-335.8052427975,0,0,31.75878972027778,33.52944591777778
2026-06-30T21:00:00+00:00,162.1054050471889,-166.5375957027778,-189.03464046805553,0,0,14.332366331944444,14.810933871944444
2026-06-30T22:00:00+00:00,750.8606425727045,0,0,0,0,10,10
2026-06-30T23:00:00+00:00,420.8558222619381,0,0,0,0,10,10
2026-07-01T00:00:00+00:00,222.52814703732778,0,0,0,0,10,10
2026-07-01T01:00:00+00:00,242.84346983415807,0,0,0,0,10,10
2026-07-01T02:00:00+00:00,223.00454723777975,0,0,0,0,10,10
2026-07-01T03:00:00+00:00,225.33388254775446,0,0,0,0,10,10
2026-07-01T04:00:00+00:00,210.65496176765612,5.885640384444444,8.578666821666667,6.418713738888889,9.403453220555557,10.215397396944445,10.299824864444444
2026-07-01T05:00:00+00:00,280.46998540499607,1.6867042383333335,-6.937750227777779,2.4707438733333333,9.602379443333334,10.696644900555555,10.965653141944443
2026-07-01T06:00:00+00:00,549.711647584728,31.359864077777775,12.8735592125,36.31878172472222,41.02570761416667,11.345400350277778,11.244203336666667
2026-07-01T07:00:00+00:00,999.5122709682614,-12.91874895777778,-17.306776119166667,57.1788100675,66.211522415,11.41233395638889,11.075781086666666
2026-07-01T08:00:00+00:00,346.12974767930723,4.443592763611111,31.953754815555556,148.08719253666666,169.40192019083335,11.152589258055556,11.059559854444444
2026-07-01T09:00:00+00:00,1193.88918809154,90.80795498416667,85.53255171527779,270.0167227611111,312.9902523780556,14.687774141388891,15.175644151666667
2026-07-01T10:00:00+00:00,43.65040027034389,254.99496338000003,278.0777728413889,402.9593079016667,455.4177526958333,23.41286269277778,24.549229144999998
2026-07-01T11:00:00+00:00,197.6784481907539,141.67522099250002,148.94468664805555,298.12994138416667,364.3300611125,35.640860357777775,37.87779688083333
2026-07-01T12:00:00+00:00,109.32748566729224,9.008064409444446,6.6075090250000015,159.39206818083332,179.66619119722222,39,41.99206078
2026-07-01T13:00:00+00:00,85.54589087655832,5.222802749722223,0.9191720311111111,127.6330216988889,146.95266839194446,39,42
2026-07-01T14:00:00+00:00,180.51772822990722,0,-24.309472092500002,73.55704486555555,73.89957389527778,39,40.53133170305556
2026-07-01T15:00:00+00:00,98.09407098503112,0.6666915058333333,2.6624161441666665,121.45010401527777,140.8390466811111,39,40
2026-07-01T16:00:00+00:00,223.5031653259589,-16.913699439166667,-44.01404510638889,32.590909529166666,38.62747784916667,38.51487770361111,39.16525391722222
2026-07-01T17:00:00+00:00,1187.501860131652,-199.2527367502778,-178.042017545,0,0.8448687444444444,33.297809111666666,33.49810276083333
2026-07-01T18:00:00+00:00,435.73187167132727,-188.38954326638887,-220.18595068305555,0.31898130999999996,2.1454874875,19.320486247222224,20.112575638333336
2026-07-01T19:00:00+00:00,1022.0348227766414,0,0,0,0,10,10
2026-07-01T20:00:00+00:00,386.4585580298139,0,0,0,0,10,10
2026-07-01T21:00:00+00:00,1316.648645885881,0,0,0,0,10,10
2026-07-01T22:00:00+00:00,784.6433004157902,0,0,0,0,10,10
2026-07-01T23:00:00+00:00,414.1147984146103,0,0,0,0,10,10
2026-07-02T00:00:00+00:00,213.103915363455,0,0,0,0,10,10
2026-07-02T01:00:00+00:00,213.63644768742554,0,0,0,0,10,10
2026-07-02T02:00:00+00:00,211.51895709150722,0,0,0,0,10,10
2026-07-02T03:00:00+00:00,210.1112979005111,0,0.42683226388888884,0,0.760872415,10,10
2026-07-02T04:00:00+00:00,157.11915233446527,17.727479497777775,36.70501533027778,51.54047244722222,51.78933341583333,10.961188368055554,11.174115488888889
2026-07-02T05:00:00+00:00,99.3577897377536,70.19417796611111,59.39508182611112,125.27291836833332,122.98458440583333,13.643554609166666,13.788231396944445
2026-07-02T06:00:00+00:00,1309.328645465893,104.34200069250001,102.84555900222222,212.34327474416668,198.70416514916667,18.373387499722224,18.457967149999998
2026-07-02T07:00:00+00:00,31.30847192652111,301.65444286111114,305.1889418236111,446.79734752333337,459.54647552694445,29.90810384861111,30.181028609444443
2026-07-02T08:00:00+00:00,131.7587477080767,245.12597517305554,316.2621707833334,267.0171565891667,485.02905970916663,45.80002104222223,49.65319765361111
2026-07-02T09:00:00+00:00,339.4252308022855,208.55067499722222,174.74603040527776,341.8717602988889,382.8040648333333,57.75348326861111,62.515649950833335
2026-07-02T10:00:00+00:00,223.76271982175913,302.2232238072222,355.4534706811111,410.9149494397222,535.7981937808333,71.10593318277778,76.55321265055555
2026-07-02T11:00:00+00:00,7.249378283582497,359.8265373202778,275.80202556638886,533.7485732725,590.3403465977777,92.16237707055556,96.35532878916666
2026-07-02T12:00:00+00:00,85.54204884199889,45.89357718944444,0,329.3458336188889,443.13095120916665,99.45427913833333,100
2026-07-02T13:00:00+00:00,-55.67217664318306,0,0,173.02251783249997,230.1564754227778,100,100
2026-07-02T14:00:00+00:00,702.115538075068,-3.529467531111111,0,91.95555728277778,116.38283525555556,100,100
2026-07-02T15:00:00+00:00,1408.842312992331,-87.09837981888887,-27.847671632222227,58.407799841944446,80.75258277333334,96.23251018361111,99.36189134944443
2026-07-02T16:00:00+00:00,329.39993082681775,-18.873131312499996,-59.728464163333335,19.519792804444442,22.853138144166667,93.32977683277778,95.30177343138888
2026-07-02T17:00:00+00:00,381.00180247618664,-148.7585634638889,-198.8018584761111,0.34234374138888884,0.45200244749999996,87.0580818211111,86.32519899444445
2026-07-02T18:00:00+00:00,793.5035931935512,-181.41640043416666,-189.57144420249998,0.318499005,0,78.71168043027778,78.01481140222222
2026-07-02T19:00:00+00:00,735.9099099987712,-187.85074161222224,-195.25972002749998,0,0,62.24438386472222,62.14034879916667
2026-07-02T20:00:00+00:00,190.91080078244113,-176.60877356777777,-169.3907698033333,0,0,53.176390411944446,53.650476669166665
2026-07-02T21:00:00+00:00,518.8921647371669,-311.87567342305556,-317.9985754855556,0,0,31.893733787777776,33.13058433416666
2026-07-02T22:00:00+00:00,1208.4963221250518,-187.99494627027775,-197.4900670152778,0,0,20.718398929444444,21.206749570277776
2026-07-02T23:00:00+00:00,442.2385195233347,-2.25940275,0,0,0,10.00700629,10
2026-07-03T00:00:00+00:00,219.26406707198055,0,0,0,0,10,10
2026-07-03T01:00:00+00:00,234.4116159067728,0,0,0,0,10,10
2026-07-03T02:00:00+00:00,227.29848848225697,0,0,0,0,10,10
2026-07-03T03:00:00+00:00,604.7754319572304,0,0.3023577333333333,0,0.319269605,10,10
2026-07-03T04:00:00+00:00,272.3128857873789,19.441613884444443,16.27249078611111,48.638469434722225,39.920562391666664,10.847870191388887,10.949004327222221
2026-07-03T05:00:00+00:00,182.52974455398805,51.41246189666666,52.409261685555556,119.26380536722222,156.93750627777777,12.490051427777777,12.472342321666666
2026-07-03T06:00:00+00:00,261.34344976793614,60.27944956861111,66.24275526333334,145.99715031916665,206.11886879805556,16.456533177222223,17.062762485277776
2026-07-03T07:00:00+00:00,179.92768249385446,-37.880185372222215,-53.01576233416667,124.16894148861111,127.67843636416667,15.48390442888889,15.579166276666667
2026-07-03T08:00:00+00:00,326.3692854355591,21.358757306388892,31.529878793055556,151.38012446027778,229.47916778222222,14.417984288055555,15.10246466
2026-07-03T09:00:00+00:00,229.6350633331086,205.50093108055557,160.18423237444443,342.41469090916667,206.6568728558333,24.013519400833335,22.483755861944445
2026-07-03T10:00:00+00:00,229.68669417877584,115.93626556333334,53.26683560305556,295.84229334527777,131.3815059277778,30.9055099975,28.51711134527778
2026-07-03T11:00:00+00:00,215.66823315805945,167.73034731194443,131.95689562527778,317.7937569097222,207.64736534083332,38.637747848055554,34.22482203138889
2026-07-03T12:00:00+00:00,1266.5504898202664,65.80308275,82.402071035,287.4149972558333,233.8992442875,45.145368663611116,40.44944072027778
2026-07-03T13:00:00+00:00,151.7170890803139,5.059018497499999,36.01217856055556,133.15534784083334,173.88030988472224,45,43.278037225
2026-07-03T14:00:00+00:00,239.51402309799107,0,5.320159661388889,107.81615252166667,129.1724969113889,45,44
2026-07-03T15:00:00+00:00,515.2043404353552,-47.584370890277775,-24.96074964888889,73.25068093972223,99.2798460311111,44.041941638611114,43.88750004527778
2026-07-03T16:00:00+00:00,1116.0840659609169,-109.08705874305555,-71.61642501583334,45.488781002777785,50.78150554472222,37.98570691138889,40.77191309166667
2026-07-03T17:00:00+00:00,222.83414696300443,3.3887625177777774,-22.45518866638889,22.858341564444444,30.730514149166666,35.107474563333334,37.602204118888885
2026-07-03T18:00:00+00:00,1527.3527862727594,-159.7775170625,-197.41549141444446,0.7866372875,1.0804197011111112,30.74585387111111,31.026368990833333
2026-07-03T19:00:00+00:00,67.92873081498057,-111.08675815638888,-117.5845084263889,0,0,20.391407276388886,20.714654980833334
2026-07-03T20:00:00+00:00,105.86902629912974,-91.53196696777779,-102.52642537194446,0,0,13.938730228055556,13.989425161944444
2026-07-03T21:00:00+00:00,1094.1733643040823,-33.90382831555555,-29.772285997222223,0,0,10.444419456944445,10.42766175861111
2026-07-03T22:00:00+00:00,397.7529179509986,0,0,0,0,10,10
2026-07-03T23:00:00+00:00,298.5141944710139,0,0,0,0,10,10
2026-07-04T00:00:00+00:00,231.5203492607836,0,0,0,0,10,10
2026-07-04T01:00:00+00:00,228.89729187088167,0,0,0,0,10,10
2026-07-04T02:00:00+00:00,221.30464097181027,0,0,0,0,10,10
2026-07-04T03:00:00+00:00,218.6657867964686,0,0,0,0,10,10
2026-07-04T04:00:00+00:00,163.53538183891166,32.92165910361111,35.15362021638889,58.1590714063889,56.36727119083334,11.050677728888887,11.230294978055555
2026-07-04T05:00:00+00:00,1301.7917681908866,41.678701269444446,28.629852843611108,85.88891789444443,109.26440900333334,12.290493607222222,12.462504011388889
2026-07-04T06:00:00+00:00,134.37257365741277,48.9951496075,46.50625686638889,84.63844046666667,88.64491927027778,14.994158742777778,14.950826501111111
2026-07-04T07:00:00+00:00,150.68765658872664,63.55126643055556,49.77046534444444,112.58823703527777,92.58734596305555,17.51246420388889,17.262764101944445
2026-07-04T08:00:00+00:00,179.21637734425417,89.2195587475,107.58443773777778,157.72235567055557,193.76371882361113,22.186422014444446,22.042335776388892
2026-07-04T09:00:00+00:00,2186.409398108121,65.99657318888889,59.66135391305556,144.65367803444445,200.55974800694446,27.339960794444448,27.293288612500003
2026-07-04T10:00:00+00:00,868.8103979364784,64.72352633027778,72.10424081361111,207.32230714222223,256.28358576972227,30.141905374444445,29.812996188333333
2026-07-04T11:00:00+00:00,329.8631977612025,73.47897346222223,91.25179013194445,261.79994892916665,299.7147826011111,35.44464726444445,36.20265273166667
2026-07-04T12:00:00+00:00,124.77353768247748,14.255114391388888,8.106647075,110.1936894911111,126.73840304583332,37,38
2026-07-04T13:00:00+00:00,2085.056366120242,8.466249844166667,1.0380337772222221,55.99075598361111,67.28087492,37.01555049305556,38
2026-07-04T14:00:00+00:00,7074.183828393633,-36.43446615055556,-22.43645436583333,47.57068490555556,59.66077428055556,37.15197295777778,37.70084523083333
2026-07-04T15:00:00+00:00,7909.759875696113,-49.04839195916667,-73.68224397916667,22.24583527361111,24.80405663694445,33.285570254444444,32.97573185138889
2026-07-04T16:00:00+00:00,808.3050637502047,-241.81252438944443,-185.37524892916667,11.963399596111111,15.24971524888889,26.455551852499998,26.943672321111112
2026-07-04T17:00:00+00:00,1886.633288676973,-20.844689415,-49.752990815,23.801644130555555,32.56981212666667,12.269010995277776,12.562541820833333
2026-07-04T18:00:00+00:00,775.1686969003207,0,0,0,0,10,10
2026-07-04T19:00:00+00:00,2618.8291713803524,0,0,0,0,10,10
2026-07-04T20:00:00+00:00,4892.818132001077,0,0,0,0,10,10
2026-07-04T21:00:00+00:00,7648.67487798769,0,0,0,0,10,10
2026-07-04T22:00:00+00:00,7306.187313274238,0,0,0,0,10,10
2026-07-04T23:00:00+00:00,7232.681277679613,0,0,0,0,10,10
2026-07-05T00:00:00+00:00,7167.524856972147,0,0,0,0,10,10
2026-07-05T01:00:00+00:00,7651.918998049024,0,0,0,0,10,10
2026-07-05T02:00:00+00:00,6456.973515522906,0,0,0,0,10,10
2026-07-05T03:00:00+00:00,605.84423163942,0,0,0,0,10,10
2026-07-05T04:00:00+00:00,555.3153308079685,5.3524701808333335,2.706221984722223,6.867489012222222,11.327758132500001,10.30027664888889,10.454447377777777
2026-07-05T05:00:00+00:00,515.5297844885545,9.318750974444445,-1.8228452202777783,41.82017627555555,45.153138668055554,11,11
2026-07-05T06:00:00+00:00,93.640586595645,19.012779603333332,15.343460988055556,96.69085222305556,93.64171377027778,11.8486276975,11.90027415027778
2026-07-05T07:00:00+00:00,146.43804135789415,31.065863263333338,21.861046273055553,88.5600632075,81.02510229777776,12.299140198611111,12.28112593888889
2026-07-05T08:00:00+00:00,143.5835254540414,122.6684170661111,96.29668190111111,165.49276006555556,160.81288172083336,16.76449172972222,16.95345596611111
2026-07-05T09:00:00+00:00,1818.3311411047846,129.66968035444444,93.10347416722222,252.9693210741667,216.9646300652778,23.61559525777778,23.547180358333332
2026-07-05T10:00:00+00:00,191.4062753127167,189.01115337305555,232.34294989305553,246.95557374694442,343.98915382499996,31.82432073222222,33.25986883722222
2026-07-05T11:00:00+00:00,186.77619773028638,218.62669004250003,230.06451266500002,233.05021575194442,326.3312725933333,43.016669085555556,45.0832689025
2026-07-05T12:00:00+00:00,138.78167820165777,131.56263895583334,141.08142193055554,144.36719328333334,239.44916455972222,53.2097974575,56.088454750277776
2026-07-05T13:00:00+00:00,97.69558166828722,100.6241416011111,37.299546222222226,110.80032860388889,159.57176874277778,60.241514548611114,61.66702909083333
2026-07-05T14:00:00+00:00,126.00564762543279,66.23266991583333,53.35810059166666,94.27622118833334,115.89913757472222,64.89769263055555,64.60305744277778
2026-07-05T15:00:00+00:00,122.48426910641028,38.18044957611111,35.49202478,80.81969594972223,105.28226931388889,67.50620200305555,66.98446332222223
2026-07-05T16:00:00+00:00,417.009984603722,-12.998882537500002,1.3740794944444437,63.69666872,73.77931069333333,68.9322027475,68.72545588027778
2026-07-05T17:00:00+00:00,721.8094229717329,-124.96532742777777,-116.67035303249999,21.57108553388889,21.438319065,62.80362140611111,62.092119897777785
2026-07-05T18:00:00+00:00,112.01539656219445,-130.4528400227778,-118.54072713333333,0,0,54.09583039472222,57.27435527833333
2026-07-05T19:00:00+00:00,1680.3137437744372,-195.83876529916665,-229.60731438916665,0,0,40.95543486111111,43.827743815
2026-07-05T20:00:00+00:00,137.2494200069247,-122.15791807138889,-147.92960659444444,0,0,32.21924025388889,33.750115738333335
2026-07-05T21:00:00+00:00,466.1305140414197,-243.45876480083334,-288.58113026,0,0,14.480426775555555,15.008896529166668
2026-07-05T22:00:00+00:00,574.3621416162886,0,0,0,0,10,10
2026-07-05T23:00:00+00:00,353.17716963038384,0,0,0,0,10,10
2026-07-06T00:00:00+00:00,285.91612097688227,0,0,0,0,10,10
2026-07-06T01:00:00+00:00,244.87460707923415,0,0,0,0,10,10
2026-07-06T02:00:00+00:00,1450.1583607995244,0,0,0,0,10,10
2026-07-06T03:00:00+00:00,214.35502756475861,2.7841961758333333,2.328406413333333,2.6824727988888886,2.5133809841666666,10.0369627775,10.020281392222222
2026-07-06T04:00:00+00:00,172.69453651102387,13.711177385,19.021195115833333,37.38420580555555,47.11699868861111,11.2708707575,11.08362436638889
2026-07-06T05:00:00+00:00,102.30111070747,3.560144408611111,1.5841982280555555,76.56207034055556,92.56379996555556,12,12
2026-07-06T06:00:00+00:00,258.1684038741069,3.2885907733333326,15.511121940833334,143.6636593011111,169.36788117444445,11.964997712777778,12
2026-07-06T07:00:00+00:00,144.60798141566028,6.615807409444446,0.11529697694444457,117.14166967250002,151.5678827575,12.692158033333333,12.862759930555555
2026-07-06T08:00:00+00:00,281.1064444361917,-32.90568676861111,-22.433611458333335,111.9057740938889,136.1346473386111,11.323049385277777,11.323032463055554
2026-07-06T09:00:00+00:00,372.0008367047553,0,0,95.90641762916665,113.33742527055556,11,11
2026-07-06T10:00:00+00:00,1442.4483309644795,0,0,74.26719933833333,88.51327313861111,11,11
2026-07-06T11:00:00+00:00,134.95585059888973,10.688499781944442,7.928422184722223,125.16069084277778,159.4844817961111,11.302817198055555,11.457224043333333
2026-07-06T12:00:00+00:00,841.3975048893385,-5.73969172,-24.1150377675,68.44131620722221,78.63991973944444,11.414174152777777,11.431113869999999
2026-07-06T13:00:00+00:00,790.1112398897338,0,0,70.32330227833334,85.81685011666667,11,11
2026-07-06T14:00:00+00:00,1883.7405700906804,-12.693291023611112,0,73.86264780388889,95.85607854972221,10.965532295555555,11
2026-07-06T15:00:00+00:00,486.76056844578744,-1.9720284091666673,-1.0273055330555556,48.80600253194444,59.677227613333336,10.950811333055555,11
2026-07-06T16:00:00+00:00,333.88349250989387,0.4525318149999998,-5.473748378333333,27.046805467222224,35.08734287472222,10.648872863055557,10.63326817111111
2026-07-06T17:00:00+00:00,470.199312062807,-0.6838575936111116,-2.4641179033333347,4.334309499444444,8.961687611111111,10.597149498333332,10.74193573
2026-07-06T18:00:00+00:00,736.7897213324392,0.10580731833333334,-5.2980573925,0,0,10.052223241944445,10.035280349444443
2026-07-06T19:00:00+00:00,2226.8194704842285,0,0,0,0,10,10
2026-07-06T20:00:00+00:00,435.835903919077,0,0,0,0,10,10
2026-07-06T21:00:00+00:00,555.9262514015886,0,0,0,0,10,10
2026-07-06T22:00:00+00:00,524.494233618433,0,0,0,0,10,10
2026-07-06T23:00:00+00:00,362.0939363856875,0,0,0,0,10,10
2026-07-07T00:00:00+00:00,252.58828597680386,0,0,0,0,10,10
2026-07-07T01:00:00+00:00,230.2803580524064,0,0,0,0,10,10
2026-07-07T02:00:00+00:00,230.2191507455842,0,0,0,0,10,10
2026-07-07T03:00:00+00:00,223.40978236947362,0,0,0,0,10,10
2026-07-07T04:00:00+00:00,208.43769675831695,3.459910532777778,2.9260356972222223,3.4090693533333334,5.607760916111111,10.034872835,10.201959655277777
2026-07-07T05:00:00+00:00,216.64028221475306,19.5561131925,2.754939144722222,21.928027562500002,33.731581605,10.7402761975,11
2026-07-07T06:00:00+00:00,339.37143949759025,10.701138779166667,25.624055403055554,90.7936538513889,109.27019541333334,11.970894365833333,11.68138568861111
2026-07-07T07:00:00+00:00,1455.2562574620315,-16.752028517777777,-15.981880820555554,63.21050319611111,73.02248119111111,11.06090288138889,11.095815705
2026-07-07T08:00:00+00:00,357.995997533852,3.21620637,9.30277012,160.44534920916666,191.14303851777777,11,11
2026-07-07T09:00:00+00:00,271.1876401707464,0,0,85.98869743944444,102.35909911055556,11,11
2026-07-07T10:00:00+00:00,1499.186362205611,1.2258172666666667,0.61062828,104.58616997805557,126.80788088083334,11,11
2026-07-07T11:00:00+00:00,137.0891493142564,118.51594958777777,114.0247274161111,307.56254063222224,310.02318523944444,14.986086938055555,15.20203454861111
2026-07-07T12:00:00+00:00,213.00181243821336,36.17785916944445,18.28631271,183.67078206,206.55924226305555,18.37028750888889,19.485213033333334
2026-07-07T13:00:00+00:00,222.60596360839222,-30.999710249166665,-40.580635101944445,92.70675482638889,111.60366882833334,17.186403384722222,18.22503784722222
2026-07-07T14:00:00+00:00,1494.3999083045553,-47.68238186972223,-26.017814004166663,93.02227352277778,92.65193413861111,13.676721507222224,13.459029819722224
2026-07-07T15:00:00+00:00,471.8092922538264,-28.36019015138889,-27.555930156666665,42.32996622277778,55.648179937500004,12.674518507777778,12.578359793333334
2026-07-07T16:00:00+00:00,854.3809324882094,-0.9649077472222222,-2.5748525966666667,30.35232802527778,37.737502391388894,10.955559205277778,10.975834506388887
2026-07-07T17:00:00+00:00,737.4575501466471,-0.45928179194444413,1.5586837647222218,2.045855011388889,4.28675022,10.231610485277779,10.280835261666667
2026-07-07T18:00:00+00:00,497.68405203445553,0,-5.178692211944445,0,0.3549616466666667,10,10.197662769722223
2026-07-07T19:00:00+00:00,3591.4998494108672,0,0,0,0,10,10
2026-07-07T20:00:00+00:00,325.066089608853,0,0,0,0,10,10
2026-07-07T21:00:00+00:00,786.9840659155752,0,0,0,0,10,10
2026-07-07T22:00:00+00:00,716.9665803589324,0,0,0,0,10,10
2026-07-07T23:00:00+00:00,579.9589332717773,0,0,0,0,10,10
2026-07-08T00:00:00+00:00,269.2720109044183,0,0,0,0,10,10
2026-07-08T01:00:00+00:00,282.1659287149958,0,0,0,0,10,10
2026-07-08T02:00:00+00:00,1426.118881462213,0,0,0,0,10,10
2026-07-08T03:00:00+00:00,232.35301416837387,0.07167479111111111,0,0,0,10,10
2026-07-08T04:00:00+00:00,182.50323693119557,21.80642108611111,22.234138454444444,43.99591609472222,45.69073646611111,10.951642296666668,10.934514641666667
2026-07-08T05:00:00+00:00,135.4983074675364,47.24386507888889,48.29352508833333,147.27084568833334,159.292226645,12.560521737777778,12.66330427638889
2026-07-08T06:00:00+00:00,1334.198218432792,-21.635185398333334,11.914211532777777,100.03610633777777,129.82503845583332,13.576438060833333,14.887205823055554
2026-07-08T07:00:00+00:00,1576.6420388806457,15.963097120555553,-45.952770764444445,117.59628422138888,121.46129427944446,11,12.133382344166668
2026-07-08T08:00:00+00:00,3325.9346820486135,1.8157312255555553,5.9698424633333325,143.76653230916665,168.01900263555555,11,11
2026-07-08T09:00:00+00:00,762.1438400245192,51.11601716055555,62.67555164416667,254.55047305944444,305.47436359333335,12.943298589166666,13.361265341944446
2026-07-08T10:00:00+00:00,638.8661760358669,154.35665558416667,210.1784620447222,188.46665856194446,486.56183566722217,19.681972399722223,21.80535022222222
2026-07-08T11:00:00+00:00,206.5661293691036,327.8697480602778,294.25488092916663,423.27323879944447,455.1128096227778,31.93794091222222,35.72600180888889
2026-07-08T12:00:00+00:00,133.52127278195306,183.28638226777778,318.72958774277777,286.32215833555557,533.8495125400001,47.95802419555556,54.731531885
2026-07-08T13:00:00+00:00,155.9638642682839,15.419168799444444,27.426102580833334,84.96872841555556,192.56346372027778,52,64.91135916444445
2026-07-08T14:00:00+00:00,186.17871516855166,-13.365695411666664,-60.689424064444445,59.465581311111116,55.272589742222216,51.994455188055554,63.09921613972222
2026-07-08T15:00:00+00:00,227.44881760076808,24.006388904444446,-65.69571406194444,32.18309701194445,21.379989948888888,51.64188098861111,58.62535902305555
2026-07-08T16:00:00+00:00,305.24174296429584,4.697518632777778,15.653019416111112,6.2294163836111105,19.109731158611112,53,56.94471012027778
2026-07-08T17:00:00+00:00,483.5283113170813,-21.84806518638889,-14.117855414722221,2.4640796319444447,8.169307168055555,52.85337185166667,57.76832936694444
2026-07-08T18:00:00+00:00,78.53461444160057,-138.11083984666666,-172.72931956861112,0,0,46.89504403527778,51.31309537833334
2026-07-08T19:00:00+00:00,69.6310990610286,-157.55767837194443,-191.1847000138889,0,0,36.71235868,39.471636780000004
2026-07-08T20:00:00+00:00,232.21564003079914,-155.884313525,-185.7157520083333,0,0,27.08496456388889,28.476662025277776
2026-07-08T21:00:00+00:00,1061.2099184792194,-134.64958255555555,-158.06665497666668,0,0,14.103002150277776,14.530542411944445
2026-07-08T22:00:00+00:00,2665.7740263451437,0,0,0,0,10,10
2026-07-08T23:00:00+00:00,541.0281601916272,0,0,0,0,10,10
2026-07-09T00:00:00+00:00,217.69500518224865,0,0,0,0,10,10
2026-07-09T01:00:00+00:00,316.99220003863167,0,0,0,0,10,10
2026-07-09T02:00:00+00:00,422.785053468812,0,0,0,0,10,10
2026-07-09T03:00:00+00:00,1067.560038641872,0,0,0,0,10,10
2026-07-09T04:00:00+00:00,549.6055230776675,1.1584497822222228,0.7212543052777779,2.865556615833333,6.6200977241666665,10.10247054861111,10.445276714166667
2026-07-09T05:00:00+00:00,828.2567810814336,9.051720524339508,9.084072290480611,21.72097896360417,29.230485547831666,10.736115837222222,11
2026-07-09T06:00:00+00:00,2115.0493102749892,0,0,56.07265107777778,66.40423816388889,11,11
2026-07-09T07:00:00+00:00,973.7705763468376,5.787694867777778,7.1106430413888875,141.10161530694447,162.1964200947222,11,11.015539864444444
2026-07-09T08:00:00+00:00,386.4909651756297,197.36127170527777,168.91345432833333,337.40568738111114,370.6191143211111,15.459691680277778,15.863863441111112
2026-07-09T09:00:00+00:00,136.8485784234275,225.3541097663889,325.7049264675,303.3432840525,582.4969483697222,25.481340388055557,28.863006477777777
2026-07-09T10:00:00+00:00,56.00672983061111,482.56514046166666,458.2686424275,664.017227608611,681.477409365,47.17354840833334,50.48337372888889
2026-07-09T11:00:00+00:00,73.92188771205026,408.0721788213889,465.4394186930556,548.1394066719445,672.2954146730556,72.02863120555556,76.97644080138889
2026-07-09T12:00:00+00:00,-142.84663096615552,228.90399163555557,145.95871941250002,344.03429929972225,570.0136765255555,92.45138420194445,98.08029186972222
2026-07-09T13:00:00+00:00,3698.390799912138,-108.51152536805556,-109.81615672083335,64.30587059527778,150.94393561083334,92.75684812361112,97.80991559
2026-07-09T14:00:00+00:00,323.38049331279143,-36.993214515,-82.1540453875,30.48179473361111,32.714117389722226,86.03259536388889,90.10097525833334
2026-07-09T15:00:00+00:00,295.5343788932822,-2.7815342913888874,-74.68681026805557,28.1186436425,26.212494863333333,84.58303639805555,85.32929201888889
2026-07-09T16:00:00+00:00,425.2032717323122,4.988876674999999,11.200940762222222,9.566091835833332,21.883687785833335,84,82.862920295
2026-07-09T17:00:00+00:00,355.64431669531746,-114.28025010166668,-100.8590049388889,2.4184586469444445,5.7419608702777785,82.39691472277778,81.8910162363889
2026-07-09T18:00:00+00:00,197.91230315136053,-283.8405256661111,-277.36057022,0,0,65.45561585416667,66.38420135861111
2026-07-09T19:00:00+00:00,1934.3861641516842,-244.12458695166666,-264.79748907138884,0,0,50.26088696,51.87719423777778
2026-07-09T20:00:00+00:00,500.0472951889028,-290.16289025500004,-330.9987080111111,0,0,29.342213223333335,30.785522132499995
2026-07-09T21:00:00+00:00,761.2045474371636,-171.68948664250001,-184.65568495416667,0,0,12.244076692222222,12.4275389325
2026-07-09T22:00:00+00:00,814.1756686404266,0,0,0,0,10,10
2026-07-09T23:00:00+00:00,1230.2241799650035,0,0,0,0,10,10
2026-07-10T00:00:00+00:00,476.5941205852758,0,0,0,0,10,10
2026-07-10T01:00:00+00:00,589.952538230447,0,0,0,0,10,10
2026-07-10T02:00:00+00:00,579.6157951980746,0,0,0,0,10,10
2026-07-10T03:00:00+00:00,539.9284354742234,0,0.1384528363888889,0,0.1457644277777778,10,10
2026-07-10T04:00:00+00:00,458.6252718900989,14.924436537777778,9.705548388611112,48.7722883075,49.590409395555554,10.922741471666667,10.870807510833332
2026-07-10T05:00:00+00:00,78.96804437825472,5.4348382794444445,6.963003608055556,109.45786965527778,119.4940850188889,11,11
2026-07-10T06:00:00+00:00,360.3650326516217,48.93141283111111,41.277791908611114,222.8657761763889,236.41946809944446,11.856721420555557,11.878218717777777
2026-07-10T07:00:00+00:00,3041.9814612830123,64.20420045138889,71.81735959805555,379.58005642055554,426.3960647952778,15.541869154444443,15.702063661666665
2026-07-10T08:00:00+00:00,330.9543844654933,168.57126068444444,164.0962293711111,322.91927059777777,416.99247687722226,21.652575811666665,23.60158289638889
2026-07-10T09:00:00+00:00,1008.2020667930866,54.43935425694445,115.1885606911111,307.4216766463889,456.5559441394444,27.45176771888889,29.81887377527778
2026-07-10T10:00:00+00:00,147.82565609550278,260.0859035375,350.5504397947222,266.46015740055554,639.4151139611112,35.91493178583334,45.37345504222222
2026-07-10T11:00:00+00:00,316.07030474568586,264.0906458147222,314.8553664763889,301.9360038536111,582.9731819013889,51.23429536333333,65.18991226861111
2026-07-10T12:00:00+00:00,879.1964726880686,91.99649255527778,158.6373260736111,235.9068528941667,503.9452851191666,59.60062296472222,76.92389219333333
2026-07-10T13:00:00+00:00,1645.9542176496318,-94.63718636388889,-47.857313068055554,52.846830151666666,180.34079419,61.00659418916666,82.79420943777778
2026-07-10T14:00:00+00:00,537.5616041827305,-30.223867237222226,-180.17281391055553,58.18039632027777,36.246963799444444,53.56704363916666,73.1537662475
2026-07-10T15:00:00+00:00,1270.9021347086098,-124.87462299972223,-225.02323602472222,43.52276977444444,39.60845611916667,49.24005022833333,63.335197236944445
2026-07-10T16:00:00+00:00,1052.168662753044,-52.061684908888886,-131.045615575,42.65886867611111,49.5260310625,41.04843159583333,50.917302792777775
2026-07-10T17:00:00+00:00,734.2684852551647,-80.56808434444444,-79.85698354027778,11.978892555555555,12.685534829722222,37.863736860555555,43.58558032277778
2026-07-10T18:00:00+00:00,598.5289019133378,-192.86384869555556,-237.21761214305556,0.6104659869444444,2.643152476944444,26.338609458333334,37.190969637222224
2026-07-10T19:00:00+00:00,2903.778452976898,-145.26779565027778,-224.43994239694447,0,0,15.540637338611111,17.247430757777778
2026-07-10T20:00:00+00:00,396.7024211631433,0,0,0,0,10,10
2026-07-10T21:00:00+00:00,485.6949699084217,0,0,0,0,10,10
2026-07-10T22:00:00+00:00,1546.1533158317707,0,0,0,0,10,10
2026-07-10T23:00:00+00:00,2611.74100504756,0,0,0,0,10,10
2026-07-11T00:00:00+00:00,1300.5403237465155,0,0,0,0,10,10
2026-07-11T01:00:00+00:00,307.5534784078897,0,0,0,0,10,10
2026-07-11T02:00:00+00:00,307.4710496936478,0,0,0,0,10,10
2026-07-11T03:00:00+00:00,295.9000150501722,0,0,0,0,10,10
2026-07-11T04:00:00+00:00,253.70568919780692,15.343137147777776,10.043245411666668,47.53690158027778,51.13827385,10.817748439166666,10.903585473888889
2026-07-11T05:00:00+00:00,135.15222277036472,12.705546112777776,13.284276156666666,135.56403366472222,152.79363589583332,11.104409067222221,11.053601788888889
2026-07-11T06:00:00+00:00,49.80117064583278,143.67795657888888,135.69366426611109,289.51131461777777,293.95105887166665,15.173763664722223,15.326359817777778
2026-07-11T07:00:00+00:00,932.5259441102899,80.95819148472222,75.19166363972222,311.1976343852778,273.57661579666666,23.73516776,23.003129652222224
2026-07-11T08:00:00+00:00,540.7529025073255,111.30994704472221,96.695705005,268.2418809436111,231.7948584461111,27.00701247472222,26.675412417222223
2026-07-11T09:00:00+00:00,235.6121888462061,286.47939286583335,276.9504239861111,517.8926388744445,466.17695076694446,37.51337278888889,36.49568402277778
2026-07-11T10:00:00+00:00,256.329049521968,123.85677487055555,319.3046023663889,306.61251444,631.2466355655555,50.21402356583334,53.23240601083333
2026-07-11T11:00:00+00:00,2041.031054158415,241.5209309541667,299.67350016916663,421.1190284352778,612.1925437386111,61.166058240000005,73.58903979333333
2026-07-11T12:00:00+00:00,1521.186680205189,106.80973357583332,131.52763383222222,193.62170320777776,353.46346389166666,70.4146410625,83.9663439711111
2026-07-11T13:00:00+00:00,1102.777209250248,-51.774395580555556,-37.705351461388894,71.92266282527778,167.66147789833335,71.72792486027778,87.11843703472222
2026-07-11T14:00:00+00:00,1947.6256765138967,-159.38726061694445,-160.18019709361113,34.27110817944445,58.12150287416667,63.07937694555556,78.13591584027778
2026-07-11T15:00:00+00:00,552.8693573942138,-42.577353206388885,-53.126753771944436,73.3651585775,96.79049602333333,56.84623470638889,74.4703918513889
2026-07-11T16:00:00+00:00,1418.8052785799453,-8.853695373055555,-156.3956330686111,20.534546422777776,26.269754548333335,55.40141237388889,68.20659295
2026-07-11T17:00:00+00:00,1886.3332385006777,-94.11239826111112,-41.18851775444444,1.16824013,3.586950256111111,52.377134614166664,59.06763609666667
2026-07-11T18:00:00+00:00,488.0086055786803,-84.09893301027778,-135.0551431725,0,1.2206373266666668,45.58885659888889,55.32278827305556
2026-07-11T19:00:00+00:00,90.33825794883334,-144.78022867222222,-213.74252531444446,0,0,37.49388919305556,44.07914991166667
2026-07-11T20:00:00+00:00,100.07132827109304,-162.75929106305554,-217.36747693944446,0,0,27.07310619333333,30.500579167499996
2026-07-11T21:00:00+00:00,372.60000620747337,-172.78428240694447,-215.09841192444443,0,0,15.57166053777778,16.538328360555557
2026-07-11T22:00:00+00:00,743.2449484462153,0,0,0,0,10,10
2026-07-11T23:00:00+00:00,3123.633530137711,0,0,0,0,10,10
2026-07-12T00:00:00+00:00,379.8368133658158,0,0,0,0,10,10
2026-07-12T01:00:00+00:00,344.48100167492834,0,0,0,0,10,10
2026-07-12T02:00:00+00:00,355.99845059165324,0,0,0,0,10,10
2026-07-12T03:00:00+00:00,361.59267002526366,0,0,0,0,10,10
2026-07-12T04:00:00+00:00,233.50662786355363,17.291902678055553,10.728975434444443,44.106602258611105,46.30782290305555,10.904729675277778,10.8018966275
2026-07-12T05:00:00+00:00,76.04724000450973,18.791113551111113,23.06787899166667,147.37947387,165.98023722194444,11.175517644722222,11.192455968055555
2026-07-12T06:00:00+00:00,87.43893183209833,154.31228657555553,144.32579531666667,223.90804575,283.1013229930556,15.507720250833335,15.696385775277777
2026-07-12T07:00:00+00:00,282.98293695815283,232.75061665055557,238.35573050277776,448.0739692625,463.23343396194446,27.30681090666667,27.49442889527778
2026-07-12T08:00:00+00:00,1019.4246111732596,142.6100029327778,140.45105577194445,551.1359980213889,556.9350505716667,35.92629306638889,36.350295556666666
2026-07-12T09:00:00+00:00,3146.1551627312947,233.04603595527774,236.8608963413889,616.6344454511111,626.6401309558333,50.15481686611111,50.95035396583334
2026-07-12T10:00:00+00:00,774.5580524986666,241.5739315988889,222.05137714305556,537.5333307475,542.5781624283333,62.55460435027778,64.19837295805556
2026-07-12T11:00:00+00:00,712.6043159558507,268.7430795627778,194.3575661461111,472.39251863833334,492.5591374811111,74.42809094138889,74.50911754944444
2026-07-12T12:00:00+00:00,127.24510585667026,169.19714651055554,358.6629677786111,329.5075001458334,563.8415694175,87.34325891472223,88.42506256666667
2026-07-12T13:00:00+00:00,185.63336969783722,-25.665043885833327,4.6052400505555555,74.40906256805556,166.6133027661111,89.78815066166668,99.04602024277779
2026-07-12T14:00:00+00:00,227.7446544312514,-58.06230801861111,-85.86748451694444,36.71193004305555,31.91614791638889,86.17329947972222,94.52195111416667
2026-07-12T15:00:00+00:00,278.01171016437775,21.382636695277778,-72.68376860972224,32.111737849444445,26.803454057777774,83.62397737055555,89.99440586861111
2026-07-12T16:00:00+00:00,430.07496528193695,4.795650270555555,2.661510792222221,6.177945196666666,15.635989188055555,84,87
2026-07-12T17:00:00+00:00,224.19019059380025,-105.7472729886111,-69.8948461013889,0.20231409333333336,2.431410844722222,81.33117961972222,86.01046265861112
2026-07-12T18:00:00+00:00,103.97524652615444,-162.78013696083335,-182.86121673777777,0,0,72.38262595138889,77.78447986777778
2026-07-12T19:00:00+00:00,108.7445162865586,-190.10404764944442,-216.05552397083332,0,0,59.72902963388889,64.36132147555556
2026-07-12T20:00:00+00:00,101.59412321472666,-169.38566565944444,-197.79750284333332,0,0,47.60621032638889,51.551829048611104
2026-07-12T21:00:00+00:00,101.80659915496027,-197.7106872641667,-230.42970990666666,0,0,34.96189955388889,37.64771360305556
2026-07-12T22:00:00+00:00,168.78395798139638,-193.00836502833332,-245.55934558472222,0,0,22.083328158333334,23.3232383525
2026-07-12T23:00:00+00:00,2932.4039866649896,-75.17745884444444,-72.62535662527777,0,0,10.61191608611111,10.59379120388889
2026-07-13T00:00:00+00:00,602.3843855185784,0,0,0,0,10,10
2026-07-13T01:00:00+00:00,397.99119815979424,0,0,0,0,10,10
2026-07-13T02:00:00+00:00,365.769447769072,0,0,0,0,10,10
2026-07-13T03:00:00+00:00,348.58696815888305,0,0,0,0,10,10
2026-07-13T04:00:00+00:00,282.48565150033807,13.925597840277776,13.456019819722222,38.41089168194444,45.297826844444444,10.9471811975,10.86967774138889
2026-07-13T05:00:00+00:00,60.75730444036056,22.56499820361111,21.64205277611111,138.36254981694444,156.11352963194443,11.241637997222222,11.2852181075
2026-07-13T06:00:00+00:00,114.58530445720112,107.23242924777777,112.6258624875,243.7657534213889,295.85498282972225,15.040320301666666,15.159513522777777
2026-07-13T07:00:00+00:00,55.08486124263694,235.84879611888888,235.13125063194445,407.93155426944446,445.0324236133333,24.02036368611111,24.70210883833333
2026-07-13T08:00:00+00:00,3406.157057103421,243.94617786805554,241.8781162711111,468.88728711138896,487.3822533225,39.50157522555555,40.36714738805556
2026-07-13T09:00:00+00:00,7072.527138121761,295.6740889122222,292.16415603694446,581.6710063313889,595.2391229572222,52.68836897194444,54.08094109222222
2026-07-13T10:00:00+00:00,7359.317437808328,247.06652201694445,186.7733734352778,618.0978411836112,634.775556045,68.9114668525,70.13777614666667
2026-07-13T11:00:00+00:00,8568.16963327747,302.1587242802778,210.69310502250002,601.6215668452778,591.5813552052778,84.97351632027778,78.40422304027778
2026-07-13T12:00:00+00:00,7755.453373021933,89.6831210925,191.23252950583333,291.84324768694444,478.8975752877778,95.01150621888888,91.28336520055556
2026-07-13T13:00:00+00:00,509.53741422685835,-94.32956009555555,12.307235630833333,63.07409606527778,146.9695712263889,92.57418210222222,96
2026-07-13T14:00:00+00:00,285.5446476857931,-99.27354454472221,-122.34194608222224,38.223934040833335,39.16127923944445,85.32161491000001,92.19979157166667
2026-07-13T15:00:00+00:00,1108.8551065637437,-157.06528888833336,-243.43203885555556,27.231548211388887,31.912278461666663,75.81588892444445,82.21838442777778
2026-07-13T16:00:00+00:00,880.9565493329652,24.489092588055556,-273.6419315775,26.627470886666668,21.33192536527778,72.72481283444445,64.10965840472223
2026-07-13T17:00:00+00:00,589.6481079063208,-60.344993850277774,9.655496574999999,2.592813795277778,15.477520122777777,72.52294395666667,56.94896272277777
2026-07-13T18:00:00+00:00,320.3420551250667,-291.1533262341667,-184.76447982416664,0,0,59.70620402888889,52.27582043
2026-07-13T19:00:00+00:00,74.49286532897752,-166.48958192111112,-132.1445589888889,0,0,43.53282736777778,40.81559207083333
2026-07-13T20:00:00+00:00,93.5003770537275,-149.70674952444446,-130.66456409416665,0,0,32.46859745555556,32.04583842527778
2026-07-13T21:00:00+00:00,627.4710668823473,-240.62426463388888,-259.04152743833333,0,0,20.69538500138889,21.211945841111113
2026-07-13T22:00:00+00:00,457.1523261873122,-15.242739834444444,-19.25107493111111,0,0,10.123514157222223,10.06150196111111
2026-07-13T23:00:00+00:00,344.7435665545342,0,0,0,0,10,10
2026-07-14T00:00:00+00:00,323.57780275332476,0,0,0,0,10,10
2026-07-14T01:00:00+00:00,231.11633509874113,0,0,0,0,10,10
2026-07-14T02:00:00+00:00,223.5523359391817,0,0,0,0,10,10
2026-07-14T03:00:00+00:00,223.73247268212364,0,0.47270102249999996,0,0.4834168452777778,10,10
2026-07-14T04:00:00+00:00,2541.798782046143,0.43195220111111166,-0.23272856972222178,5.880381020555556,13.10565903861111,10.853419745833333,10.886733809444443
2026-07-14T05:00:00+00:00,663.5747735433162,1.4881547797222219,-1.0428861313888886,9.262630229722221,11.023769548055556,10.199383079722223,10.250523170277779
2026-07-14T06:00:00+00:00,1520.247103818095,7.8575438575000005,8.157924320555557,13.681940948611112,21.247014180833336,10.763066139444446,10.847696491666667
2026-07-14T07:00:00+00:00,638.5559788797055,11.167986755555555,0,12.00701663611111,34.11405312805555,11,11
2026-07-14T08:00:00+00:00,356.387050341963,0.5602482058333333,0,94.81538425499998,108.52777466277779,11,11
2026-07-14T09:00:00+00:00,287.3771296372809,0,0,132.944873365,155.02029435111112,11,11
2026-07-14T10:00:00+00:00,359.8783048417428,77.10074803055555,95.75022118222222,243.77390916750002,290.99488354361114,12.532006278888888,12.559484714722222
2026-07-14T11:00:00+00:00,297.3619876925614,290.656260185,205.61406150472223,503.02607804222225,290.24634533694444,23.244451155277776,21.74971336611111
2026-07-14T12:00:00+00:00,113.0274165522386,196.68403682722223,303.61571710749996,385.2510974013889,419.44220190416667,39.70856508666667,36.92253078861111
2026-07-14T13:00:00+00:00,182.62047455911025,-23.306684037222222,21.265969741388883,52.79959500888889,189.04146754972223,42.75410780388889,49.04090585
2026-07-14T14:00:00+00:00,200.16001762211417,-26.63171914638889,-56.98359201527777,55.80208742805556,61.274731484722224,41.268752604444444,46.249815948611115
2026-07-14T15:00:00+00:00,215.17115649375,-19.772447510277782,-56.1130618025,37.85875635833333,43.56914790444444,39.2732795175,42.17284720638889
2026-07-14T16:00:00+00:00,237.25950928590723,-56.971417394722216,-68.79256245166667,25.536323375277775,34.83635373222222,36.589690905,38.701647397222224
2026-07-14T17:00:00+00:00,2494.101747876975,-50.688654371388886,-29.790792962777772,13.39795390972222,14.91058002,34.731856110555555,34.684895807222226
2026-07-14T18:00:00+00:00,74.16470457717445,-127.01356884500001,-156.8534197438889,0,0.2504706416666667,24.750542369166666,29.290738984444445
2026-07-14T19:00:00+00:00,112.64765334571695,-72.59552166666667,-100.82246983055556,0,0,20.694024460555557,20.939444344722222
2026-07-14T20:00:00+00:00,108.90333805775639,-84.47673679222223,-93.84504090694445,0,0,14.81289445388889,14.779682213055557
2026-07-14T21:00:00+00:00,215.49146704498057,-32.57299775083333,-37.50050290694444,0,0,10.740897607777777,10.773108044444443
2026-07-14T22:00:00+00:00,275.231797846847,0,0,0,0,10,10
2026-07-14T23:00:00+00:00,815.7885099995359,0,0,0,0,10,10
2026-07-15T00:00:00+00:00,801.799755005066,0,0,0,0,10,10
2026-07-15T01:00:00+00:00,274.758519243753,0,0,0,0,10,10
2026-07-15T02:00:00+00:00,348.78336264912946,0,0,0,0,10,10
2026-07-15T03:00:00+00:00,256.98435189150166,0,0,0,0,10,10
2026-07-15T04:00:00+00:00,183.78737453495447,7.755809266944445,4.651419475833333,38.945716775,42.00047504333333,10.610903028055555,10.568124557500001
2026-07-15T05:00:00+00:00,144.77490273059945,51.53875239138889,43.112345367500005,87.28093565333334,75.05930223,11.937280423611112,11.938445558055555
2026-07-15T06:00:00+00:00,141.27372704077695,68.49717690749999,72.8298193625,122.34342601527777,98.4656146913889,14.979973238333335,15.013062535833333
2026-07-15T07:00:00+00:00,2341.8345489172157,103.20999813833333,113.29806681777778,305.9356853002778,332.97156730194445,19.59092509527778,20.10071268861111
2026-07-15T08:00:00+00:00,1138.2592987607106,218.97464867333335,215.69749028972225,487.5490740088889,526.7485157550001,26.48823533138889,27.385602969444445
2026-07-15T09:00:00+00:00,224.62692296308276,391.4056132638889,385.1812118444445,616.978967621389,604.6818551166667,45.04568424277778,46.06322520861111
2026-07-15T10:00:00+00:00,965.9446628708018,166.16346848833334,186.68377382694447,585.9284012194445,603.5636240866667,65.24836710555556,66.39228507027778
2026-07-15T11:00:00+00:00,216.33090281708,86.25915070333333,79.65153054666666,487.1448980866667,504.13142995666664,68.61876424916666,70.85631201083334
2026-07-15T12:00:00+00:00,119.18429965146304,104.56405372277777,134.54347367555553,385.05027996527775,465.59299225,74.75361208583332,77.95260264194444
2026-07-15T13:00:00+00:00,61.19273680119139,17.915285874166667,25.728243092777774,157.97733920888888,193.25985074444444,76.99531127666667,81.55696645472223
2026-07-15T14:00:00+00:00,71.56315769126333,0,1.4127404033333333,137.41181615888888,168.0438590397222,77,82
2026-07-15T15:00:00+00:00,294.9100547111317,-27.73058757166666,-29.102524841388888,57.9763014825,67.36381351583333,74.71878893194445,81.01768934916667
2026-07-15T16:00:00+00:00,1329.9846410134194,-86.79030254777776,-274.03071421333334,33.17043427583334,32.451561479166664,71.70603386861112,71.9433276288889
2026-07-15T17:00:00+00:00,234.65899919730973,-9.613349440000002,-83.49445457916666,22.995134538333332,22.230342225277777,69.61069826805556,58.30637272111111
2026-07-15T18:00:00+00:00,163.61701280475393,-174.22055437111112,-112.51788217444444,0,0,62.556119950833335,54.08959139055556
2026-07-15T19:00:00+00:00,154.35962581999917,-175.13502215999998,-127.47214291722223,0,0,50.45062200361111,46.084976644722225
2026-07-15T20:00:00+00:00,64.38776129355861,-138.9892662636111,-96.58422736027778,0,0,39.61717034833333,38.52893457472222
2026-07-15T21:00:00+00:00,1885.5189276862259,-232.21107138111108,-251.1549823225,0,0,28.29848187111111,29.169038001666667
2026-07-15T22:00:00+00:00,102.07027547728444,-62.66049304055556,-94.96312536666666,0,0,15.794479610833333,15.910790675000001
2026-07-15T23:00:00+00:00,995.1355119516905,-26.86202747972222,-27.302656150833332,0,0,10.627600193888888,10.54306378638889
2026-07-16T00:00:00+00:00,759.9630327855626,0,0,0,0,10,10
2026-07-16T01:00:00+00:00,224.54011457224723,0,0,0,0,10,10
2026-07-16T02:00:00+00:00,222.02475158777918,0,0,0,0,10,10
2026-07-16T03:00:00+00:00,222.8812208240022,0,0,0,0,10,10
2026-07-16T04:00:00+00:00,183.2651273620722,20.733456741111112,21.01915644972222,30.962648818333335,24.415126937222222,10.580351375277777,10.554779238888889
2026-07-16T05:00:00+00:00,122.92901031137306,42.44707327888889,36.72932469888889,90.18225437777778,103.12882996388889,12.471957695,12.574535855
2026-07-16T06:00:00+00:00,62.303823898308615,140.45118217777778,122.97098364,239.52411225472224,275.7922310227778,17.071405223333333,17.289929662222224
2026-07-16T07:00:00+00:00,215.5897003210464,208.48885128388892,205.64218972555557,396.36511281055556,416.22014191777777,26.31786506888889,27.013455949166666
2026-07-16T08:00:00+00:00,136.4866729553725,109.18520200277779,103.21624991638889,257.43081032333333,286.5222482716667,34.567430110277776,35.96346835333333
2026-07-16T09:00:00+00:00,250.57673555182612,115.65661035527778,150.9877810038889,232.44763108944446,320.6461876638889,40.569097050833335,42.343088871666666
2026-07-16T10:00:00+00:00,70.09676179074388,307.64824144222223,338.69918771972226,424.4886523788889,502.7405703847223,53.19275560166667,56.526397494444446
2026-07-16T11:00:00+00:00,123.27727871433835,152.60267337555555,220.6005739486111,186.20392029194443,368.9094462580556,64.82638051083333,71.2871593163889
2026-07-16T12:00:00+00:00,93.35758844132334,134.452925435,297.26999614305555,145.72257840972222,488.7438283113889,76.12692397861112,86.02329713249999
2026-07-16T13:00:00+00:00,2128.7076818121654,-51.59267255666666,-32.85837088527777,57.86792310305555,137.041182335,75.96601268888888,94.35930605472221
2026-07-16T14:00:00+00:00,171.537973903908,8.611325653333333,-58.67490085444444,69.94306724916667,52.96633288361111,75.71669380638889,90.62710616333334
2026-07-16T15:00:00+00:00,811.7183425426816,10.160851090833333,-36.443211045,77.77274101083333,71.21825474833334,76,86.64071919277778
2026-07-16T16:00:00+00:00,257.58377111811393,-5.469375445555556,-74.95489765722222,42.54368336472222,36.822932116666664,75.562218395,83.82911015083333
2026-07-16T17:00:00+00:00,402.5725911501581,22.17277402027778,-24.794474787777776,23.198873878333334,23.049727316388893,76.54731994583334,80.23270578333333
2026-07-16T18:00:00+00:00,108.00631458722027,-192.57571336166666,-185.4189500836111,0,0.2665906977777778,70.54430166777777,74.62933490055555
2026-07-16T19:00:00+00:00,90.34327701763556,-179.85221201944444,-199.1755701661111,0,0,57.94037889138889,61.760287775
2026-07-16T20:00:00+00:00,78.08104695717388,-178.7741861413889,-203.25056173416667,0,0,44.87832558805556,48.16511610138889
2026-07-16T21:00:00+00:00,86.64101203424694,-129.84256453666669,-149.84893483333335,0,0,34.44584044888889,37.226978089444444
2026-07-16T22:00:00+00:00,2057.4053429692053,-229.1888326525,-280.0386627444445,0,0,22.249106512222223,23.301971323333333
2026-07-16T23:00:00+00:00,1085.3196197988134,-60.14852012055555,-53.96584407666666,0,0,10.86525501,10.86525889722222
2026-07-17T00:00:00+00:00,769.2713413628634,0,0,0,0,10,10
2026-07-17T01:00:00+00:00,753.8672454512671,0,0,0,0,10,10
2026-07-17T02:00:00+00:00,292.89124504811144,0,0,0,0,10,10
2026-07-17T03:00:00+00:00,267.58688492230056,0,0,0,0,10,10
2026-07-17T04:00:00+00:00,263.59174999172,0,0,0,0,10,10
2026-07-17T05:00:00+00:00,273.4845299735736,6.134502736666668,4.838044806111111,19.494882538055556,24.745819864722222,10.496703825833334,10.496710039722222
2026-07-17T06:00:00+00:00,378.666203527337,7.977560288055556,0,74.33911111888888,80.85039225055556,11,11
2026-07-17T07:00:00+00:00,294.5008106306519,0,0,102.02457267111112,117.7118203686111,11,11
2026-07-17T08:00:00+00:00,826.3052495635111,29.912892304166665,37.956843973055555,198.2070467275,220.85260301083335,11.224774089722223,11.221433731666666
2026-07-17T09:00:00+00:00,3471.3285914555977,200.3200798463889,189.72638444194445,511.83740765166664,536.455833375,17.5573133875,17.907348379444443
2026-07-17T10:00:00+00:00,167.98811431133637,124.2638241063889,123.88445930555555,361.0910671038889,397.2338943769444,27.021864791111113,27.75307015861111
2026-07-17T11:00:00+00:00,47.834590793836945,124.27555061166667,133.15681799111113,263.0857665538889,302.2240706658333,34.28154938555556,35.97686546916667
2026-07-17T12:00:00+00:00,71.61984762654,130.1505539225,171.66435229083334,274.7846098147222,353.8382954986111,40.88070251111111,44.26492934694445
2026-07-17T13:00:00+00:00,199.5563009588417,0,16.179276498333333,106.13559107333333,171.3586564922222,44,49.82305549611112
2026-07-17T14:00:00+00:00,199.17098959494558,-54.680803886111114,-93.28403564222221,51.39788583333333,49.76358855888889,41.5838010775,46.863879742777776
2026-07-17T15:00:00+00:00,162.2014936670075,-129.74254100277778,-167.8639266963889,3.175472865,7.331930428333334,36.29167958,39.73790852555556
2026-07-17T16:00:00+00:00,94.57094695378389,-118.48124929888888,-148.14173288083333,0,0,26.527784247499998,28.329301000555557
2026-07-17T17:00:00+00:00,165.2440813201961,-121.34385618027778,-112.96203031888888,0,0.24990325833333335,18.423572115277775,19.29728180972222
2026-07-17T18:00:00+00:00,215.75431829009779,-64.10811303583333,-96.60471672111112,0,0.30198202,12.718640063055554,13.0798123475
2026-07-17T19:00:00+00:00,341.20255776272387,0,0,0,0,10,10
2026-07-17T20:00:00+00:00,266.31655865311086,0,0,0,0,10,10
2026-07-17T21:00:00+00:00,348.0461935399947,0,0,0,0,10,10
2026-07-17T22:00:00+00:00,347.1945216868353,0,0,0,0,10,10
2026-07-17T23:00:00+00:00,346.37067404239025,0,0,0,0,10,10
2026-07-18T00:00:00+00:00,3010.178257469326,0,0,0,0,10,10
2026-07-18T01:00:00+00:00,9475.790477661518,0,0,0,0,10,10
2026-07-18T02:00:00+00:00,7282.6625781918165,0,0,0,0,10,10
2026-07-18T03:00:00+00:00,2435.4192113330146,0,0,0,0,10,10
2026-07-18T04:00:00+00:00,211.10413200318723,16.954287966666666,11.820340067777778,46.65475775916667,47.21939411138889,10.636695525833334,10.653364920555555
2026-07-18T05:00:00+00:00,162.84472939681834,31.241397308888892,32.72905829055556,70.33811187305555,78.5010078236111,11.842290914166668,11.690236974444446
2026-07-18T06:00:00+00:00,167.70206028169386,54.66666382305556,41.46549275333333,106.68702677138889,93.09582184805555,13.759850226666666,13.759672566388888
2026-07-18T07:00:00+00:00,153.83605314775392,65.86548469833333,63.885745265,181.39708901416668,114.16010087305555,18.261752018055557,17.686376451666664
2026-07-18T08:00:00+00:00,99.48124359560944,29.15484998166667,43.24588795833333,104.6889322938889,142.32910824416666,21.4863943175,21.38419275888889
2026-07-18T09:00:00+00:00,247.79608007434524,65.01390818055556,41.98908669583333,140.69439162944445,112.24572293305555,23.49397474555556,23.721477355555553
2026-07-18T10:00:00+00:00,232.81069441055163,115.93636197666666,163.3933049702778,179.4854631727778,317.69625615583334,27.532242975,29.029448231944443
2026-07-18T11:00:00+00:00,2312.695235020023,102.48689423361111,75.98080220694445,187.5744266552778,169.03638570972223,35.31363890555556,37.09169612
2026-07-18T12:00:00+00:00,137.28573863866472,115.32181158222222,186.2689886513889,193.680922165,360.08814641944446,41.11337814805555,43.96277714666667
2026-07-18T13:00:00+00:00,112.06196637080139,23.268496954444444,44.88781314277778,82.36965571777777,203.80960568805554,45.54096480583333,50.83087235805556
2026-07-18T14:00:00+00:00,120.98454199441528,18.710809785,1.4207382777777777,91.837498955,112.65276762416666,46.02363646083333,51
2026-07-18T15:00:00+00:00,117.21454803461194,37.05932755944444,-18.061290258611113,75.19687230805555,86.70841210083334,47.97095287444444,50.951115161388884
2026-07-18T16:00:00+00:00,159.7231113416511,1.2543434533333333,1.4680509155555557,55.40638681138889,64.61708346861111,49,50
2026-07-18T17:00:00+00:00,193.94406480905556,-1.083057187222222,-5.408474792777777,34.07279553666667,34.62314018583333,48.78001495666666,49.69583234833333
2026-07-18T18:00:00+00:00,151.06155804380916,-33.49666484027778,-64.78722088055555,0.3164988808333333,1.6754714666666668,47.75378077583334,48.2208574675
2026-07-18T19:00:00+00:00,107.40316089369306,-67.18167685499999,-66.20973978166667,0,0,43.40446710333333,42.90595103194445
2026-07-18T20:00:00+00:00,116.9336447276839,-65.8165559175,-78.35777387472223,0,0,38.65759616666667,38.36957372388889
2026-07-18T21:00:00+00:00,103.02550005236914,-92.30470711388888,-85.77716875916667,0,0,33.28773133722222,33.18563780416667
2026-07-18T22:00:00+00:00,115.39794734573945,-70.5303242038889,-79.49140025638889,0,0,27.505688915833332,27.35449026111111
2026-07-18T23:00:00+00:00,156.7368713778578,-206.0495510388889,-205.22450574083334,0,0,15.867356899999999,15.766061338888889
2026-07-19T00:00:00+00:00,228.95367743469555,0,0,0,0,10,10
2026-07-19T01:00:00+00:00,252.58866202368336,0,0,0,0,10,10
2026-07-19T02:00:00+00:00,249.8949232789439,0,0,0,0,10,10
2026-07-19T03:00:00+00:00,258.35396112334666,0,0,0,0,6.0802285694444445,10
2026-07-19T04:00:00+00:00,241.13237212837416,19.797459568333334,16.850550250555553,19.79750297972222,19.606807439999997,0.42223579555555557,10.734749405555556
2026-07-19T05:00:00+00:00,196.54920221620557,37.530176321666666,2.1066005127777783,37.530240210833334,25.688802578333334,1.995985331111111,11.780405952222223
2026-07-19T06:00:00+00:00,158.26941796172943,98.05697293888888,-2.4995599613888895,98.05712544027777,96.06572413138889,5.7766897041666665,10.96631641638889
2026-07-19T07:00:00+00:00,139.37305108036915,151.6115905713889,110.08893261527777,182.3059579061111,193.76211786972223,14.143377692222222,14.33265883
2026-07-19T08:00:00+00:00,136.34882066399305,151.27144353916665,154.47865839805556,204.80403803638887,223.13320105277776,21.12221137527778,21.273010074166667
2026-07-19T09:00:00+00:00,123.58436678037889,146.2809106988889,118.64820994111112,177.0715842388889,195.0689256488889,29.42784042861111,29.956467226666664
2026-07-19T10:00:00+00:00,172.12284234885365,169.12574510555555,224.8334456025,181.12791597999998,274.04375128111116,38.60746064638889,39.27160645694445
2026-07-19T11:00:00+00:00,114.33924539541944,129.2397197797222,93.3079752675,164.64575894944446,192.02178844166667,47.70136197277778,47.82945951277778
2026-07-19T12:00:00+00:00,93.63907477716111,64.0076445713889,120.34790886444445,125.88205628166666,227.9713324986111,53.14861816333333,52.69997093777778
2026-07-19T13:00:00+00:00,1987.8107788034183,-63.14209795749999,10.127694202777779,52.845785354444445,109.10625805861112,56.282599875833334,58.60038060638889
2026-07-19T14:00:00+00:00,128.89795964978194,33.7698428275,-7.486161396388888,73.69480867555555,112.99595370416667,53.272987893611116,57.77999674527778
2026-07-19T15:00:00+00:00,132.06198993492276,-52.641087465,-94.73027189722222,11.284319935,3.8610072119444445,52.05411382111111,54.37425029083334
2026-07-19T16:00:00+00:00,153.71851358140137,-40.03617923777778,-41.2511205825,34.67132682027778,45.43665142611112,47.99714770916666,49.592753280277776
2026-07-19T17:00:00+00:00,193.44238834167808,-11.881195991111111,-29.011395087222223,28.82600514527778,38.024943289166664,46.40693688194444,47.412105296666674
2026-07-19T18:00:00+00:00,129.41605042231112,-101.04828031472222,-107.73425286861112,7.729718740555556,8.782828066111112,44.093846075555554,43.7113864925
2026-07-19T19:00:00+00:00,68.21667952020555,-108.79718845444444,-116.66351254166666,0,0,35.008550605833335,35.23096682472222
2026-07-19T20:00:00+00:00,94.18203981022221,-96.86637305222223,-90.62588466777777,0,0,29.162393036111112,29.152389982777777
2026-07-19T21:00:00+00:00,127.32857159075417,-122.01209527111111,-132.57801508194444,0,0,21.077933520833334,21.477081824166664
2026-07-19T22:00:00+00:00,93.24786652144279,-104.92292479722221,-91.2215043163889,0,0,14.679713217222222,14.54384383138889
2026-07-19T23:00:00+00:00,149.8453062618197,-69.88004718944444,-12.990666118055556,0,0,10.967196396944445,10.443235559722222
2026-07-20T00:00:00+00:00,225.31877841744998,0,0,0,0,10,10
2026-07-20T01:00:00+00:00,188.95970228903556,0,0,0,0,10,10
2026-07-20T02:00:00+00:00,490.8197334298192,0,0,0,0,10,10
2026-07-20T03:00:00+00:00,1280.6083592988898,0,0,0,0,10,10
2026-07-20T04:00:00+00:00,1043.6036280118817,1.8736072311111114,4.253028258055555,13.204708605833332,20.527270846666667,10.547228519999999,10.51247011861111
2026-07-20T05:00:00+00:00,669.6641590665997,11.819552868611112,5.444927957222223,49.97945607444444,68.61152909916667,11,10.965086358333332
2026-07-20T06:00:00+00:00,1467.9970026570882,5.53012898,-0.2133878566666668,44.9217112275,49.520263227777775,11,10.983059194444444
2026-07-20T07:00:00+00:00,3429.318261688865,0,0,50.70247307277777,59.116275976666664,11,11
2026-07-20T08:00:00+00:00,413.7575269179842,0,0,97.40622555055556,117.58303223,11,11
2026-07-20T09:00:00+00:00,442.8720833826006,0,0,84.04404708583334,100.07518378888888,11,11
2026-07-20T10:00:00+00:00,566.3906699650188,-16.8349927275,4.216079760833334,122.94879259277779,128.99420832333334,11.273092422777777,11.1541778375
2026-07-20T11:00:00+00:00,2648.7418670862303,1.2290809830555554,0.66125065,113.25551058027777,136.63599101833333,11,11
2026-07-20T12:00:00+00:00,117.45039950430917,38.121219752222224,35.319790949166666,171.8857931397222,209.34742941805555,11.579677768055555,11.749723005833333
2026-07-20T13:00:00+00:00,400.80207591039806,-30.686060628611113,-24.30357660277778,140.8505578172222,171.11833263055556,12.38580594111111,12.419683927222223
2026-07-20T14:00:00+00:00,482.09952013465477,0,0.8151093513888887,87.67145427944445,111.70365482666666,11,11
2026-07-20T15:00:00+00:00,2486.7273710153663,-13.538159266666666,-1.9694175569444445,46.47147958694444,56.665190457499996,10.794971211944445,10.760529300833333
2026-07-20T16:00:00+00:00,2420.5203448436355,0,0,55.62877170138889,65.48720791944444,11,11
2026-07-20T17:00:00+00:00,948.6254303175447,0,0,40.22028044611111,45.16703724194445,11,11
2026-07-20T18:00:00+00:00,3772.862257236206,-1.776831998611111,-2.4763802277777778,1.949928816111111,5.977259898333333,10.141943213333333,10.262429206944445
2026-07-20T19:00:00+00:00,634.3045150217719,0,0,0,0,10,10
2026-07-20T20:00:00+00:00,1218.2560534363429,0,0,0,0,10,10
2026-07-20T21:00:00+00:00,1087.3366900622225,0,0,0,0,10,10
2026-07-20T22:00:00+00:00,789.8704371766001,0,0,0,0,10,10
2026-07-20T23:00:00+00:00,354.0682256647653,0,0,0,0,10,10
2026-07-21T00:00:00+00:00,439.91792841063517,0,0,0,0,10,10
2026-07-21T01:00:00+00:00,467.6629982000533,0,0,0,0,10,10
2026-07-21T02:00:00+00:00,363.99327714287466,0,0,0,0,10,10
2026-07-21T03:00:00+00:00,479.63190211185946,0,0,0,0,10,10
2026-07-21T04:00:00+00:00,427.2664854842697,12.348608410555554,9.927778289722221,37.251112965,37.82257111305555,10.729245226388889,10.661666943611111
2026-07-21T05:00:00+00:00,273.21996360804695,27.63666566472222,29.44401810388889,137.86940664916668,148.02020766500002,11.226663150833334,11.265571797222222
2026-07-21T06:00:00+00:00,172.01711600268138,101.79150829527778,101.92506291000001,246.46425502638888,263.2372111255556,15.364899721666667,15.513662265833332
2026-07-21T07:00:00+00:00,611.6902367002344,140.4151158191667,152.53012051888888,348.5128816525,394.28381366583335,20.543705946944446,20.899727884444445
2026-07-21T08:00:00+00:00,2402.3629866938527,102.69880331083334,194.80871469638888,422.3062552827778,508.6043449652778,29.236915526666667,31.715623238333336
2026-07-21T09:00:00+00:00,178.52569402715778,274.3257005691667,248.39352126916665,427.86241480527775,462.1062132430555,40.813623193055555,45.13067538833334
2026-07-21T10:00:00+00:00,475.7284570111786,88.22822443166666,16.908179431111105,256.0820442811111,245.45466156333336,50.847958694999996,54.54307952583333
2026-07-21T11:00:00+00:00,469.2605696681746,79.91413096527778,94.32830338194445,223.72613203749998,255.7892022175,54.21056049916667,55.65526972388889
2026-07-21T12:00:00+00:00,145.36487834773445,-14.40185089916667,-7.684072937222225,103.04478425444444,124.28754200416667,56.02584321222222,57.83156705777778
2026-07-21T13:00:00+00:00,71.57935460142805,13.637505257222223,29.13890280972222,131.97111842777778,170.44865268750002,56,58.769437423611116
2026-07-21T14:00:00+00:00,212.57024025532198,9.567439412499999,-15.037898852777777,51.439459595555554,63.11530202,56.18916239222222,58.42693253694444
2026-07-21T15:00:00+00:00,5790.815499190904,-176.06293425055557,-102.39833496777779,40.72790844111111,74.71646727416667,50.91754173111111,56.556850430555556
2026-07-21T16:00:00+00:00,7451.884425113322,28.124699176944446,-84.81204463666668,31.218714781388886,23.719686883888894,45.61671526916667,47.067432231666665
2026-07-21T17:00:00+00:00,7486.972494471048,-183.11094667277777,-42.5672991375,0.5514752755555555,3.5383644625,40.14030610305556,45.583622470555554
2026-07-21T18:00:00+00:00,7183.182107231743,-192.7381885411111,-327.1992491411111,0,0,26.942428853888888,33.734915162777774
2026-07-21T19:00:00+00:00,7343.8494457873785,-135.7125966041667,-165.80247079722224,0,0,14.215973451388889,14.926865884444444
2026-07-21T20:00:00+00:00,7398.067555992381,0,0,0,0,10,10
2026-07-21T21:00:00+00:00,7303.587557255699,0,0,0,0,10,10
2026-07-21T22:00:00+00:00,9351.379412514383,0,0,0,0,10,10
2026-07-21T23:00:00+00:00,2541.8440920280027,0,0,0,0,10,10
2026-07-22T00:00:00+00:00,1199.2759209593962,0,0,0,0,10,10
2026-07-22T01:00:00+00:00,527.4670658634847,0,0,0,0,10,10
2026-07-22T02:00:00+00:00,717.4861102645369,0,0,0,0,10,10
2026-07-22T03:00:00+00:00,528.113719438767,0,0,0,0,10,10
2026-07-22T04:00:00+00:00,710.2875863966493,8.862304194166667,14.066708861944443,11.687174913333335,20.424336738888886,10.702770926111112,10.651943216666666
2026-07-22T05:00:00+00:00,432.8449870079019,6.081064048055556,5.124049640833332,40.67589105805556,55.121609014166665,11.084709450277778,11.033888375833333
2026-07-22T06:00:00+00:00,520.5995027268947,-4.307459786944444,-3.4223798058333337,34.11108998416667,47.01266160833333,11.813837323055557,11.222302984444445
2026-07-22T07:00:00+00:00,230.62018476567388,11.950321772500002,22.005846326944447,134.3493696502778,156.31956235333334,11.863613266388889,11.97134887611111
2026-07-22T08:00:00+00:00,150.38554963425972,7.387246967777777,0.942638511666671,138.23290945555553,154.63084392027778,13.571103197777779,13.710823459444443
2026-07-22T09:00:00+00:00,127.46590094962721,-11.02623008861111,-9.27185999527778,123.86506561388887,139.38675539833332,12.896942400277778,13.032466901111112
2026-07-22T10:00:00+00:00,136.4476597024464,25.44276750861111,36.04038503472223,147.93323626861113,177.69378015583334,13.454139329166667,13.9421716225
2026-07-22T11:00:00+00:00,69.48216053664196,65.73919720333333,65.81995354694445,156.72181362916666,231.35567730666665,16.341574764444445,16.878870449722225
2026-07-22T12:00:00+00:00,112.5405198440764,13.404801847222224,-9.631298787777778,116.75869230611112,121.13736591638889,18,18.859527044722224
2026-07-22T13:00:00+00:00,103.04867319940529,-4.628421435277777,14.580943754444442,107.36000496777778,144.89781814583333,17.291978779444445,18.095094216944442
2026-07-22T14:00:00+00:00,111.22174731717416,2.2096283149999976,-5.751520808333332,104.35786906638889,125.43814305111111,17.992625758333332,18.840476227222222
2026-07-22T15:00:00+00:00,2236.5467422280035,22.141543790833335,15.481251399166668,82.78231459166666,109.02265226611111,17.54913562111111,18.04729882722222
2026-07-22T16:00:00+00:00,167.3685604861236,18.201754701944445,13.395403305555554,48.36148668944444,53.58736668277778,19.067796748888888,19.490733001666666
2026-07-22T17:00:00+00:00,197.25800299307195,-16.46641166361111,-20.45563897138889,10.98060403888889,14.63929055222222,18.51931846388889,18.761471651388888
2026-07-22T18:00:00+00:00,105.23769928638139,-81.81211747472223,-93.77528138694446,0.28363790222222224,0,15.831980688611111,15.865371900277777
2026-07-22T19:00:00+00:00,250.72023699203166,-30.274010782222224,-21.842356522777777,0,0,10.657222285555555,10.623794648333334
2026-07-22T20:00:00+00:00,620.2362908038441,0,0,0,0,10,10
2026-07-22T21:00:00+00:00,420.279019890538,0,0,0,0,10,10
2026-07-22T22:00:00+00:00,371.6253263635617,0,0,0,0,10,10
2026-07-22T23:00:00+00:00,543.196229112304,0,0,0,0,10,10
2026-07-23T00:00:00+00:00,2354.6275145986833,0,0,0,0,10,10
2026-07-23T01:00:00+00:00,698.238046569329,0,0,0,0,10,10
2026-07-23T02:00:00+00:00,491.954056035223,0,0,0,0,10,10
2026-07-23T03:00:00+00:00,471.60103409869583,0,0,0,0,10,10
2026-07-23T04:00:00+00:00,511.3872373413564,0,0,0,0,10,10
2026-07-23T05:00:00+00:00,470.7094139200247,11.55794358,11.521707559444444,17.558119591666667,22.42233812972222,10.531187886388889,10.514537070555555
2026-07-23T06:00:00+00:00,1132.607422821722,3.3229734250000007,3.199386581666667,17.232793089166666,31.64248873861111,10.831131395277778,10.915538105277777
2026-07-23T07:00:00+00:00,1046.840473552454,6.966623753611111,0,45.123690733333326,58.414592357222226,11,11
2026-07-23T08:00:00+00:00,678.846305805588,0,0,76.79059156583334,91.92010673833335,11,11
2026-07-23T09:00:00+00:00,1736.638476851663,0,0,90.81132389999999,111.59130288777777,11,11
2026-07-23T10:00:00+00:00,1032.1312567472607,33.06688191916667,35.29718990638889,225.4322884541667,253.87988252277776,12.252968207777778,12.25298326861111
2026-07-23T11:00:00+00:00,384.92249194758,252.8727105813889,271.79737924777777,459.14247165361115,554.6639300847222,19.36343234972222,20.35797672611111
2026-07-23T12:00:00+00:00,208.27311213807278,106.76503247611112,225.78564648305556,199.74848269972222,457.99976077861106,29.249897389166666,33.718643765833335
2026-07-23T13:00:00+00:00,154.57696481929585,36.25693702972222,11.815104567222221,105.0542552513889,186.5858678761111,32.10192830027778,40.99758933472222
2026-07-23T14:00:00+00:00,96.53608567213972,91.89655973027777,2.639523666111111,93.76534061749999,126.95276817583334,36.33134664888889,41
2026-07-23T15:00:00+00:00,601.8856345920914,-77.9392538361111,-113.04607917305556,56.029318527777775,100.06803834083333,38.206546449444446,39.87922072861111
2026-07-23T16:00:00+00:00,764.4659730152895,-88.22042402166666,-107.88196523472222,40.987308069444445,49.58857289416667,28.10163549416667,29.80928646
2026-07-23T17:00:00+00:00,2565.0433896049976,-227.11877974083333,-239.8534847213889,0,0,14.303572042777779,14.842174453611113
2026-07-23T18:00:00+00:00,969.7770709504758,0,0,0,0,10,10
2026-07-23T19:00:00+00:00,705.658747779441,0,0,0,0,10,10
2026-07-23T20:00:00+00:00,650.431462592826,0,0,0,0,10,10
2026-07-23T21:00:00+00:00,2508.3384319255006,0,0,0,0,10,10
2026-07-23T22:00:00+00:00,538.3737525301289,0,0,0,0,10,10
2026-07-23T23:00:00+00:00,507.70609269778805,0,0,0,0,10,10
2026-07-24T00:00:00+00:00,533.4612594491383,0,0,0,0,10,10
2026-07-24T01:00:00+00:00,405.8378813526014,0,0,0,0,10,10
2026-07-24T02:00:00+00:00,522.9654064061889,0,0,0,0,10,10
2026-07-24T03:00:00+00:00,489.0700330660555,0,0,0,0,10,10
2026-07-24T04:00:00+00:00,447.0750450350081,12.62266814,11.216475179444444,16.13717459638889,21.74534926777778,10.365179176111111,10.449503671666667
2026-07-24T05:00:00+00:00,110.51208584956943,40.744209070277776,42.23559729805556,145.2491044538889,102.644809185,11.700134983055555,11.716828533333334
2026-07-24T06:00:00+00:00,364.29721661406865,23.507723798333334,15.995549519166667,171.39999119916664,165.3300999625,13.95033728,14.106906647499999
2026-07-24T07:00:00+00:00,107.93705177110694,159.9170123725,168.17373467055555,255.92456975333334,325.51665533833335,18.022436623055555,18.691751351666667
2026-07-24T08:00:00+00:00,247.2961447285453,65.34955616194445,43.480791275,235.96416479999996,217.0275750986111,25.820222959166667,26.46092155
2026-07-24T09:00:00+00:00,3135.6073328425755,196.21556170444444,164.00591235555555,539.5162351150001,480.08854587499997,30.437671587222223,30.4937384225
2026-07-24T10:00:00+00:00,313.2748420853953,257.03286398638886,223.3227429375,438.0388698347222,399.35351974527777,44.644574356111114,41.88807127361111
2026-07-24T11:00:00+00:00,120.90305372020639,375.99868721083334,359.8853017436111,542.1931168988889,474.95191356916666,61.91724403138889,57.48714166916667
2026-07-24T12:00:00+00:00,158.01836321109778,131.64938761666667,176.6217984361111,199.93946673194444,211.3954298497222,77.06659294027777,73.77204422305556
2026-07-24T13:00:00+00:00,124.76088151814223,-11.9333029975,25.095198263333334,36.77517328472222,151.07066097861113,79.4045529525,81.18908807666666
2026-07-24T14:00:00+00:00,211.96024287395502,27.51870022555556,-11.886119962222223,31.7275941,36.03280274944444,79.44515442777778,79.26825194
2026-07-24T15:00:00+00:00,195.0146513290061,29.296927260555552,17.7075310325,33.24979389,39.978845846388886,81.03596100166666,79.80506505166666
2026-07-24T16:00:00+00:00,221.08703171241834,-20.19680534388889,-15.627448069166666,12.324269460833333,24.14244188083333,80.971611115,79.67939333166667
2026-07-24T17:00:00+00:00,374.1186016725928,-76.41324701916666,-42.58995061138889,4.810123294166667,10.35606796111111,79.14010672694444,79.17538874694445
2026-07-24T18:00:00+00:00,-55.5415796002653,-190.0197682963889,-286.3868971286111,0,0,68.83560089833334,63.521706200833336
2026-07-24T19:00:00+00:00,2160.8990569754683,-295.25442099583336,-246.29354528666667,0,0,51.164915235555554,48.27748065555556
2026-07-24T20:00:00+00:00,132.8510018271786,-174.39605891972224,-147.80119017027775,0,0,36.40027253444445,35.84302714638889
2026-07-24T21:00:00+00:00,364.25026204409613,-77.55863748722223,-78.56809573222222,0,0,27.91820323388889,27.56240351
2026-07-24T22:00:00+00:00,240.3787925336342,-118.3311950811111,-119.53031476749999,0,0,20.64835463777778,20.117613613611113
2026-07-24T23:00:00+00:00,100.93514303664945,-55.66261731472222,-55.565389877499996,0,0,15.653073839444446,15.2994107225
2026-07-25T00:00:00+00:00,111.99893474148138,-47.15673914166666,-51.33774883944444,0,0,12.691913463055556,12.187442219722222
2026-07-25T01:00:00+00:00,232.71015840376666,0,0,0,0,10,10
2026-07-25T02:00:00+00:00,223.13801723201803,0,0,0,0,10,10
2026-07-25T03:00:00+00:00,215.6483700973105,0,0,0,0,10,10
2026-07-25T04:00:00+00:00,178.68160646529668,14.03083874277778,13.732461109444445,24.583698155555556,28.963608533888888,10.471266759722221,10.55560857638889
2026-07-25T05:00:00+00:00,146.7133311088053,54.04618598027778,58.20222931611111,78.28759745555556,82.46491117805556,12.378572824166667,12.34512574611111
2026-07-25T06:00:00+00:00,142.96854972274528,123.38026609194445,117.25439494055554,157.89365264305556,142.70248597999998,17.473765236944445,17.659373826666666
2026-07-25T07:00:00+00:00,2603.5957948083146,38.71729817722222,54.43668252972222,330.21124640333335,346.62734123194446,22.258447741944448,23.015730746666666
2026-07-25T08:00:00+00:00,899.5600779650912,128.06171392583335,187.4191914725,337.3590920072222,501.77913179361116,28.994601715555557,30.717405680555554
2026-07-25T09:00:00+00:00,243.21103215130756,385.0921083230555,349.2148453877778,598.7979350358333,619.1415872805557,43.437444810555554,46.71405619694445
2026-07-25T10:00:00+00:00,153.95535843138808,376.1267427275,418.35276766805555,470.29689865666666,586.4533928,62.8473608911111,67.08181279972221
2026-07-25T11:00:00+00:00,-104.38683858207749,488.83624059472226,399.6371036672222,622.2375909580556,637.6002120730556,88.94105135944444,92.77332673138888
2026-07-25T12:00:00+00:00,5380.611039948125,24.117645701944443,0,348.4281829605556,565.4552282902778,99.86532577666667,100
2026-07-25T13:00:00+00:00,7064.811914961316,-48.38211908861111,0,40.960538846666665,173.6669362625,98.31754848722223,100
2026-07-25T14:00:00+00:00,7105.546181838435,-9.766145601388889,-7.378997389166667,46.74799477222223,59.25307296277777,96.9760680936111,99.99272983888888
2026-07-25T15:00:00+00:00,7073.1570182710175,-26.935830468611115,-40.63491910916667,33.18119608055556,38.86833530888889,94.72761664777778,98.06433920722223
2026-07-25T16:00:00+00:00,7291.150431856914,-30.69970067,-6.43027992027778,21.78911389861111,26.863356808611112,93.52711539111111,96.34235485944446
2026-07-25T17:00:00+00:00,3953.34371408376,-58.87262598138889,-35.95786101666667,1.1681056202777778,5.102965588888888,90.13451766305555,95.66958501944445
2026-07-25T18:00:00+00:00,108.83275269883666,-105.68866941833333,-130.64643958805556,0,0,83.82677459388889,89.45748962333333
2026-07-25T19:00:00+00:00,929.5088076577725,-216.98714059944447,-231.87709306333332,0,0,75.39978571222223,80.46749078194445
2026-07-25T20:00:00+00:00,1941.8816414275636,-295.20698551277775,-306.1678242552778,0,0,53.24431166722223,58.602542793333335
2026-07-25T21:00:00+00:00,148.08141039349556,-101.08858066805556,-134.18490657972222,0,0,42.2661762875,45.202820950833335
2026-07-25T22:00:00+00:00,106.87741912844946,-74.22061113527778,-104.78418573138889,0,0,35.950756721666664,37.09676035527778
2026-07-25T23:00:00+00:00,128.4328768900517,-65.33755907694444,-84.58363263166667,0,0,31.407133888055554,31.279998815833334
2026-07-26T00:00:00+00:00,123.48463163224223,-67.73670323500001,-70.36345249916667,0,0,26.4884186975,26.327221857500003
2026-07-26T01:00:00+00:00,133.97095913392,-63.98275908222222,-74.9481197288889,0,0,21.788890418888887,21.417738902500002
2026-07-26T02:00:00+00:00,132.84134168278084,-91.68668367361111,-89.53534967333333,0,0,16.192261738611112,16.09239136861111
2026-07-26T03:00:00+00:00,144.53917600913027,-65.4642599825,-69.34470860833333,0,0,12.59760684638889,12.369948061111112
2026-07-26T04:00:00+00:00,199.53981383249027,-6.671054955000002,0.3394872574999983,23.236048245000003,29.608504765000003,10.932214231388889,10.831105707777779
2026-07-26T05:00:00+00:00,129.74384036641305,17.828847921111112,20.05368226888889,74.20526018194444,82.5483206986111,11.85224094361111,11.801176600833335
2026-07-26T06:00:00+00:00,354.3994790060692,24.258721985833333,25.44944279138889,114.09670398916667,135.19514057277777,13.13729853361111,13.069251754444444
2026-07-26T07:00:00+00:00,494.95572800255246,36.256345654166665,38.48687003944445,178.22584944083334,196.87115971444442,15.526163774444443,14.9189670875
2026-07-26T08:00:00+00:00,1522.127139680237,36.71219302555556,40.66836555611111,158.04108579361113,179.56790276194442,17.509248352222222,17.560321000833333
2026-07-26T09:00:00+00:00,2264.4710438062034,49.250395428888886,50.38141626722222,178.4941193613889,183.84283259583333,19.460326580833335,19.257336484444444
2026-07-26T10:00:00+00:00,304.3002092025622,118.04537125833332,98.39107298694444,302.1423054738889,208.83569233777777,25.779807315555555,24.677560854166668
2026-07-26T11:00:00+00:00,170.75583660514027,40.25494142972222,51.19032684222222,149.39104839055557,140.89306185194445,29.38504391416667,28.317360010555557
2026-07-26T12:00:00+00:00,188.38059488588056,-15.362491210277781,-6.051258322222221,41.72954095777778,59.59460775333333,29.091869745833332,29.566357999999997
2026-07-26T13:00:00+00:00,173.84065094244806,-6.192441468333333,-7.23898540361111,29.83541252694444,38.782497402500006,28.831861032777777,28.77835528361111
2026-07-26T14:00:00+00:00,132.09815300945527,21.213403205,22.010505225,87.52587259055555,97.13511670027778,29.175332902222223,28.688402453611108
2026-07-26T15:00:00+00:00,534.6202505185714,-74.63741867,-88.66852034166665,67.69467363055556,99.03899086194444,29.36855114222222,29.46804564388889
2026-07-26T16:00:00+00:00,1108.0554832733792,-139.25539278583332,-157.5146309497222,19.853968923055554,26.339646696944442,18.802875295555555,18.422714024444446
2026-07-26T17:00:00+00:00,515.5660834526892,-30.59941794194444,-32.0755781025,24.548821401944448,26.10101087138889,10.888558377777777,11.051088031944445
2026-07-26T18:00:00+00:00,3203.845657648899,-3.5417479999999997,-4.107875868055555,0.31925412000000003,2.1600329322222223,10.047669396666667,10.131042916944445
2026-07-26T19:00:00+00:00,341.3077207102072,0,0,0,0,10,10
2026-07-26T20:00:00+00:00,414.4282382631639,0,0,0,0,10,10
2026-07-26T21:00:00+00:00,650.2213844705567,0,0,0,0,10,10
2026-07-26T22:00:00+00:00,559.4752815121317,0,0,0,0,10,10
2026-07-26T23:00:00+00:00,342.0041716570203,0,0,0,0,10,10
2026-07-27T00:00:00+00:00,347.08648259006833,0,0,0,0,10,10
2026-07-27T01:00:00+00:00,324.141895466402,0,0,0,0,10,10
2026-07-27T02:00:00+00:00,250.34532245907553,0,0,0,0,10,10
2026-07-27T03:00:00+00:00,266.6581226692786,0,0,0,0,10,10
2026-07-27T04:00:00+00:00,248.63650490219834,2.7010118652777777,1.9032994613888892,3.4384896916666663,5.648260524444445,10.172255309722223,10.189033103888889
2026-07-27T05:00:00+00:00,717.143248536836,2.1188988266666664,4.457932459166666,22.695461976388888,32.21842970833333,10.50168547888889,10.536116775555556
2026-07-27T06:00:00+00:00,163.7028257318525,83.24986585527778,84.18836925083333,166.50688650166666,183.16644241166668,12.873512009166667,12.920735191666667
2026-07-27T07:00:00+00:00,177.36369832382113,106.81739216388888,99.40830989027778,211.0333205433333,141.37941858944444,18.757116894722223,17.993879002222222
2026-07-27T08:00:00+00:00,138.04075264317444,32.48353098583333,91.30352724277778,124.13040973194444,210.93791460972224,21.37185626277778,21.697657996111108
2026-07-27T09:00:00+00:00,159.34388176665087,133.21897740166665,130.86781408277778,180.8355311025,266.66613313333335,27.947525813333332,30.697510980833332
2026-07-27T10:00:00+00:00,939.3953629308847,242.72478256444444,293.0831179558333,310.1894009725,507.9163750994444,37.354324526388886,41.94366499583333
2026-07-27T11:00:00+00:00,1554.475207198823,176.36161818888888,258.9349807861111,319.9710881288889,482.68724302083336,49.233083434722225,54.44574082722222
2026-07-27T12:00:00+00:00,193.6326980278875,189.81252152277776,288.7345647216667,272.3365389911111,523.2369433008333,63.24114440972222,71.75940564555556
2026-07-27T13:00:00+00:00,286.72969942907895,-33.0970719525,-66.28266150805557,68.28126409388888,82.44978304694445,66.31517609305556,77.10591126833333
2026-07-27T14:00:00+00:00,204.8623472234325,-48.74640694388889,-73.68012849194444,52.949868048333336,64.79972207333334,62.38404563833333,71.46090906527778
2026-07-27T15:00:00+00:00,159.97322970285916,-2.932181416388889,-33.88091703,83.79112073472223,90.6244640425,61,69.24240909194445
2026-07-27T16:00:00+00:00,778.6210895636781,-121.01735846722222,-114.7187176836111,38.061132557777775,38.83057122111111,56.69965860944444,64.01205018416667
2026-07-27T17:00:00+00:00,223.98556566086833,-82.42758139388889,-115.10855516222222,2.3574681713888888,8.761197377777778,50.85118442527778,57.144212297222225
2026-07-27T18:00:00+00:00,1827.0586392242037,-194.3308421408333,-244.32672878999998,0,0,43.00684258194445,47.14718229861111
2026-07-27T19:00:00+00:00,1299.9507202940767,-205.69312906055555,-238.89610922833333,0,0,24.487376880833335,25.923521882499998
2026-07-27T20:00:00+00:00,1081.1258272438058,-118.13202248027778,-135.1360883125,0,0,14.872361330277778,15.231140940555555
2026-07-27T21:00:00+00:00,448.53078796057275,0,0,0,0,10,10
2026-07-27T22:00:00+00:00,271.9935332518978,0,0,0,0,10,10
2026-07-27T23:00:00+00:00,211.91484062475195,0,0,0,0,10,10
2026-07-28T00:00:00+00:00,217.34701797988393,0,0,0,0,10,10
2026-07-28T01:00:00+00:00,305.4769593875147,0,0,0,0,10,10
2026-07-28T02:00:00+00:00,277.85708526357644,0,0,0,0,10,10
2026-07-28T03:00:00+00:00,264.60183249655086,0,0,0,0,10,10
2026-07-28T04:00:00+00:00,661.0239089854748,13.948919882777778,11.195996421666665,27.439382305,28.539372178611114,10.658468096111111,10.557057610277779
2026-07-28T05:00:00+00:00,673.7683756302339,28.58006467888889,16.003135866944444,129.92235283944444,152.02454198194445,11.220330671111112,11.262785925555555
2026-07-28T06:00:00+00:00,925.8535856722838,45.8007142575,81.32489609805556,262.1931132497222,279.46317784972223,14.340567471388889,14.131266733055556
2026-07-28T07:00:00+00:00,1895.1596248848973,9.49091537388889,-15.470801187500006,208.6113884888889,257.86019938305554,17.05158167472222,17.517456346666666
2026-07-28T08:00:00+00:00,1212.6525909933669,104.31239874305555,86.65987424888887,303.58876829972223,264.1043264508333,19.35466907638889,18.274981998888887
2026-07-28T09:00:00+00:00,2391.350907401316,81.6419881975,164.80989350833332,211.48768665666668,461.0347136925,23.840677871944447,27.372146916666665
2026-07-28T10:00:00+00:00,243.84889887037585,114.7484592938889,65.37607848416667,224.2972588458333,258.07135205083335,29.546693469166666,34.20652514694444
2026-07-28T11:00:00+00:00,135.66815227089222,165.77953926666666,171.12542442527777,211.6600119447222,328.39763212027776,36.01631505777778,40.08359725305555
2026-07-28T12:00:00+00:00,104.09386351391667,66.02120923055556,132.8621754058333,169.7936398225,288.67158399444446,42.147545289722224,47.77963155583333
2026-07-28T13:00:00+00:00,129.379408925945,34.43774764444444,-16.57857876222222,77.48708308333333,128.88016889888888,44.88364541777778,52.02386774888888
2026-07-28T14:00:00+00:00,163.42960198118277,1.7669641069444444,-25.526471640555556,62.25112809694445,69.80071485777778,46,51.55646219777778
2026-07-28T15:00:00+00:00,236.31781274818138,-51.18164545666667,-63.488652827500005,32.985730150555554,39.11880183,45.02885251527778,48.666260218611114
2026-07-28T16:00:00+00:00,273.9673264137834,-17.158390529722222,-56.55951041527778,12.554049101944445,16.245500607500002,42.78165427333334,44.21628952444445
2026-07-28T17:00:00+00:00,315.64479785202195,-217.6611371311111,-222.5238546727778,0.2833737838888889,0,36.64851924166667,37.42938067416667
2026-07-28T18:00:00+00:00,374.13812429240755,-216.61788076527776,-243.00230590055557,0,0,20.12204974638889,20.892161086666665
2026-07-28T19:00:00+00:00,2657.9831466073474,-59.45396488472222,-55.12836301972222,0,0,10.723838489166667,10.751763544444444
2026-07-28T20:00:00+00:00,1179.426621478902,0,0,0,0,10,10
2026-07-28T21:00:00+00:00,288.34809147807306,0,0,0,0,10,10
2026-07-28T22:00:00+00:00,243.59800760853307,0,0,0,0,10,10
2026-07-28T23:00:00+00:00,203.35847582641694,0,0,0,0,10,10
2026-07-29T00:00:00+00:00,203.52605138840082,0,0,0,0,10,10
2026-07-29T01:00:00+00:00,187.42305010486416,0,0,0,0,10,10
2026-07-29T02:00:00+00:00,203.07218749507913,0,0,0,0,10,10
2026-07-29T03:00:00+00:00,199.89513018345943,0,0,0,0,10,10
2026-07-29T04:00:00+00:00,170.2195632402061,17.32409956388889,12.970577495555554,33.05041166361111,35.21706854083333,10.630582921944445,10.647240898611111
2026-07-29T05:00:00+00:00,71.60882285220583,10.116295904722223,14.016162208611108,141.95300731777778,159.68491292166667,11.03389919388889,11.050596656666668
2026-07-29T06:00:00+00:00,773.0812962277761,6.400824622222224,5.896381703888886,177.02923152555556,189.38207287555556,12.184138994722224,12.25110059638889
2026-07-29T07:00:00+00:00,247.7935047336406,195.2636482297222,196.6842824938889,338.41996198694443,380.798569785,15.01197825388889,15.284690756111111
2026-07-29T08:00:00+00:00,62.886681074081956,329.8999848408333,360.79529343777773,453.3568373072222,535.0951802569444,32.15591350333333,32.88376510305556
2026-07-29T09:00:00+00:00,100.15867243330638,337.2835487802778,384.6571202977778,426.58028995833337,549.4210650630556,49.74040383,54.51596850861111
2026-07-29T10:00:00+00:00,172.37337526703723,259.9139758611111,369.5225639363889,313.97930191194445,568.8392230494445,64.54671519194444,74.98463824305556
2026-07-29T11:00:00+00:00,1827.945280787327,267.92083351944444,248.6660577525,420.9320639655555,643.0295243649999,78.34444995555556,95.65803717
2026-07-29T12:00:00+00:00,-353.56279209655366,267.82161840583336,0,378.38162742805554,604.0199435266667,95.91070650805555,100
2026-07-29T13:00:00+00:00,188.7131441561675,-12.64103136,-19.126746452222218,30.81440007,153.55459032638888,98.00944658611111,99.36833143611112
2026-07-29T14:00:00+00:00,385.31661755236837,5.285713363055556,25.100625851666667,7.797441507777777,29.577377267777777,97.58918079333334,98
2026-07-29T15:00:00+00:00,321.4839598737547,-6.413266469166667,21.95730817388889,16.424017980555558,26.863847245000002,97.711098875,98.5283506938889
2026-07-29T16:00:00+00:00,397.612912191205,-13.193660512222221,-21.203466968611114,7.685663398611111,5.592042572222223,96,98.61996707472223
2026-07-29T17:00:00+00:00,110.22028967922972,-78.48085078833334,-100.76604720166667,0,0,93.26155323916667,94.32188848166668
2026-07-29T18:00:00+00:00,88.80816560187473,-160.55305338027776,-162.36811903694445,0,0,85.49900732027777,85.63710897666665
2026-07-29T19:00:00+00:00,96.23108409117528,-186.37420968722222,-179.42143875500003,0,0,74.00311469861111,75.13677182722222
2026-07-29T20:00:00+00:00,83.18543537781584,-213.93457639,-221.49330686916667,0,0,60.05915132444445,61.66278097944445
2026-07-29T21:00:00+00:00,98.50029536684501,-191.04303721,-197.6058955825,0,0,46.60668295916667,48.81744589833334
2026-07-29T22:00:00+00:00,97.83316118509583,-152.39248659277777,-170.33676035166667,0,0,34.51403226722222,36.582593662499995
2026-07-29T23:00:00+00:00,88.07808525295667,-97.41336154638888,-118.44500323333334,0,0,27.336470663055554,27.584876851111108
2026-07-30T00:00:00+00:00,359.40167565821554,-159.02026687305556,-171.01611236194444,0,0,17.390724396944446,17.716405992777776
2026-07-30T01:00:00+00:00,2759.3165643637544,-70.12829831611111,-71.09510174638889,0,0,10.862059547500001,10.878714305555556
2026-07-30T02:00:00+00:00,280.5669453433108,0,0,0,0,10,10
2026-07-30T03:00:00+00:00,249.7437506304578,0,0,0,0,10,10
2026-07-30T04:00:00+00:00,224.4289257120811,13.445758131944444,9.743668896666668,21.884394294999996,26.930272784444444,10.596118316388889,10.562517503333334
2026-07-30T05:00:00+00:00,82.42495378168944,6.805598440833333,10.252208599999998,122.25702092027778,132.6161914052778,11,11
2026-07-30T06:00:00+00:00,15.446565511441664,37.803447571666666,27.03502976916667,262.8396481663889,270.10654174638887,12.028909603055554,11.720278281944445
2026-07-30T07:00:00+00:00,48.62894059817444,239.71214341583334,253.22496699638887,407.71836742166664,412.52415453638883,19.34121625027778,19.298930806944444
2026-07-30T08:00:00+00:00,323.46790038939946,133.59716225861112,142.12088665694444,514.3887795830556,522.8937517086111,33.20214411611111,33.253005576944446
2026-07-30T09:00:00+00:00,389.02378268503475,2.439956678333333,31.988103796666667,544.5405005391666,585.7197353619445,35.00055083694445,35.060580288055554
2026-07-30T10:00:00+00:00,155.87960229070555,142.8425361777778,169.81235604083335,547.5223454166667,612.8011557519444,38.40909631833333,39.26466467444444
2026-07-30T11:00:00+00:00,219.27683762713784,338.1611979205556,370.70891926222225,560.3129453258333,611.2151189836111,51.851980485000006,54.860838450555555
2026-07-30T12:00:00+00:00,60.56402405377833,204.84341246249997,352.6921598780555,346.05040758083334,568.9775911208334,71.80279954444444,77.35702129444444
2026-07-30T13:00:00+00:00,168.8167329282567,-14.588263823333335,7.302852206666671,47.97979715583333,152.7613168272222,74.47274564055556,87.20133999694444
2026-07-30T14:00:00+00:00,4521.9220527482,-32.10783367861111,-87.73548059583334,46.22921027472222,36.623526733333335,74.37787869305555,83.43419119944444
2026-07-30T15:00:00+00:00,7626.189677676284,-112.83213021555555,-168.45371292222222,37.110170977222225,34.58449257027778,64.32806467583333,72.6091795586111
2026-07-30T16:00:00+00:00,8606.639215526782,18.279370354444445,14.625069188333333,20.78451169388889,30.769936480555558,63.21752242027778,68.16558570083333
2026-07-30T17:00:00+00:00,3468.7893727075684,-53.34296982611111,-60.84651287611111,0.8274132069444445,10.871339752777779,62.96411961111111,68.11775276388889
2026-07-30T18:00:00+00:00,2312.2032623027467,-294.3747496447222,-316.80961014972223,0,0,51.920591799166665,56.57775802388889
2026-07-30T19:00:00+00:00,152.87621117271527,-131.6913370613889,-168.98345658833333,0,0,35.97499105694444,39.72047165694445
2026-07-30T20:00:00+00:00,376.7470290834853,-136.38199808166667,-156.03732715083333,0,0,27.23838388611111,29.150732943888887
2026-07-30T21:00:00+00:00,156.24022480252333,-136.43535282472223,-156.5597549277778,0,0,17.898836500833333,18.686558413333334
2026-07-30T22:00:00+00:00,222.34267261603472,-65.63393082527779,-95.67754036000001,0,0,11.486373201111112,11.605480668055556
2026-07-30T23:00:00+00:00,292.61882157425254,0,0,0,0,10,10
2026-07-31T00:00:00+00:00,327.93884139195666,0,0,0,0,10,10
2026-07-31T01:00:00+00:00,902.8007008349306,0,0,0,0,10,10
2026-07-31T02:00:00+00:00,1366.7119879161855,0,0,0,0,10,10
2026-07-31T03:00:00+00:00,951.9396037170668,0,0,0,0,10,10
2026-07-31T04:00:00+00:00,253.9106545782761,15.281176572777776,8.019347758611111,25.754855827777778,26.95936156916667,10.521958469166666,10.488067072777778
2026-07-31T05:00:00+00:00,708.415859958377,1.1746663308333338,9.783597958333333,45.0448904425,52.83652262333333,11.15476201861111,11
2026-07-31T06:00:00+00:00,2780.744236270139,0.5934031638888889,1.3061527458333335,94.28691587472223,104.91492380944443,11,11
2026-07-31T07:00:00+00:00,173.57564238096276,9.200770799166667,5.22349093,156.00447304388888,183.46694018361111,11.4010902575,11.453064513333333
2026-07-31T08:00:00+00:00,164.0272133393947,227.72330206583334,236.76366201500002,453.7286601033333,481.7385392280556,17.653446822777777,17.745674788333336
2026-07-31T09:00:00+00:00,63.8771365327325,344.4433560347222,345.9486771936111,525.3802116911112,535.7750093802778,34.81218780361111,35.62395641055556
2026-07-31T10:00:00+00:00,194.54130394617667,215.2042775583333,226.5467720513889,303.2488397308333,350.53370124,50.55941595194445,52.409246840277774
2026-07-31T11:00:00+00:00,325.0047558343272,180.2929562686111,151.76310323333334,347.03615548194443,298.0137062047222,59.521513793055554,62.77875573944444
2026-07-31T12:00:00+00:00,93.50938631622665,75.04610586611112,164.4750303936111,189.32436072972223,352.4368024527778,66.24958285777778,71.41238107277778
2026-07-31T13:00:00+00:00,67.4533525382286,76.18455187527778,40.91706919166667,137.53049621861112,229.76461470222225,70.07445269611111,78.59246700166666
2026-07-31T14:00:00+00:00,77.8241531187975,23.134581651944444,8.932281739444445,93.98355917222221,151.4643010413889,73.44515259416666,79
2026-07-31T15:00:00+00:00,97.76533029693555,14.362310180000001,0.56653478,85.66081885444446,110.59548457111111,74.48882315694445,79
2026-07-31T16:00:00+00:00,153.98580321819222,0.69021407,0,62.97098161555556,73.69152459,74.83846649777777,79
2026-07-31T17:00:00+00:00,3160.860834887288,-19.812658912777778,-54.384704532499995,5.6423156555555565,8.3341824325,73.76746190472223,77.63235222555555
2026-07-31T18:00:00+00:00,7024.157459747723,-194.9293248563889,-205.63382889083334,0,0,66.79449769833333,69.54208787
2026-07-31T19:00:00+00:00,7009.419728514603,-191.68581429833333,-193.88994265555553,0,0,53.45119395277778,56.449042569166664
2026-07-31T20:00:00+00:00,5649.705028302127,-373.5728704647222,-394.32766157805554,0,0,32.44292154,35.62622423861111
2026-07-31T21:00:00+00:00,168.21511333066863,-122.24130850111112,-167.8470115577778,0,0,17.965231034722223,18.97350608777778
2026-07-31T22:00:00+00:00,290.51894560833,-16.197558991388888,-25.85217889972222,0,0,14.936798654999999,13.15422367861111
2026-07-31T23:00:00+00:00,225.0341220379353,-32.815483746388885,-27.184840112499998,0,0,11.279457917222222,11.24267157138889
2026-08-01T00:00:00+00:00,272.6999373175681,0,0,0,0,10,10
2026-08-01T01:00:00+00:00,1161.0078485518359,0,0,0,0,10,10
2026-08-01T02:00:00+00:00,1551.9598595532327,0,0,0,0,10,10
2026-08-01T03:00:00+00:00,967.8089157229932,0,0,0,0,10,10
2026-08-01T04:00:00+00:00,265.8963922304414,0,0,0,0,10,10
2026-08-01T05:00:00+00:00,259.8015369450972,0,0,0,0,10,10
2026-08-01T06:00:00+00:00,263.074527137837,5.73392637,12.468204476944445,6.090412724444445,14.884873750555556,10.27815962611111,10.497011785833333
2026-08-01T07:00:00+00:00,603.6437960670645,0.003533373055555918,2.1457681025000004,4.587519217222222,14.163327964722223,10.666474446666667,10.716555742777778
2026-08-01T08:00:00+00:00,2525.4761338928756,9.273672195833333,2.8667461688888882,20.386005929166664,27.209134568055557,10.617348668611111,10.878972458888889
2026-08-01T09:00:00+00:00,591.5600337435301,-6.965818572777777,-3.559139311944444,17.745995315833333,23.95201776916667,10.578895062222221,10.595560367500001
2026-08-01T10:00:00+00:00,449.7526007951889,10.610974522222223,1.7869301225,46.89443451666667,56.543693435555554,11,11
2026-08-01T11:00:00+00:00,483.760190969215,8.853621281944443,7.075064026944443,62.84226619388889,70.06592461027778,11,11
2026-08-01T12:00:00+00:00,110.31430186264417,25.51172966083333,25.94190831638889,111.46202008333334,131.2037960063889,11.504093374444444,11.521882498055556
2026-08-01T13:00:00+00:00,109.83649609482,82.80789689361112,78.20907024055555,129.9279878311111,230.3471316436111,15.581477020555555,15.806337905277779
2026-08-01T14:00:00+00:00,143.0563060791753,27.32657849888889,18.73175592666667,87.34586061166668,118.77265705138889,18.555187245555555,18.769277788333333
2026-08-01T15:00:00+00:00,1014.1241639593001,3.1889651919444453,0,63.915750313055554,77.32128827972222,19,19
2026-08-01T16:00:00+00:00,7439.156027326473,-119.62826229083333,-78.2875276111111,6.100863091111111,16.847969000277775,14.775782209166666,15.167106950277779
2026-08-01T17:00:00+00:00,7433.22670150768,1.9290052066666672,-22.23200454666667,6.0400362919444435,0.9659046369444444,10.348784373611112,10.809680799444443
2026-08-01T18:00:00+00:00,10673.074995604908,0,0,0,0,10,10
2026-08-01T19:00:00+00:00,7537.6165372814285,0,0,0,0,10,10
2026-08-01T20:00:00+00:00,7309.49707460736,0,0,0,0,10,10
2026-08-01T21:00:00+00:00,494.93023525076615,0,0,0,0,10,10
2026-08-01T22:00:00+00:00,409.25412238603144,0,0,0,0,10,10
2026-08-01T23:00:00+00:00,305.19123392374865,0,0,0,0,10,10
2026-08-02T00:00:00+00:00,305.8872790855778,0,0,0,0,10,10
2026-08-02T01:00:00+00:00,805.9296451901068,0,0,0,0,10,10
2026-08-02T02:00:00+00:00,1264.456751444408,0,0,0,0,10,10
2026-08-02T03:00:00+00:00,906.5874121211026,0,0,0,0,10,10
2026-08-02T04:00:00+00:00,185.15865072362362,14.65497691638889,16.115165024444444,14.661526589722223,18.308058295,10.274835211388888,10.392604653055555
2026-08-02T05:00:00+00:00,138.10180483301335,48.76143620361111,51.51908576138889,68.80189136305556,77.65829928277778,12.33003094861111,12.294526157222222
2026-08-02T06:00:00+00:00,253.49564100803195,92.84313946722222,124.73892674888889,122.74629581805556,142.07166575555556,16.489561258333335,16.62402591888889
2026-08-02T07:00:00+00:00,5403.413758343661,51.77105698638889,60.03427514888889,273.4090176077778,344.3478013088889,22.204669309166665,22.28922590388889
2026-08-02T08:00:00+00:00,991.5199196180428,165.2273941822222,164.85674590388888,460.73633485361114,450.75322366583333,27.280342859166666,27.114046740277775
2026-08-02T09:00:00+00:00,271.3732464568247,289.68464770805554,319.4580274275,372.8344232152778,427.5969131575,39.58635431777778,40.06310958805555
2026-08-02T10:00:00+00:00,107.15845019440138,250.80105054083333,377.3789219172222,267.1152781988889,565.9339762930556,55.69262414111111,62.14691506722222
2026-08-02T11:00:00+00:00,79.17548483902472,185.45650934666665,150.18169547333332,332.10139549499996,358.41491005861116,66.0937185413889,74.87124316888888
2026-08-02T12:00:00+00:00,347.2760671896776,73.79521489527777,100.0487777563889,302.0905159886111,529.6308896008333,75.5580521925,84.28184345083334
2026-08-02T13:00:00+00:00,242.19840508978217,104.66898500277779,84.34228701722223,109.63912902277777,202.45172799,78.42258506944445,90.09369968944445
2026-08-02T14:00:00+00:00,1306.9427917660992,-73.5956651313889,-146.16283204166666,53.73668042138889,64.56346240333333,76.14088391055556,87.63189496888889
2026-08-02T15:00:00+00:00,377.33007933733717,7.6575428044444465,-20.06906862805555,31.54406445472222,30.520732159722225,74.30728386583333,80.0758044975
2026-08-02T16:00:00+00:00,747.0857545882646,-53.62090915777778,13.221307476944444,4.930643262777778,18.185187567499998,72.22263007111111,80.67560477166667
2026-08-02T17:00:00+00:00,162.16484442602,-114.83574400194443,-133.68335227666668,0.3503468733333333,0.7179064152777778,66.55161452722223,78.39377727194444
2026-08-02T18:00:00+00:00,74.25783872140389,-137.5461118075,-192.49498228305558,0,0,57.50914070833333,66.4115276975
2026-08-02T19:00:00+00:00,252.0654980494453,-188.91932616944442,-260.1271180983333,0,0,45.913729331388886,51.90851704111111
2026-08-02T20:00:00+00:00,70.37314240879554,-141.39645300499998,-183.90268667638887,0,0,34.01874173777778,37.57536754527778
2026-08-02T21:00:00+00:00,102.04061454098057,-60.01862901305555,-103.95583559666666,0,0,27.588090203333334,28.354161461388887
2026-08-02T22:00:00+00:00,114.53358547553306,-57.033072393611114,-57.9459349275,0,0,23.49367036527778,22.886840703333334
2026-08-02T23:00:00+00:00,110.56878596606526,-65.35973338083333,-75.25032883305555,0,0,19.07513747361111,18.896655596666665
2026-08-03T00:00:00+00:00,119.58375938081333,-70.086142895,-71.14084667083334,0,0,14.758441724166666,14.598321740833335
2026-08-03T01:00:00+00:00,836.6235005858379,-16.104963950833334,-30.03828498,0,0,10.436229484166667,10.53624612
2026-08-03T02:00:00+00:00,824.5327716592152,0,0,0,0,10,10
2026-08-03T03:00:00+00:00,1026.7060815031396,0,0,0,0,10,10
2026-08-03T04:00:00+00:00,303.67971039245026,13.354060208333332,8.337162498611113,22.22809617638889,20.84491869416667,10.457662787222223,10.407538193611112
2026-08-03T05:00:00+00:00,765.7180419692008,12.182515720833335,18.06872883611111,111.15911197916667,124.59930294027778,11.056162545555557,11.021774799444444
2026-08-03T06:00:00+00:00,353.3428264114403,97.73428967027779,102.45540269472222,243.87962603861112,255.09555115361113,14.318520081944444,14.351911642222221
2026-08-03T07:00:00+00:00,2537.4160787337833,116.27923938555556,130.48624683805556,381.9140264188889,421.64277921694446,19.777661303333332,20.110369291666668
2026-08-03T08:00:00+00:00,103.68849918892415,263.0958948875,283.1335737233333,403.2515027975,443.5621715902778,33.04267643472222,33.76042827944445
2026-08-03T09:00:00+00:00,65.07776373781554,249.65690673083336,359.2679818722222,577.8865521294445,596.7376777725,47.62181683861112,51.08619568583333
2026-08-03T10:00:00+00:00,20.16244881995168,190.77023376916668,366.5378305113889,434.83749843805555,608.5651852511111,59.390410036944445,72.69388412138889
2026-08-03T11:00:00+00:00,2301.2150753987758,105.7284957875,222.6952080458333,249.95998018305556,587.22170348,68.77334882194445,89.5815325111111
2026-08-03T12:00:00+00:00,91.6347779238714,123.20230474333333,126.53655534527779,192.7919702833333,501.5119179308333,75.73828268305556,98.4721205811111
2026-08-03T13:00:00+00:00,328.68561844669665,-27.939878859444445,-2.2064293349999997,77.12492506333334,168.03458766583333,77.49521649833333,100
2026-08-03T14:00:00+00:00,285.73837334710646,-71.133799535,-150.8941755313889,36.13741537416667,44.189477044166665,73.5675084775,94.67670908944444
2026-08-03T15:00:00+00:00,302.45755201017386,-73.57562671305556,-148.9016891077778,47.594998061388885,46.27933327583333,68.38477307111111,85.52621950833333
2026-08-03T16:00:00+00:00,341.4313065406525,-15.744392776666666,-32.93742822416666,21.408556383333334,31.0497008525,64.95411077638889,78.60581063361111
2026-08-03T17:00:00+00:00,355.1865376296194,-10.644603918055557,10.954564454999998,3.354150460277778,16.813074771666667,64.97386279722222,78.83670468
2026-08-03T18:00:00+00:00,134.01986693070555,-57.36875804861111,-146.76190639166666,0,0.25031003333333335,62.101724679722224,74.75272065861111
2026-08-03T19:00:00+00:00,104.57029238669001,-102.55559681805556,-145.70493590361113,0,0,57.006378339444446,64.95397886055555
2026-08-03T20:00:00+00:00,93.03592020856195,-113.31383161416666,-149.93712410777778,0,0,49.52366370861111,55.29399684111112
2026-08-03T21:00:00+00:00,96.54284265354943,-143.93079111916666,-176.83826026527777,0,0,40.81403656888889,44.87701746361111
2026-08-03T22:00:00+00:00,93.9971781187486,-135.5111151688889,-159.75791944,0,0,31.0315289525,33.83380214166667
2026-08-03T23:00:00+00:00,88.69982617551919,-111.99629855944444,-136.81444036972223,0,0,22.778497590555556,24.337820261666668
2026-08-04T00:00:00+00:00,112.18287552243196,-100.42144808722223,-123.60513129194446,0,0,15.555853770277778,16.07189443361111
2026-08-04T01:00:00+00:00,772.8893245652216,-20.90469646,-39.102722113055556,0,0,10.584068545,10.700981599444445
2026-08-04T02:00:00+00:00,1406.0644166470938,0,0,0,0,10,10
2026-08-04T03:00:00+00:00,1094.0290857207342,0,0,0,0,10,10
2026-08-04T04:00:00+00:00,276.5261254214856,6.152873976666666,6.745956947222223,20.932048018333333,26.90642791694445,10.313645897777777,10.415302131666666
2026-08-04T05:00:00+00:00,144.0424060693883,0,0,88.8176532288889,98.87623206361111,11,11
2026-08-04T06:00:00+00:00,3374.0711501587084,5.422217365833333,0,42.92824171361111,54.67427808083334,11,11
2026-08-04T07:00:00+00:00,458.91107887541995,-1.23568029,-2.220777576666667,2.4026089019444443,9.646324913333332,10.24637432,10.576371185277777
2026-08-04T08:00:00+00:00,370.00042111645917,-0.36077018638888964,-0.48046997638888866,25.622188670277776,36.96690306972223,10.82306068,10.908037001944445
2026-08-04T09:00:00+00:00,373.5494878935236,1.9503810122222223,2.8677188847222226,28.452953753333333,37.605567521666664,10.591420473333335,10.676697520555557
2026-08-04T10:00:00+00:00,595.2479165810029,51.332658355,51.040620985277776,243.67673706055555,266.05729853111114,11.218387728333333,11.252035335555556
2026-08-04T11:00:00+00:00,313.2742847916733,299.74045130999997,304.06567665333336,488.7462219247222,516.2567516994444,24.190536015833334,24.685156471944442
2026-08-04T12:00:00+00:00,196.60396646916914,108.01011763555555,214.7058953136111,149.31174036972223,410.08170419027783,35.10648251638889,37.004804192222224
2026-08-04T13:00:00+00:00,241.47397255136832,37.07151772666666,-21.975006147777776,37.149471446944446,147.96442772694445,37.64366077194445,43.58412865472223
2026-08-04T14:00:00+00:00,240.01945244231752,37.281682993888886,-45.15741488138889,37.28171537472222,37.85894628055556,39.593684673611115,40.16054578638889
2026-08-04T15:00:00+00:00,1498.555242871208,31.91699280638889,-102.62929249444443,32.837103375,26.93753864611111,41.51808931666667,35.55042147583333
2026-08-04T16:00:00+00:00,1794.1919690165353,2.9042065194444446,14.6595061625,4.5447369725,19.380281005833336,42.71447171666667,32.884469008055554
2026-08-04T17:00:00+00:00,1824.626880429056,0,-106.47622450972223,0,1.9677433663888888,43,31.6406951925
2026-08-04T18:00:00+00:00,1179.7811653170152,0,-27.675599610833334,0,0,42.82257250916667,25.058223158055554
2026-08-04T19:00:00+00:00,493.4637066030375,0,0,0,0,42,25
2026-08-04T20:00:00+00:00,422.72125651212303,0,0,0,0,42,25
2026-08-04T21:00:00+00:00,423.56054449056114,0,0,0,0,42,25
2026-08-04T22:00:00+00:00,338.7976509322986,0,0,0,0,42,25
2026-08-04T23:00:00+00:00,606.4607964382856,0,-10.945832139444446,0,0,41.59204638138889,24.10329262888889
2026-08-05T00:00:00+00:00,365.32665062512837,0,0,0,0,41,24
2026-08-05T01:00:00+00:00,845.1204633287649,0,-63.002418140277776,0,0,41,23.049556397222222
2026-08-05T02:00:00+00:00,1341.0080474958374,0,-116.04853373833333,0,0,41,12.607643628055555
2026-08-05T03:00:00+00:00,1171.2047272756065,0,0,0,0,41,10
2026-08-05T04:00:00+00:00,305.01751563969555,0,0,0,0,40.627460845,10
2026-08-05T05:00:00+00:00,305.57316620413445,23.683925623055558,55.96640584888889,23.71885339138889,57.03164759388889,40.7088445025,11.306745200833333
2026-08-05T06:00:00+00:00,317.3018420819717,37.082499858055556,58.83662272888889,37.13280217472222,60.9747349775,42.604206561388885,15.555743800277776
2026-08-05T07:00:00+00:00,3192.230733528168,36.55368776277778,163.66553904777777,36.60553346611111,255.11268739555555,44.51371159944444,21.420160806111113
2026-08-05T08:00:00+00:00,476.4659001434647,36.761664491666664,333.84628802777775,36.82809220194444,462.20566324555557,46.45401961833333,37.506385523055556
2026-08-05T09:00:00+00:00,177.33568864083693,89.6881267261111,163.38717232472223,151.67932866333334,381.4741152319445,48.94831161777778,50.17813807694444
2026-08-05T10:00:00+00:00,111.51039819983527,190.82798949694447,206.12912401527777,315.20543314944445,391.5103355136111,55.60201402777778,59.322170650555556
2026-08-05T11:00:00+00:00,91.33562447068056,356.2403159866667,383.6356361836111,482.43400779638887,569.8477698472221,74.58865913888889,78.93605028333333
2026-08-05T12:00:00+00:00,98.66060339507834,162.24075517,191.97894313194445,314.1873100680555,390.9731677091667,90.06193384694444,96.42716318055555
2026-08-05T13:00:00+00:00,893.0952521965341,-103.80403665083332,5.186843923333334,118.86555118749999,199.7406202427778,90.03408401111112,99
2026-08-05T14:00:00+00:00,760.808794773597,-201.33166341222224,-104.86181186499999,64.97152798972222,89.25624400638888,81.7209448586111,97.53113464472221
2026-08-05T15:00:00+00:00,535.4461807059478,-16.99288399861111,-174.31621566777778,30.80491669638889,29.256153439722226,70.61670297277777,86.91905615138889
2026-08-05T16:00:00+00:00,535.6184010926996,-41.075161343611114,-55.80802609638889,6.767322733611111,16.476859088055555,69.7335967461111,78.55404140472223
2026-08-05T17:00:00+00:00,335.59802032459055,-263.60251766805555,-283.35914694,4.606350714444445,7.6879656291666665,61.884898147499996,71.69331693388888
2026-08-05T18:00:00+00:00,-161.67047956493946,-369.8828186733333,-419.64987344,0,0,31.21963669277778,46.482059899444444
2026-08-05T19:00:00+00:00,465.1513905833672,-131.08577029722224,-252.62446682555557,0,0,20.84353273,25.357208923055556
2026-08-05T20:00:00+00:00,3020.926941341873,-72.00237391,-102.80010707305554,0,0,10.414851316111111,10.570210515277777
2026-08-05T21:00:00+00:00,690.422356960592,0,0,0,0,10,10
2026-08-05T22:00:00+00:00,371.1159524888139,0,0,0,0,10,10
2026-08-05T23:00:00+00:00,283.1488377493819,0,0,0,0,10,10
2026-08-06T00:00:00+00:00,285.5275820152197,0,0,0,0,10,10
2026-08-06T01:00:00+00:00,735.2976983267562,0,0,0,0,10,10
2026-08-06T02:00:00+00:00,1380.9651842955493,0,0,0,0,10,10
2026-08-06T03:00:00+00:00,1112.4302814962136,0,0,0,0,10,10
2026-08-06T04:00:00+00:00,360.71527770643974,7.184591284722223,3.5707957255555556,8.716371379444444,7.7533421758333345,10.108209844166668,10.108214221666666
2026-08-06T05:00:00+00:00,185.1088734076678,3.4434894238888893,6.609035183611112,96.51606017361111,108.47591811944444,11,11
2026-08-06T06:00:00+00:00,150.99712014997502,15.939259481388888,23.382484194722224,104.66855781444444,117.26107846527778,11.02674597888889,11.161188535555555
2026-08-06T07:00:00+00:00,2323.138641249809,123.45301234972221,116.02424564944444,341.23381397444444,353.0940567883333,15.1084298925,15.302332930555556
2026-08-06T08:00:00+00:00,149.01280906287363,205.22825310833332,251.1326359475,323.70593289472225,457.3527653197222,24.3272508825,26.027113854444448
2026-08-06T09:00:00+00:00,284.86945768112446,190.93567004388888,213.36160866333333,297.51114025083336,385.97869417055557,36.297203680555555,40.668189750277776
2026-08-06T10:00:00+00:00,280.32887984857496,156.44417350916666,211.284082195,210.07055000638888,377.2961931647222,46.49121261472222,53.059963958888886
2026-08-06T11:00:00+00:00,1426.826443824839,207.8304214,224.3769848727778,364.9933374952778,435.4058739966667,57.150012994166666,64.57886121972221
2026-08-06T12:00:00+00:00,1471.4381355281612,105.81452949027778,240.83519965638888,210.8916279483333,513.5133721933333,66.94822733194444,78.59105400416666
2026-08-06T13:00:00+00:00,7191.717794166819,-53.64316311833333,-36.89747680305556,43.27204233583333,154.96744842166666,68.45854396277777,85.91930468222222
2026-08-06T14:00:00+00:00,7178.959867201756,-11.736995004166666,-101.25584779472223,33.59007291638889,33.32060913222222,64.72357995888889,79.75194999305556
2026-08-06T15:00:00+00:00,7135.764820838453,2.5731693880555557,-75.9054704375,55.29044736944445,34.23229893194444,65,74.87844683805555
2026-08-06T16:00:00+00:00,7256.632058488559,15.269237295833333,-51.91128044444445,18.935570423888887,22.82387425111111,65.56267501194445,70.66577788305555
2026-08-06T17:00:00+00:00,4362.69881100337,-36.73602669666666,-54.358457016666655,19.042337795555557,16.097414560833332,65.11254334694443,66.89525512194444
2026-08-06T18:00:00+00:00,96.1805343400586,-182.3964252997222,-191.89095770555556,0,0,57.75018582111111,59.52458272888888
2026-08-06T19:00:00+00:00,122.87172978597444,-133.21752685916667,-150.20243970805555,0,0,46.30802716611111,48.01740458333333
2026-08-06T20:00:00+00:00,130.97549089510554,-132.0405814511111,-152.24846168472223,0,0,37.04260069722222,38.46682057277778
2026-08-06T21:00:00+00:00,168.97279881460386,-81.01566747944445,-108.11426024805557,0,0,28.878920856388888,29.38935694611111
2026-08-06T22:00:00+00:00,181.16084412606529,-43.00194071166667,-54.86713315472222,0,0,24.962947423611112,24.561300365277777
2026-08-06T23:00:00+00:00,132.6611109871428,-44.973177452222224,-42.08368817666667,0,0,21.283241266666668,20.864855294722222
2026-08-07T00:00:00+00:00,104.23736208186806,-69.62503632222223,-68.5999496113889,0,0,17.1329135575,16.927310506666668
2026-08-07T01:00:00+00:00,501.4927923270422,-60.67051727694445,-87.49495267916666,0,0,13.283730605833334,13.09260545
2026-08-07T02:00:00+00:00,1313.9751541344442,0,0,0,0,10,10
2026-08-07T03:00:00+00:00,1092.6301956844327,0,0,0,0,10,10
2026-08-07T04:00:00+00:00,199.46157004085612,11.486088344999999,14.780044230000001,18.75587523305556,17.77656731611111,10.410346116388888,10.460431686944444
2026-08-07T05:00:00+00:00,75.59679146704973,26.746473901944444,29.052984379722222,126.05500115444444,101.49189164166667,11.273118420833333,11.495143762222222
2026-08-07T06:00:00+00:00,75.6420965760925,133.32404746527777,127.50364142555556,254.76655136222223,147.581443005,15.324753956111111,15.522614897777778
2026-08-07T07:00:00+00:00,129.97195057504223,191.07370726611111,163.43364090777777,298.91959059333334,178.84061859194446,24.286515211944444,23.884792301944444
2026-08-07T08:00:00+00:00,1963.8683209063372,183.4642757038889,170.76682654722222,376.3206199466667,251.64808470777777,36.08415997611111,33.47579629388889
2026-08-07T09:00:00+00:00,132.34836335035527,96.02672943888888,80.68903087527778,139.41068497944445,129.5522438363889,42.00079101638889,41.9432204875
2026-08-07T10:00:00+00:00,146.91488447277806,201.94725951805557,195.58213588416666,273.71570255555554,236.90855547527778,47.79984705055556,48.354756862500004
2026-08-07T11:00:00+00:00,163.29933192674085,170.6920290202778,161.706945445,193.6796260311111,200.13526278944445,58.95618206388889,59.29540217472222
2026-08-07T12:00:00+00:00,226.07931145722637,99.43161394861112,140.03208662555554,150.0046568736111,199.87198911,66.62998850527778,66.67936040027779
2026-08-07T13:00:00+00:00,63.85525171109527,53.4478349425,49.41498806166666,107.50768531194444,177.33785051722222,71.03936476083334,72.43578413277778
2026-08-07T14:00:00+00:00,37.390760939105554,0.9632447797222223,13.205884263611111,118.40170167638888,155.4519745861111,72,73.41587692222222
2026-08-07T15:00:00+00:00,3575.054464676706,-108.61580828666665,-100.69036436611111,61.99868671944444,84.02945715083332,66.59155308805556,69.5015968838889
2026-08-07T16:00:00+00:00,344.92064139939026,-19.683418389722224,-51.53193928611111,26.57933354222222,36.90538528611111,63.28665590361111,63.47295409972222
2026-08-07T17:00:00+00:00,239.16868238685666,-34.22871988055555,-34.49566015833333,12.023037620277778,14.722103530277778,62.38337669916667,61.71004645194444
2026-08-07T18:00:00+00:00,57.38460749293028,-116.44788876694444,-111.36465480805555,0,0,56.49371510555556,56.63829947694445
2026-08-07T19:00:00+00:00,108.68981139980917,-53.407869501111115,-72.47883081416667,0,0,50.49199867888888,50.24998267305555
2026-08-07T20:00:00+00:00,61.68977012287612,-91.52730020583333,-85.09822803055555,0,0,46.06844933361111,45.89684529861111
2026-08-07T21:00:00+00:00,62.082459570132784,-93.1428328586111,-96.66460821999999,0,0,38.989369356666664,39.27601787138889
2026-08-07T22:00:00+00:00,223.8258884576347,0,0,0,0,36,36
2026-08-07T23:00:00+00:00,232.04000671769305,0,0,0,0,36,36
2026-08-08T00:00:00+00:00,230.66748318459864,0,0,0,0,36,36
2026-08-08T01:00:00+00:00,236.95413239030447,-179.61984465055556,-191.60395662166664,0,0,34.16835585305555,34.29997991333334
2026-08-08T02:00:00+00:00,1081.5070323999703,-138.84011494666666,-138.20147576694444,0,0,11.756367211111112,11.795499847222223
2026-08-08T03:00:00+00:00,1116.3236188038493,0,0,0,0,10,10
2026-08-08T04:00:00+00:00,630.3151579603336,10.245444990000001,7.1306507325,19.642101785277777,20.487631234166667,10.426718167777777,10.426724269444444
2026-08-08T05:00:00+00:00,976.6782855199835,15.035956533611113,11.614783141944445,121.7183830625,135.35141107222222,11.103110261666666,11.136456778333333
2026-08-08T06:00:00+00:00,630.0377901051814,76.87718931916667,71.12200035277777,244.8678653338889,211.28254218166668,13.771181151944445,13.754541283055557
2026-08-08T07:00:00+00:00,342.7867117098731,206.04049361944442,170.87300384222223,420.0682568580555,245.23751576666666,21.353976705277777,19.811118718333333
2026-08-08T08:00:00+00:00,334.1535331791525,219.29688515916666,168.36240780444444,412.51517519000004,247.20930190305558,32.12040951416667,29.851383735555558
2026-08-08T09:00:00+00:00,64.32531684905473,416.4880379202778,335.7154214075,605.8239166819444,338.3272683677778,51.04773051916666,44.622761996388896
2026-08-08T10:00:00+00:00,20.592947538878892,460.7938586227778,494.68810544888885,650.6026148474999,511.83855044333336,75.97761568055556,70.47094142472223
2026-08-08T11:00:00+00:00,-589.8202460239391,188.25811142944443,284.58542653499995,656.7269086602778,666.1058770055556,97.45170595305557,94.4002435836111
2026-08-08T12:00:00+00:00,-649.1427532078563,0,0,360.4878442838888,605.1387557780555,100,100
2026-08-08T13:00:00+00:00,50.867184878613045,0,0,43.03996928611111,148.89537026333332,100,100
2026-08-08T14:00:00+00:00,168.7053321394608,0,-2.4246685319444445,33.05138217305555,36.92042581333333,100,100
2026-08-08T15:00:00+00:00,157.33758863803612,0,-1.9800440080555557,33.93007109777778,34.86774908527778,100,100
2026-08-08T16:00:00+00:00,189.01952082129526,0,0,24.402221815,26.159237549166665,100,100
2026-08-08T17:00:00+00:00,145.89909926470082,-24.15688374805556,-31.620022158888887,5.665102076111111,7.791233588333334,99.1854485338889,98.95114823305556
2026-08-08T18:00:00+00:00,80.58262194097611,-79.36298675972222,-77.95511270333333,0,0,95.25772675416665,94.98236311166666
2026-08-08T19:00:00+00:00,644.2310014043322,-125.95606396472222,-131.01034488472223,0,0,89.25333715083333,88.98832749444445
2026-08-08T20:00:00+00:00,1173.226925951719,-149.7294099116667,-173.22547792055556,0,0,75.56492461444445,75.58159350638888
2026-08-08T21:00:00+00:00,112.82163288286306,-53.53532140361111,-64.927090195,0,0,71.5508203361111,71.18177948472223
2026-08-08T22:00:00+00:00,47.48216691130056,-100.72076218722223,-102.89931499027777,0,0,65.9056903875,65.7864388425
2026-08-08T23:00:00+00:00,103.41217145984693,-65.21754891444444,-74.45754112666667,0,0,60.65487716611111,60.35194128222222
2026-08-09T00:00:00+00:00,123.1648509285075,-52.39338210972222,-54.02442153916667,0,0,55.95955337083333,55.57183153666667
2026-08-09T01:00:00+00:00,708.3002097253033,-321.4350401475,-313.0189000669444,0,0,48.69207644055555,48.78603077722223
2026-08-09T02:00:00+00:00,1261.6659350486837,-271.5567468977778,-291.70697409583335,0,0,15.218460960555555,15.495394267499998
2026-08-09T03:00:00+00:00,1695.2418453698656,0,0,0,0,10,10
2026-08-09T04:00:00+00:00,783.2454561180908,7.230961483055555,9.887012576944445,13.628113218055555,15.982983348611112,10.372026321944444,10.44840486388889
2026-08-09T05:00:00+00:00,469.0862721014458,16.956622543888887,12.636804296944446,115.02401173666665,109.23243332277777,11.150059457777777,11.234506288333334
2026-08-09T06:00:00+00:00,193.28480557723057,125.82872257416666,127.9755534525,232.17450789833333,268.771753585,14.980729426666668,15.131291580000001
2026-08-09T07:00:00+00:00,25.449918097095832,298.18471647444443,310.4632238713889,412.7842791313889,433.6799882930556,27.49303686916667,28.12297840222222
2026-08-09T08:00:00+00:00,38.88491016978639,345.9502131533333,377.63526058638894,371.6937251877778,545.8618368963889,46.285831753888885,48.31080280305556
2026-08-09T09:00:00+00:00,51.64100874532528,392.40496183944447,425.0056719977778,392.3837001288889,604.8976981430555,68.15802167361112,71.24770312333334
2026-08-09T10:00:00+00:00,-435.7048794893212,325.02095943694445,246.79017602361114,612.6884431911111,634.1343477019444,92.4141524113889,94.60091504833333
2026-08-09T11:00:00+00:00,-897.2265027457487,0,0,605.8153164155556,619.5573005638889,100,100
2026-08-09T12:00:00+00:00,-615.5400858807122,0,0,338.42169293,572.2359356322222,100,100
2026-08-09T13:00:00+00:00,15.683556359708064,0,0,66.9883781025,171.24949548055554,100,100
2026-08-09T14:00:00+00:00,130.82974681049276,-2.0642188722222223,-6.633602246666666,42.0617803525,47.71131997388889,100,99.57910170194445
2026-08-09T15:00:00+00:00,154.95095482186335,-3.812627865555555,0,37.19773644805556,44.13976675805555,100,99
2026-08-09T16:00:00+00:00,129.84474174921667,-1.117815805,-0.5859323822222221,43.49869037166667,47.587945892499995,99.21465922916667,99
2026-08-09T17:00:00+00:00,190.69432610737417,-1.4015477044444442,3.2464971233333326,21.668353212499998,20.07220398638889,99,98.99411076666667
2026-08-09T18:00:00+00:00,110.66787538779637,-58.71807513805555,-47.22981440305555,0,0,97.16998125694444,96.73724469916668
2026-08-09T19:00:00+00:00,6846.98092217098,-139.92911977777777,-165.52458214555557,0,0,91.28290289,91.13627730305556
2026-08-09T20:00:00+00:00,6927.722008445854,-169.3960328536111,-221.20745380916665,0,0,80.57000778361112,78.13620172249999
2026-08-09T21:00:00+00:00,6936.08840624186,-185.59673277305555,-219.7397346375,0,0,68.77510294472222,64.32864707277777
2026-08-09T22:00:00+00:00,6893.157419234089,-181.53219239916666,-219.79842723333334,0,0,56.207703625,50.50631452111111
2026-08-09T23:00:00+00:00,7154.384686655115,-262.33330049027774,-193.10219764222222,0,0,42.00241770722222,36.691616268055554
2026-08-10T00:00:00+00:00,7039.71023298812,-236.72459078055556,-198.83059031194443,0,0,24.588240598888888,24.314467911666668
2026-08-10T01:00:00+00:00,9491.329345829014,-100.33128707222222,-106.30640672250001,0,0,12.337884403055556,12.432258182222222
2026-08-10T02:00:00+00:00,8313.963011995895,0,0,0,0,10,10
2026-08-10T03:00:00+00:00,8160.619240882003,0,0,0,0,10,10
2026-08-10T04:00:00+00:00,4001.9499304569163,0,0,0,0,10,10
2026-08-10T05:00:00+00:00,242.7636615090522,7.383855870833333,11.458471379166667,27.724609803888892,22.381531761666665,10.404490331666667,10.354528993333334
2026-08-10T06:00:00+00:00,129.12791730274026,59.787620578611104,35.76212504777778,151.77259228083332,83.13964765249999,12.535215098055554,12.904591076944444
2026-08-10T07:00:00+00:00,162.6650100723428,147.08566369583335,142.0295487586111,216.72147523055557,151.7866148611111,17.160650364722223,16.98386647027778
2026-08-10T08:00:00+00:00,130.89800703499915,277.68496907499997,216.1468537575,461.4382532225,223.3642853808333,30.630845533888888,27.84043536111111
2026-08-10T09:00:00+00:00,780.6961540496458,107.06444218666667,161.29535513722223,347.0139719641666,339.1167882627778,42.63638147166667,40.95927226027778
2026-08-10T10:00:00+00:00,312.4845300291447,233.94496608416668,191.78681143305553,381.72330798361105,285.4188299675,51.30412364527778,49.04409355055555
2026-08-10T11:00:00+00:00,611.1371663132255,13.026337741666671,31.637828890000005,174.49764138944445,184.15089788333333,58.650536835277784,56.288978210277776
2026-08-10T12:00:00+00:00,821.7477536630623,-39.98264608444444,-37.12985844277778,165.63599355361112,179.66357932194447,56.101059163611104,54.71150072694444
2026-08-10T13:00:00+00:00,2804.309370176259,-60.574215377499996,-50.99219127833334,109.82326859666667,134.52449215083334,54.320704410833336,53.52384984388889
2026-08-10T14:00:00+00:00,562.6376849131708,-32.720770548888886,-69.46711584999998,24.458679838333335,27.299690852777776,48.66040847916667,47.79639854694445
2026-08-10T15:00:00+00:00,501.3155737386103,-55.26514326472222,-54.20388297083334,30.99956134888889,34.113806382777774,48.03853761138888,45.6274449075
2026-08-10T16:00:00+00:00,424.88839622393357,-27.521604163333325,-70.45715763194444,28.212303784166668,30.957431780000004,42.36472255527778,39.99534158722222
2026-08-10T17:00:00+00:00,1492.2126118629913,-351.9993526402778,-286.5552989163889,2.7992843283333326,2.4491571330555555,33.2206576675,31.257166674166665
2026-08-10T18:00:00+00:00,2059.1396495123245,-147.6744638386111,-160.95621814916666,0,0,13.458222379722223,13.754651370833335
2026-08-10T19:00:00+00:00,1462.555292104611,0,0,0,0,10,10
2026-08-10T20:00:00+00:00,382.6111250934989,0,0,0,0,10,10
2026-08-10T21:00:00+00:00,529.7983438351758,0,0,0,0,10,10
2026-08-10T22:00:00+00:00,1239.0855729803209,0,0,0,0,10,10
2026-08-10T23:00:00+00:00,2226.0115118711833,0,0,0,0,10,10
2026-08-11T00:00:00+00:00,372.0058243229989,0,0,0,0,10,10
2026-08-11T01:00:00+00:00,636.7336282738356,0,0,0,0,10,10
2026-08-11T02:00:00+00:00,1385.9183922764867,0,0,0,0,10,10
2026-08-11T03:00:00+00:00,1217.177942061129,0,0,0,0,10,10
2026-08-11T04:00:00+00:00,364.6358886271552,10.38072421638889,6.104999540555556,17.747411355833332,17.734755816944446,10.3109614375,10.294229303888889
2026-08-11T05:00:00+00:00,146.14709959194388,9.88014609388889,16.421393883055554,119.54598575805555,126.10835496666665,11,11
2026-08-11T06:00:00+00:00,604.8169813601447,53.18928978444444,56.59763582222222,263.9326491438889,291.4607195002778,12.531384436388889,12.733542708888889
2026-08-11T07:00:00+00:00,180.95639583731966,171.1987826852778,167.00870326416666,365.344403475,395.93871375972225,19.26309247083333,19.700008767499998
2026-08-11T08:00:00+00:00,2665.853637874785,242.7244918338889,233.58536638416663,486.97638653111113,505.98386491444444,28.83002221527778,29.722550422500003
2026-08-11T09:00:00+00:00,160.06734894752054,297.8291171644444,223.72462366388888,428.84192102472224,289.1538492577778,47.437546186388886,47.36326525083334
2026-08-11T10:00:00+00:00,184.40903385075558,281.3567358691667,189.22978526083332,442.6884936377778,225.18906336361113,60.78071954305556,57.45206402527777
2026-08-11T11:00:00+00:00,144.6507308025114,129.2640910647222,134.55820011444445,273.3752435236111,249.44612075222224,72.86173163555556,67.74013354138889
2026-08-11T12:00:00+00:00,210.74770473072167,68.40332625277779,203.27632511333331,212.40462142916667,380.6925527383333,79.45157546861111,76.73603752888889
2026-08-11T13:00:00+00:00,293.404374642935,-58.22856581194444,-39.86416044361111,72.357887565,142.49910271805555,77.65868403916666,82.40265522666667
2026-08-11T14:00:00+00:00,388.7198287869872,-20.0849452025,-133.09408447555555,44.775567326666675,43.675374849166666,74.45635987194444,78.0669365061111
2026-08-11T15:00:00+00:00,429.24463001570115,-44.2398896663889,-25.070304424166665,59.9164848925,57.83817891,74.86316295055555,72.6930101
2026-08-11T16:00:00+00:00,1013.8107997412448,-74.4340307075,-38.346715915555556,10.607138528055556,26.06160194277778,69.30489937638889,68.11306846666666
2026-08-11T17:00:00+00:00,3326.9809443021336,-343.4468544266667,-347.242927015,0,0,54.75060291916666,55.13851579694444
2026-08-11T18:00:00+00:00,443.134748858615,-249.7051686702778,-259.82302731361114,0,0,34.73026049,36.404133655277775
2026-08-11T19:00:00+00:00,2317.5962644606593,-196.9855368288889,-223.52764468805557,0,0,17.853206201666666,18.920839587222222
2026-08-11T20:00:00+00:00,425.83349613924173,0,0,0,0,10,10
2026-08-11T21:00:00+00:00,398.72769985420524,0,0,0,0,10,10
2026-08-11T22:00:00+00:00,383.71583093959913,0,0,0,0,10,10
2026-08-11T23:00:00+00:00,286.1196773586378,0,0,0,0,10,10
2026-08-12T00:00:00+00:00,277.09438083116135,0,0,0,0,10,10
2026-08-12T01:00:00+00:00,1101.9904909643828,0,0,0,0,10,10
2026-08-12T02:00:00+00:00,3275.544808956707,0,0,0,0,10,10
2026-08-12T03:00:00+00:00,1823.6121377433772,0,0,0,0,10,10
2026-08-12T04:00:00+00:00,900.9585189915741,9.251477624444444,6.5731101741666675,14.341216345277777,16.12011631361111,10.2628466,10.313940714166668
2026-08-12T05:00:00+00:00,877.6542729022066,4.341514206388889,10.098846750555555,116.53786548305555,127.27556024444443,11,11
2026-08-12T06:00:00+00:00,291.9752605662375,112.41523951916666,102.55836314083332,262.01152234222224,184.77882786527778,13.400479449166667,13.233680058333334
2026-08-12T07:00:00+00:00,221.80349733504306,234.0461731988889,226.00945719749998,403.0042820283333,254.56532702277778,22.967464289166667,22.385390610833337
2026-08-12T08:00:00+00:00,3212.9719654052897,186.62660960805556,145.86547655833334,519.6586051969444,389.0480609641666,37.430762154444444,34.93045517694444
2026-08-12T09:00:00+00:00,633.2664994316203,303.05024624472225,304.7120439866667,587.5522837186111,536.7958728247222,49.97118642,46.64565344277778
2026-08-12T10:00:00+00:00,995.0675094844322,260.23397569555556,178.6243288030556,622.729122666111,440.9156421025,66.48607135666667,58.506103286666665
2026-08-12T11:00:00+00:00,478.2827252368911,315.21647233777776,260.91908611472223,614.8916896358334,457.05937458805556,80.89222763416667,73.18732307666666
2026-08-12T12:00:00+00:00,101.99906997046251,184.1174844011111,341.9003734338889,332.1838876875,562.7161162916667,95.46370983805555,91.21913468027778
2026-08-12T13:00:00+00:00,216.1346188849864,0,0,33.659347601111115,137.9966135986111,97,100
2026-08-12T14:00:00+00:00,239.8133205152336,0,-14.874742433055557,27.61030186472222,23.545456054166667,97,98.8042164725
2026-08-12T15:00:00+00:00,282.17644096701525,0,21.20596857111111,30.65687039166667,27.65727985388889,97,98.80561527833333
2026-08-12T16:00:00+00:00,2392.4098296906436,-256.1258572997222,5.716347559722222,15.919223036944445,10.970786043888888,93.99434231888888,99
2026-08-12T17:00:00+00:00,196.76128658797748,-17.95783289138889,-139.88873541083333,0,0,79.18491577527779,94.41780977916666
2026-08-12T18:00:00+00:00,189.46026912294167,-91.61181264972221,-146.36552117416667,0,0,76.84782235499999,84.92424374277778
2026-08-12T19:00:00+00:00,175.3641801250403,-115.5296146,-151.2617795913889,0,0,68.98986913333333,75.33155952583333
2026-08-12T20:00:00+00:00,157.6438945928322,-123.06109779916666,-151.98592806861112,0,0,61.338267557777776,65.99485355805555
2026-08-12T21:00:00+00:00,148.68203788259223,-68.53741704527778,-132.36068182916668,0,0,55.308413414166665,56.70591879333333
2026-08-12T22:00:00+00:00,185.21790576440165,-61.75932082333333,-78.89285395611111,0,0,50.61182504694444,49.541699485
2026-08-12T23:00:00+00:00,677.6948397757242,-269.10823981444446,-263.2066685761111,0,0,36.68550813527778,37.818285330555554
2026-08-13T00:00:00+00:00,190.47344175006057,-117.86548344027777,-139.70436187805555,0,0,25.096822279722222,26.319808185555555
2026-08-13T01:00:00+00:00,402.9173646810522,-138.71929887722223,-151.19429623638888,0,0,16.426951885277777,16.87153718888889
2026-08-13T02:00:00+00:00,1382.1728294880659,0,0,0,0,10,10
2026-08-13T03:00:00+00:00,1210.784486176477,0,0,0,0,10,10
2026-08-13T04:00:00+00:00,2615.5303747424286,11.862061695277779,6.535545996944445,14.14706045,14.496114203611112,10.3192554775,10.336174195555555
2026-08-13T05:00:00+00:00,199.79142655401998,32.976231778611115,30.990727189166666,105.91532610944444,80.1198717161111,11.664317644444445,11.715654115
2026-08-13T06:00:00+00:00,220.39349809647024,88.3782355725,72.29429458,156.47856972388888,105.41049765361112,15.101120724444444,15.185749501944445
2026-08-13T07:00:00+00:00,205.49626904833,148.5044821436111,197.69303347166667,191.97810600055558,297.71773757833336,22.292744692222225,22.82918707972222
2026-08-13T08:00:00+00:00,705.4380771500155,190.2928371827778,189.04421372027778,338.94673184861114,397.45822695694443,32.90455599083334,35.57690039
2026-08-13T09:00:00+00:00,2516.4780452989776,235.67266997305555,258.3259294286111,470.0371268519445,533.4424844241667,43.18587955472222,46.503127378888884
2026-08-13T10:00:00+00:00,332.21305367702195,257.80575588277776,305.496096115,353.0263083877778,488.6441372461111,57.66258227111111,60.52173189166667
2026-08-13T11:00:00+00:00,118.14056354749806,357.9091108236111,380.18396910916664,389.5173759238889,535.1966598352777,76.4227860625,80.76483473500001
2026-08-13T12:00:00+00:00,-306.77157639663557,169.02962150805556,96.14249182333334,328.42566010083334,572.0699182480556,97.47406654333334,98.75706138027778
2026-08-13T13:00:00+00:00,152.1986024429814,0,0,33.74576757611111,139.56373375944443,100,100
2026-08-13T14:00:00+00:00,258.29009800204386,-8.918827387777778,-4.035990969444444,25.196627750833333,29.689290843611108,99.98190520416667,100
2026-08-13T15:00:00+00:00,356.50562633228805,5.566827756388889,-14.504062088333335,14.957938564166666,22.891722072777778,99,98.5455663436111
2026-08-13T16:00:00+00:00,273.1008404102747,-41.65267052777778,-31.231618570833334,2.1213433172222222,4.247466965555556,98.20645190416667,97.71318028277778
2026-08-13T17:00:00+00:00,4706.035420153802,-119.95506520944444,-120.83889114222222,0,0,92.58627533972223,92.50307911416667
2026-08-13T18:00:00+00:00,5980.382996735792,-174.53957060666667,-181.29252851194443,0,0,80.72217735694444,82.00964389916668
2026-08-13T19:00:00+00:00,8927.041519541233,-244.10987008222222,-249.8557583363889,0,0,70.40858916444445,72.07193464083333
2026-08-13T20:00:00+00:00,8030.852964118964,-226.00252709999998,-224.28859148805554,0,0,49.129863504444444,52.23170562194445
2026-08-13T21:00:00+00:00,7111.911637307811,-163.3742727125,-178.20069915805553,0,0,37.894863960833334,41.004860576111106
2026-08-13T22:00:00+00:00,7110.181220369614,-147.73259720222222,-179.72330356527777,0,0,27.35040857027778,29.524092734444448
2026-08-13T23:00:00+00:00,7101.181465690948,-120.86667897000001,-139.04874969472223,0,0,18.0170889975,19.012761765277777
2026-08-14T00:00:00+00:00,7184.96088997172,-89.02787282277778,-100.25881785861111,0,0,11.993491477500001,12.14273447611111
2026-08-14T01:00:00+00:00,2975.896384078278,0,0,0,0,10,10
2026-08-14T02:00:00+00:00,1318.3869857568423,0,0,0,0,10,10
2026-08-14T03:00:00+00:00,1717.249812691067,0,0,0,0,10,10
2026-08-14T04:00:00+00:00,940.1413495184479,8.210850032777778,7.3676824863888895,11.293750415833335,15.430624709444444,10.24368044388889,10.310405815000001
2026-08-14T05:00:00+00:00,729.2108945216019,12.497106136666666,10.593403681111111,99.37638005222222,104.64412722750001,11.105884712222222,11
2026-08-14T06:00:00+00:00,428.32087541014056,92.2656754811111,82.73358249611111,233.21283054444447,183.90720214055557,13.610193571388889,13.470869274444444
2026-08-14T07:00:00+00:00,403.5673400357453,165.33568406666666,126.80546695083332,393.7038229086111,181.50777254166667,20.93368380833333,18.97922709
2026-08-14T08:00:00+00:00,146.6287665652436,313.56400069583333,305.1463442836111,418.52797952250006,315.5760074361111,34.34019630555556,32.956073053055555
2026-08-14T09:00:00+00:00,299.730529342638,337.4035576605556,210.5377684425,580.5924806008334,265.2105698725,52.1349131175,46.25830281555556
2026-08-14T10:00:00+00:00,291.5143920462028,257.62976407,234.4058390113889,423.9312616125,279.31655919916665,69.34318655638889,60.51204190444445
2026-08-14T11:00:00+00:00,205.01114640337278,302.56771858083334,229.4530077625,497.0254423211111,238.79977051499998,84.0645227163889,72.83583751666667
2026-08-14T12:00:00+00:00,2801.98593181244,71.50135376805555,236.82468429083335,295.08081976,496.68217252166664,94.60700490916668,84.33523590611111
2026-08-14T13:00:00+00:00,559.97496787678,-57.153741698333334,60.824293232500004,17.581222994444445,130.43578564694445,94.78539795611111,94.77673862500001
2026-08-14T14:00:00+00:00,1193.0281804799533,2.9702366066666666,19.735332849166667,6.102175962222223,25.35526583388889,91,95
2026-08-14T15:00:00+00:00,3397.9328614098795,14.123288215277777,20.582493931666665,15.5410435675,26.484669297222222,91,95
2026-08-14T16:00:00+00:00,561.4594075636923,-93.18619155666666,-58.1067818175,2.476564288888889,3.4695803927777775,89.11950644888888,94.45769469972221
2026-08-14T17:00:00+00:00,248.61212121563335,-155.6287172836111,-187.4603166866667,0,0,80.01370322583334,85.72457406138888
2026-08-14T18:00:00+00:00,329.13567255779054,-209.48119166722222,-230.4122383886111,0,0,67.04877861777778,71.78677655166668
2026-08-14T19:00:00+00:00,227.43767039509416,-115.19614411472223,-140.60239923861113,0,0,56.22794428583333,60.04862947888889
2026-08-14T20:00:00+00:00,246.09230596073834,-98.03069600861112,-118.4494785736111,0,0,49.39520185138889,51.78012065138889
2026-08-14T21:00:00+00:00,211.6037698578797,-100.65497094916667,-128.37953350583334,0,0,42.17260714527778,43.47317545833334
2026-08-14T22:00:00+00:00,2294.1601972505146,-248.53039332750004,-255.05499803111113,0,0,34.370019543333335,34.592948964166666
2026-08-14T23:00:00+00:00,531.2230329008449,-163.41121175333333,-186.80783755944444,0,0,16.02442730611111,16.739703249722222
2026-08-15T00:00:00+00:00,369.9986496327825,-4.91650239,-1.00822974,0,0,10.051338385,10.00133399361111
2026-08-15T01:00:00+00:00,519.1984696548247,0,0,0,0,10,10
2026-08-15T02:00:00+00:00,1391.269380468507,0,0,0,0,10,10
2026-08-15T03:00:00+00:00,1234.3216967327944,0,0,0,0,10,10
2026-08-15T04:00:00+00:00,418.59506812939804,10.740372882777777,7.587428557222222,11.142878276111112,9.595257756111112,10.279488917777778,10.195048459722223
2026-08-15T05:00:00+00:00,339.6473773439753,24.589738233333335,25.692805789166666,99.26462197694444,84.35470369416667,11.266426073888889,11.486452440277779
2026-08-15T06:00:00+00:00,1170.2777393561958,83.17377012222222,74.65884954944444,242.79325505999998,191.08682431833336,13.62934625361111,13.580963608055555
2026-08-15T07:00:00+00:00,152.90362507913974,203.22273720833334,174.47563935861112,369.3553523613889,225.54506770027777,22.3133732225,21.345887184166667
2026-08-15T08:00:00+00:00,-69.04067385312109,190.22392010666664,232.058728965,448.3685821583333,459.7817302116666,28.633339536666668,27.531899325
2026-08-15T09:00:00+00:00,57.03740907444333,237.18449119833332,313.9118803841667,492.74956485666667,514.4854417050001,47.32605428916666,55.77394778
2026-08-15T10:00:00+00:00,266.1820693022108,217.37553622666667,205.65158872027777,319.27548331444444,322.2186705583333,62.91411125916667,64.49162043722222
2026-08-15T11:00:00+00:00,205.76893594959333,216.55571813694442,314.2742085286111,288.5930668077778,484.07772040833333,73.21334046583333,78.42764963305555
2026-08-15T12:00:00+00:00,19.09698565106667,171.5506502625,204.1713388072222,295.80765211249997,494.22313156527775,87.16583545861111,96.10254516694444
2026-08-15T13:00:00+00:00,290.09904517606697,-26.123385267777778,-56.4609055236111,48.26945078361111,123.09474339833332,88.53571417583333,99.05429652027777
2026-08-15T14:00:00+00:00,714.73383100632,33.87693583694445,-72.08546961277777,34.52117507944444,30.723654322499996,87.48200614416668,94.05305311777778
2026-08-15T15:00:00+00:00,717.6024321389369,34.457267360277775,-72.59312439527777,38.11331075416667,28.142549226944443,88.33589645027779,88.80263523444444
2026-08-15T16:00:00+00:00,1118.5718290949592,-25.937171922222223,-10.58552485888889,13.789031484166665,19.568266924166668,87.38583995222223,86.10189590833333
2026-08-15T17:00:00+00:00,2039.5267857457495,-185.60997540638888,-128.33076412055556,0.9154006402777778,2.8430436547222224,80.68252969972222,83.91702550166667
2026-08-15T18:00:00+00:00,284.2096844527464,-166.47132735,-188.92713823916665,0,0,68.74739605416666,71.55283668888889
2026-08-15T19:00:00+00:00,202.87044895414695,-167.86976708305556,-167.0512455827778,0,0,57.85411130972222,60.247479632499996
2026-08-15T20:00:00+00:00,464.1082764617845,-167.00790346166667,-176.61468871638888,0,0,46.98581445305555,49.101036033888896
2026-08-15T21:00:00+00:00,361.5548223703889,-175.04235564333337,-198.39440462000002,0,0,35.81308592055556,37.14184313194445
2026-08-15T22:00:00+00:00,211.10441100379583,-109.95848125416666,-123.34780231305554,0,0,25.3947291325,25.801465431666667
2026-08-15T23:00:00+00:00,205.11949338514026,-97.69551015444445,-97.62572850333333,0,0,18.67465316611111,18.45668177111111
2026-08-16T00:00:00+00:00,2451.1172687324697,-114.44006749305555,-100.3922997061111,0,0,12.755023351666667,12.737354829166668
2026-08-16T01:00:00+00:00,517.2931580799476,0,0,0,0,10,10
2026-08-16T02:00:00+00:00,1424.128089016879,0,0,0,0,10,10
2026-08-16T03:00:00+00:00,1284.9641346624817,0,0,0,0,10,10
2026-08-16T04:00:00+00:00,531.8550010521606,0,0,0,0,10,10
2026-08-16T05:00:00+00:00,367.45905093729857,0,0,0,0,10,10
2026-08-16T06:00:00+00:00,274.0162513299103,4.937365433611111,0,8.37617088388889,0,10.529861645555556,10
2026-08-16T07:00:00+00:00,253.6078394477456,-6.542666303333333,0,35.05725383055555,0,11,10
2026-08-16T08:00:00+00:00,810.9173449568278,0.2838494816666666,0,118.8166841661111,0,11,10
2026-08-16T09:00:00+00:00,2699.7510538443635,0,0,142.376323025,0,11,10
2026-08-16T10:00:00+00:00,124.31534213131528,28.692724063055554,0,273.6058663194445,0,11.367308475555555,10
2026-08-16T11:00:00+00:00,132.98013536734445,46.181112973888894,0,239.9587084172222,0,13.413862986666667,10
2026-08-16T12:00:00+00:00,665.4841731610637,13.814298902222221,0,232.20308812305555,0,15,10
2026-08-16T13:00:00+00:00,1094.089583196211,0,0,139.62504986083334,0,15,10
2026-08-16T14:00:00+00:00,319.5467008902128,-59.90380287666667,0,62.875278062777774,0,12.712974627222222,10
2026-08-16T15:00:00+00:00,366.0979708752106,6.419047525,0,59.350719581666674,0,11.176825955277778,10
2026-08-16T16:00:00+00:00,317.8853751368048,4.6086744555555565,1.893032565277778,23.533072035555552,2.181744383055556,12.497207897222223,10
2026-08-16T17:00:00+00:00,1816.7747708103952,-23.188658398888887,0.7854907855555558,2.4190720574999998,5.891326371111112,10.206583548055555,10.47240435861111
2026-08-16T18:00:00+00:00,407.69714636282555,0,0,0,0,10,10
2026-08-16T19:00:00+00:00,2554.5925561837935,0,0,0,0,10,10
2026-08-16T20:00:00+00:00,648.3231687853689,0,0,0,0,10,10
2026-08-16T21:00:00+00:00,532.1195107310517,0,0,0,0,10,10
2026-08-16T22:00:00+00:00,384.8617118222941,0,0,0,0,10,10
2026-08-16T23:00:00+00:00,342.8661530918005,0,0,0,0,10,10
2026-08-17T00:00:00+00:00,337.49586107864417,0,0,0,0,10,10
2026-08-17T01:00:00+00:00,431.72963253312827,0,0,0,0,10,10
2026-08-17T02:00:00+00:00,1481.3525462398004,0,0,0,0,10,10
2026-08-17T03:00:00+00:00,1280.9375887411188,0,0,0,0,10,10
2026-08-17T04:00:00+00:00,531.8948501041433,5.063179429166667,4.381795310555555,5.096572815,7.088680718611111,10.024241671111112,10.091007379444443
2026-08-17T05:00:00+00:00,382.83971744190495,5.302954178611111,0.7662413455555556,74.73046581083334,84.11337097611111,11,11
2026-08-17T06:00:00+00:00,375.14925817169325,0.9887539255555556,0,79.13552603055555,85.09537547138889,11,11
2026-08-17T07:00:00+00:00,287.39600497435225,0,0,82.95950926277779,91.97504948222222,11,11
2026-08-17T08:00:00+00:00,272.95852667475003,0,0,89.44095169944444,101.95921237805555,11,11
2026-08-17T09:00:00+00:00,360.37036621187826,0,0,106.41962081722222,122.51669886361111,11,11
2026-08-17T10:00:00+00:00,2832.0945169817787,-4.529066764722223,0.7528758249999997,55.15257184805555,61.49701272527778,10.966384934444443,10.98324234111111
2026-08-17T11:00:00+00:00,214.83204180741612,3.423602069722222,1.2754181530555557,84.56957339583333,102.81569201416666,11,11
2026-08-17T12:00:00+00:00,217.3947460622078,0,0.22004669333333338,83.77660632527778,99.27647914944446,11,11
2026-08-17T13:00:00+00:00,160.3638245125297,0,0,97.34536376250001,116.95337081333334,11,11
2026-08-17T14:00:00+00:00,203.5361243688789,0,0,98.64347714611112,120.95009125277778,11,11
2026-08-17T15:00:00+00:00,409.26496761054,-4.692612518888889,-1.9328027400000003,67.45635354527778,83.24567819333333,10.796662860833335,10.79665303027778
2026-08-17T16:00:00+00:00,904.1408755896209,0,0,0,0,10,10
2026-08-17T17:00:00+00:00,2469.3045350515613,0,0,0,0,10,10
2026-08-17T18:00:00+00:00,467.0924419895975,0,0,0,0,10,10
2026-08-17T19:00:00+00:00,342.45997900896555,0,0,0,0,10,10
2026-08-17T20:00:00+00:00,518.5827931541086,0,0,0,0,10,10
2026-08-17T21:00:00+00:00,270.8298049127775,0,0,0,0,10,10
2026-08-17T22:00:00+00:00,268.5373992177297,0,0,0,0,10,10
2026-08-17T23:00:00+00:00,267.4330864934189,0,0,0,0,10,10
2026-08-18T00:00:00+00:00,298.176278976035,0,0,0,0,10,10
2026-08-18T01:00:00+00:00,2370.582899582045,0,0,0,0,10,10
2026-08-18T02:00:00+00:00,1310.7313481584326,0,0,0,0,10,10
2026-08-18T03:00:00+00:00,1190.2320179013757,0,0,0,0,10,10
2026-08-18T04:00:00+00:00,553.2952631295253,9.682511015833333,2.6273300633333334,15.836360283333335,20.827387136944445,10.448309695833332,10.460824859166665
2026-08-18T05:00:00+00:00,1094.6827167262566,16.557555781111112,20.157451779166667,72.9849011736111,90.6000084825,10.696604082222223,10.7350028775
2026-08-18T06:00:00+00:00,1773.1766273844212,14.77814270777778,18.026266249444443,238.04953440194444,250.30496482972225,12,12
2026-08-18T07:00:00+00:00,423.1065652155623,38.95995127194445,40.47889698083333,192.02699157333333,212.15751519416665,14.11558753388889,14.184420076944443
2026-08-18T08:00:00+00:00,335.9320879688956,66.01191695611111,73.83246451166666,249.9065796186111,281.11018276333334,16.749982470555555,17.170669928888888
2026-08-18T09:00:00+00:00,104.04191905123668,122.6933194975,144.20630799472224,312.1681892013889,376.0172240877778,21.048819427222224,21.85219859277778
2026-08-18T10:00:00+00:00,465.3988958136086,157.0650193475,108.13633958944445,356.2893180530555,345.5508015119444,29.684959245555557,29.97575385861111
2026-08-18T11:00:00+00:00,416.6094439479561,113.82620118277778,119.69778228611112,289.1725405391667,298.5234930163889,36.63835804166667,37.17278330111111
2026-08-18T12:00:00+00:00,101.47269202104194,68.58501322305555,129.41771739527778,170.47724233944442,276.13076735500005,42.319508345277775,43.90782519249999
2026-08-18T13:00:00+00:00,127.10881572248748,8.319669508611112,40.78136962194445,107.81279422,188.7330889775,44,49.55480190666666
2026-08-18T14:00:00+00:00,180.51765164189612,0.7132315238888888,-24.095956295833332,75.1860648275,87.63319034444446,44,49.66367113277778
2026-08-18T15:00:00+00:00,295.55052759409,22.95289190472222,-35.73691995861111,23.733428347222226,22.397049943611112,44.67199983444445,46.962197065
2026-08-18T16:00:00+00:00,2854.757471583955,-81.91843735166667,-104.97006950444445,16.60788993111111,20.928053303333332,43.292772531666664,44.20125815944444
2026-08-18T17:00:00+00:00,292.2651080595564,-50.94855099083333,-31.235711767500003,6.855204549444444,11.405111608055556,39.17666240027778,39.26071606944444
2026-08-18T18:00:00+00:00,108.05774712472946,-143.90889361916666,-161.4191756086111,0,0,31.82788300361111,32.967144358333336
2026-08-18T19:00:00+00:00,127.27899523830916,-144.90882552666667,-153.48072664944445,0,0,21.699282665277778,22.5450950975
2026-08-18T20:00:00+00:00,221.13318303556025,-98.82001577750002,-107.72046795777777,0,0,12.912448501388889,13.169070087222224
2026-08-18T21:00:00+00:00,1318.511794971335,0,0,0,0,10,10
2026-08-18T22:00:00+00:00,465.4594610283525,0,0,0,0,10,10
2026-08-18T23:00:00+00:00,348.16034430115474,0,0,0,0,10,10
2026-08-19T00:00:00+00:00,304.4197812757439,0,0,0,0,10,10
2026-08-19T01:00:00+00:00,324.6932973338411,0,0,0,0,10,10
2026-08-19T02:00:00+00:00,1309.9035833321634,0,0,0,0,10,10
2026-08-19T03:00:00+00:00,1190.5393433379948,0,0,0,0,10,10
2026-08-19T04:00:00+00:00,459.6679781751409,0,0,0,0,10,10
2026-08-19T05:00:00+00:00,197.40910526988,5.586543162156988,6.7255005200009075,42.85625940187655,49.80740892554804,10.749982404444445,10.715075910833333
2026-08-19T06:00:00+00:00,2911.3380120453307,0,0,63.29114169944444,72.02594920861111,11,11
2026-08-19T07:00:00+00:00,669.7630868543573,0,0,77.39871602694446,90.83270338472222,11,11
2026-08-19T08:00:00+00:00,1175.2840239890531,0,0,101.13247696555555,122.95688396444444,11,11
2026-08-19T09:00:00+00:00,514.7531041880317,0.7635881055555557,2.672145438611111,135.09579053583334,162.39171188194445,11,11
2026-08-19T10:00:00+00:00,417.5041634953066,2.2378625297222223,4.253102588888889,44.090394064444446,54.28588541361111,10.726392215277778,10.692481612777778
2026-08-19T11:00:00+00:00,287.4068785362875,-3.7793414308333335,-0.8045298202777783,37.437972613333336,46.78230680833334,10.933290246111111,10.983316990277778
2026-08-19T12:00:00+00:00,374.2583977282816,3.885736118055556,-0.5536746275,44.30451964611111,55.52426508111111,10.764422048333332,10.882190844999998
2026-08-19T13:00:00+00:00,305.72779896013833,0,0,67.29401787111111,81.6176974711111,11,11
2026-08-19T14:00:00+00:00,294.68319052107086,0,0,62.98640863138889,72.97608968277778,11,11
2026-08-19T15:00:00+00:00,320.3313278456619,-2.836668402777778,0,50.76658330805555,61.464550764444446,10.953258553055555,10.987576598333334
2026-08-19T16:00:00+00:00,443.697615143385,1.1162720877777776,1.2329761077777779,0.7996113847222222,1.066222733888889,10.168876667222221,10.168874479166666
2026-08-19T17:00:00+00:00,463.8250698739269,0,0,0,0,10,10
2026-08-19T18:00:00+00:00,428.85214466340307,0,0,0,0,10,10
2026-08-19T19:00:00+00:00,3434.4420501528853,0,0,0,0,10,10
2026-08-19T20:00:00+00:00,1432.2654153599622,0,0,0,0,10,10
2026-08-19T21:00:00+00:00,576.4653389597187,0,0,0,0,10,10
2026-08-19T22:00:00+00:00,500.25027102175926,0,0,0,0,10,10
2026-08-19T23:00:00+00:00,364.6795226109789,0,0,0,0,10,10
2026-08-20T00:00:00+00:00,303.1192698971439,0,0,0,0,10,10
2026-08-20T01:00:00+00:00,271.78990093681836,0,0,0,0,10,10
2026-08-20T02:00:00+00:00,1318.8603673491086,0,0,0,0,10,10
2026-08-20T03:00:00+00:00,1205.6500349434016,0,0,0,0,10,10
2026-08-20T04:00:00+00:00,475.057409080747,0,0,0,0,10,10
2026-08-20T05:00:00+00:00,221.442237684225,4.388010181944444,5.391491944166666,4.638189397500001,6.306295412777778,10,10.003982338333334
2026-08-20T06:00:00+00:00,770.8282355088098,3.270735828333333,4.779998111388889,22.552858774444445,25.78560958027778,10.640915898055555,10.772417009722224
2026-08-20T07:00:00+00:00,246.99640804184583,54.09597633055555,39.600315448888885,184.9620954513889,191.73798201972224,11.651858835277778,11.701862378888888
2026-08-20T08:00:00+00:00,1864.9254973178904,101.52491738972223,101.47422645944444,245.4278385811111,277.5435063163889,14.365319881666666,14.792220596666667
2026-08-20T09:00:00+00:00,1622.2477770796902,103.43373901555556,60.584349628055556,317.02431586277777,251.7268567722222,18.643397165833335,17.887628108888887
2026-08-20T10:00:00+00:00,155.5567604810775,255.73442398833333,204.8933639363889,407.7564955525,297.8703729538889,28.488986683611106,26.960323621944443
2026-08-20T11:00:00+00:00,156.11919027620806,102.25494993055555,128.48331575666666,220.42664572083333,190.78665421305553,41.61987204027778,38.64209632666667
2026-08-20T12:00:00+00:00,375.8799160250403,44.82010596111112,74.37083526388889,160.49552243138888,197.16159776749998,45.81500862972222,43.48561781611111
2026-08-20T13:00:00+00:00,174.06634026657446,-44.00663377888889,-29.542549154722224,61.64918374444445,95.64418729833334,45.696866441944444,44.71953492972222
2026-08-20T14:00:00+00:00,205.03270505330943,-53.84901200722222,-41.27743695805555,43.72339801361111,65.38926571111111,41.92237373388889,41.73693607361111
2026-08-20T15:00:00+00:00,231.3185945078286,-56.85927301472223,-79.63355045833333,32.054661160555554,30.65389892638889,37.77629669833333,37.74199321472222
2026-08-20T16:00:00+00:00,754.4014426025595,-172.46966166972223,-102.57875181416667,11.07100179638889,15.897522170277776,32.194365203888886,32.94630000388889
2026-08-20T17:00:00+00:00,346.0839969822095,-159.42060183722222,-223.45239109166667,0,0,18.081804666388887,20.145018286944445
2026-08-20T18:00:00+00:00,1995.0437175073923,-35.90910724972222,-53.210358514444444,0,0,10.5968315275,10.713491419166667
2026-08-20T19:00:00+00:00,1756.3934068595515,0,0,0,0,10,10
2026-08-20T20:00:00+00:00,689.1848352316097,0,0,0,0,10,10
2026-08-20T21:00:00+00:00,470.32444425251055,0,0,0,0,10,10
2026-08-20T22:00:00+00:00,334.2785500113184,0,0,0,0,10,10
2026-08-20T23:00:00+00:00,258.3522534075648,0,0,0,0,10,10
2026-08-21T00:00:00+00:00,243.95330884502528,0,0,0,0,10,10
2026-08-21T01:00:00+00:00,246.88392777330975,0,0,0,0,10,10
2026-08-21T02:00:00+00:00,237.1738694481336,0,0,0,0,10,10
2026-08-21T03:00:00+00:00,247.008828423025,0,0,0,0,10,10
2026-08-21T04:00:00+00:00,228.73926694287195,7.540435809722222,6.269717661666667,7.544729078611112,7.761621571388889,10.0387069475,10.055380656666667
2026-08-21T05:00:00+00:00,119.83391992747471,22.756780148611114,19.526677249166667,82.50986566555555,105.11804619638889,11.120367706666668,11.052292221666667
2026-08-21T06:00:00+00:00,407.9533008674616,85.0133050175,83.75171516944444,222.4462885766667,234.91267425805555,13.276493658055555,13.554832955277776
2026-08-21T07:00:00+00:00,76.6072597780725,188.1877131113889,228.4265712741667,305.8543302991667,411.1749918305556,21.985000611666667,22.803372230833332
2026-08-21T08:00:00+00:00,160.85268658525752,279.78967354083335,263.1441394661111,501.1084800441667,515.2464037047222,34.758751471388884,36.43501645333333
2026-08-21T09:00:00+00:00,2555.7425026942738,185.16402786277777,229.95884335944444,441.0473640355556,526.6823886713889,50.82292833027778,52.40245762861111
2026-08-21T10:00:00+00:00,3607.241352266232,238.08988951305557,218.43250485027775,455.1868274291666,437.4354300197222,61.93664619472222,64.38857946666667
2026-08-21T11:00:00+00:00,8391.652605063397,60.88178294305556,74.85168937888888,417.90846216166665,454.3584553027777,67.46141246138889,70.35563331138889
2026-08-21T12:00:00+00:00,7328.006425929801,21.180342916111112,115.70357086444444,191.67800127583334,354.9157661411111,71.7189532575,76.01116725583334
2026-08-21T13:00:00+00:00,3173.703008573198,1.2797132525,7.108045758888888,121.51266780583332,163.34001071972222,72,80
2026-08-21T14:00:00+00:00,150.8159402454672,1.2669278744444445,0,91.17559384638889,112.79877860416667,72,80
2026-08-21T15:00:00+00:00,4061.9722265877267,0.14507499472222027,-35.174140854166666,30.24304857527778,28.92561582638889,71.39334235083334,78.75073610694444
2026-08-21T16:00:00+00:00,7172.371669957584,-83.75862920416667,-59.20617530194445,1.8119633022222221,9.58591761111111,70.16935800027778,77.2284810511111
2026-08-21T17:00:00+00:00,3261.7546568468856,-212.1033999586111,-275.34010741583336,0,0,58.36975838194444,64.9808467025
2026-08-21T18:00:00+00:00,217.27326253022497,-238.5600424638889,-292.47792102277776,0,0,43.704274575,47.28194457138889
2026-08-21T19:00:00+00:00,2357.33805608612,-242.04037170888887,-285.8300983575,0,0,25.461419195,26.59339442166667
2026-08-21T20:00:00+00:00,200.08496543308277,-128.66917613500001,-143.70252073444445,0,0,15.460534475555555,15.669032725833333
2026-08-21T21:00:00+00:00,421.9998072963186,0,-0.8671562516666667,0,0,10,10.008143166111111
2026-08-21T22:00:00+00:00,334.9562123018239,0,0,0,0,10,10
2026-08-21T23:00:00+00:00,261.2757465664719,0,0,0,0,10,10
2026-08-22T00:00:00+00:00,262.562123908595,0,0,0,0,10,10
2026-08-22T01:00:00+00:00,246.57623240014308,0,0,0,0,10,10
2026-08-22T02:00:00+00:00,231.19112693719944,0,0,0,0,10,10
2026-08-22T03:00:00+00:00,243.9511540925328,0,0,0,0,10,10
2026-08-22T04:00:00+00:00,238.1408566781372,0,0,0,0,10,10
2026-08-22T05:00:00+00:00,223.51070357931746,13.886313287222222,13.102499589722223,23.606119150277777,32.772267014166665,10.637310909166667,10.70508958138889
2026-08-22T06:00:00+00:00,133.977576986185,60.17944466111111,60.60499750805556,107.47214205472223,115.98098427444445,12.641074755,12.583904836666667
2026-08-22T07:00:00+00:00,335.20474870901086,33.426652419722224,23.888180165833333,180.09426429694443,161.92268278944445,15.511768744166666,15.597761686111111
2026-08-22T08:00:00+00:00,239.3511591802228,186.5483137386111,229.29981469666666,302.4161169963889,379.89545713055554,21.16048080638889,22.124780599166666
2026-08-22T09:00:00+00:00,148.0623726851325,211.63098630555555,246.4279666825,231.22501808083334,429.5534087530555,33.713928064444445,39.75941069444445
2026-08-22T10:00:00+00:00,110.52111392162722,55.916338689999996,47.25047704277778,145.42146153083334,219.14461760916666,40.684110698333335,46.600775595555554
2026-08-22T11:00:00+00:00,172.05144841542997,92.67717365777777,67.39985496527778,134.52791342472221,177.49165077194445,45.650093598888894,51.288669155
2026-08-22T12:00:00+00:00,186.2368088203336,101.44621693722222,76.77467322222223,131.76436919,175.55060212055557,51.31641654944445,56.65883808138889
2026-08-22T13:00:00+00:00,2339.2032737551854,-122.9385932513889,-57.0639936575,73.72581790777777,121.71673065666666,49.93664011055555,56.54176143916666
2026-08-22T14:00:00+00:00,1686.86831162027,-106.85042284944446,-146.6634015938889,45.609166298055555,54.564220071111116,39.18336474222222,46.82638688166667
2026-08-22T15:00:00+00:00,193.6751828388625,-12.745125671944443,-48.05306765555556,62.465391123055554,59.695106513888895,37.39407996805556,41.44279466472222
2026-08-22T16:00:00+00:00,249.02726456107777,-43.72028950833334,-39.338991989722224,22.482555062499998,24.00550538611111,35.26449784611111,37.935174073333336
2026-08-22T17:00:00+00:00,181.85795853485862,-122.96033235305555,-175.66680926972222,1.958385533333333,0,30.585043666944443,31.438218505555554
2026-08-22T18:00:00+00:00,2942.5653703075927,-166.655116515,-193.52758389944447,0,0,13.094732811388889,13.35285499388889
2026-08-22T19:00:00+00:00,1382.9016578939484,0,0,0,0,10,10
2026-08-22T20:00:00+00:00,795.4921200142848,0,0,0,0,10,10
2026-08-22T21:00:00+00:00,1019.6476870257443,0,0,0,0,10,10
2026-08-22T22:00:00+00:00,1108.4489388870702,0,0,0,0,10,10
2026-08-22T23:00:00+00:00,1139.049611707506,0,0,0,0,10,10
2026-08-23T00:00:00+00:00,552.0318410876127,0,0,0,0,10,10
2026-08-23T01:00:00+00:00,549.9108790244575,0,0,0,0,10,10
2026-08-23T02:00:00+00:00,560.4258331006407,0,0,0,0,10,10
2026-08-23T03:00:00+00:00,553.1473826720908,0,0,0,0,10,10
2026-08-23T04:00:00+00:00,774.4296829658603,0,0,0,0,10,10
2026-08-23T05:00:00+00:00,435.9171944907761,19.595635138888888,16.641390519444446,22.196323743611114,32.53912466222222,10.642684600277777,10.755190153055556
2026-08-23T06:00:00+00:00,1190.3791654562147,-15.776504009166667,-0.543418099999999,70.68066474277778,90.97485179694445,11.466823218333333,11.303335293055556
2026-08-23T07:00:00+00:00,2675.4227512474326,6.265805105000001,-17.39590293388889,88.23066899527778,107.1020084336111,11.253951831944443,11.506369569166667
2026-08-23T08:00:00+00:00,734.1808216245737,0.8891933358333333,5.5817461816666665,122.16062913361111,149.54500333805555,11,11
2026-08-23T09:00:00+00:00,90.77688436294,44.77715113111111,49.98151473388889,130.1505561522222,163.6162832536111,12.055379881666667,12.115237196666667
2026-08-23T10:00:00+00:00,167.36844836322197,39.07866484722222,37.18847708111111,62.46300063222222,106.32917880583334,15.201866434444446,15.22622960638889
2026-08-23T11:00:00+00:00,109.03659814659278,32.30320531027778,27.121358388611114,95.75732079527778,130.9313513986111,16.239236161388888,16.30594506111111
2026-08-23T12:00:00+00:00,95.32502305125416,35.424711602222224,38.88119177416667,102.57213736222222,147.82610478444445,18.694589504444444,18.778843413333334
2026-08-23T13:00:00+00:00,111.52025007725695,28.293755793333332,30.46473409444445,87.93537678333333,153.194078045,20.529056156388886,20.772327800555555
2026-08-23T14:00:00+00:00,179.87621812726556,-21.22288717944444,-24.25148214388889,61.94413685333333,79.83939073444445,20.511021257777777,20.69777341916667
2026-08-23T15:00:00+00:00,514.210645151371,-48.25538974416667,-87.60485788944443,22.157214963055555,29.802443894166668,16.47112125111111,16.468782727222223
2026-08-23T16:00:00+00:00,257.93560662524,-78.61305323333333,-14.727142512222224,11.542206919444444,19.45824585277778,13.834961547222223,12.759808550277777
2026-08-23T17:00:00+00:00,1137.008190025272,-14.785367468333332,-33.01456318527778,4.4402440669444445,3.263819535,10.51030213111111,10.862360644166666
2026-08-23T18:00:00+00:00,599.614538413653,0,0,0,0,10,10
2026-08-23T19:00:00+00:00,484.5009970813374,0,0,0,0,10,10
2026-08-23T20:00:00+00:00,809.8264887144761,0,0,0,0,10,10
2026-08-23T21:00:00+00:00,637.4410134566269,0,0,0,0,10,10
2026-08-23T22:00:00+00:00,999.3181396070862,0,0,0,0,10,10
2026-08-23T23:00:00+00:00,2662.5241014879693,0,0,0,0,10,10
2026-08-24T00:00:00+00:00,563.659312475647,0,0,0,0,10,10
2026-08-24T01:00:00+00:00,225.83813475338502,0,0,0,0,10,10
2026-08-24T02:00:00+00:00,221.21837699036692,0,0,0,0,10,10
2026-08-24T03:00:00+00:00,228.80943747999166,0,0,0,0,10,10
2026-08-24T04:00:00+00:00,297.93264097249363,4.487699889999999,4.271176561111111,4.704370945,5.114966947222222,10.044432754722221,10.044438675
2026-08-24T05:00:00+00:00,151.69104214186223,14.330020981111112,15.98028125111111,90.98104831777778,99.08132746972223,11,11
2026-08-24T06:00:00+00:00,68.5481300176789,47.40443608583333,43.93127799777778,157.14204793916667,140.04436798805557,13.050243872222223,13.067013281666666
2026-08-24T07:00:00+00:00,121.3553493562625,132.15614082694444,116.2361052575,164.21261344444446,204.22436263166665,16.782430164722225,17.122578770833332
2026-08-24T08:00:00+00:00,143.82340621213248,195.9973518847222,199.72765474666664,235.18785135583335,236.7214255963889,27.010205431666666,26.9762997925
2026-08-24T09:00:00+00:00,99.59904446523194,150.9215320375,173.60139188555556,193.90289950638888,287.3380768322222,36.27266143722222,37.23058578333333
2026-08-24T10:00:00+00:00,211.88243539353527,96.68441617694445,128.89799379083334,166.17109828888889,263.7607191733333,41.961149094999996,43.134206552777776
2026-08-24T11:00:00+00:00,87.794262188545,316.96682652861114,331.26565940916663,422.5004582636111,482.15772371972224,56.42668702833333,60.73043695083333
2026-08-24T12:00:00+00:00,70.72096289064667,19.088329119166666,33.576049237777774,113.93910904611111,170.67951027694446,64.60804173722222,68.90749351666666
2026-08-24T13:00:00+00:00,138.7746987482361,0,-4.761672825000001,73.05374090944444,115.39282991388889,65,69.81252289638888
2026-08-24T14:00:00+00:00,4263.330697427366,-78.55141735388888,-129.02525973333334,33.949199735,45.373133755,60.09477598611111,63.716944411111115
2026-08-24T15:00:00+00:00,212.65061527205808,0,-1.6058791980555556,56.31333791,64.41631260972223,59,61
2026-08-24T16:00:00+00:00,125.40261225739083,-47.70165252138889,-78.91572331027778,7.740092939444445,8.886088469722223,58.17139304305556,59.23891707833334
2026-08-24T17:00:00+00:00,86.59657596578973,-90.17747832027777,-108.00327882194443,0,0,53.055173859166665,52.88160992444444
2026-08-24T18:00:00+00:00,90.27397453514749,-165.1745787,-172.17619178861113,0,0,43.48245543194444,43.772992978611114
2026-08-24T19:00:00+00:00,103.45014648562169,-144.26557136166667,-140.93131475222222,0,0,32.94132414055556,33.451234945555555
2026-08-24T20:00:00+00:00,72.35164272780445,-109.37654721888889,-121.30534596444444,0,0,24.258374098333334,24.88756635361111
2026-08-24T21:00:00+00:00,103.85388296183555,-58.35037080805555,-75.25022026694445,0,0,18.272937783333333,18.1266638275
2026-08-24T22:00:00+00:00,115.77756226009639,-53.767755691388885,-58.47186410138889,0,0,14.724479840555555,14.339317515555555
2026-08-24T23:00:00+00:00,1098.6935027630623,-16.024686138055554,-21.54908578222222,0,0,10.347494145,10.2792066
2026-08-25T00:00:00+00:00,1008.0782507951168,0,0,0,0,10,10
2026-08-25T01:00:00+00:00,618.0457637388042,0,0,0,0,10,10
2026-08-25T02:00:00+00:00,907.893074040634,0,0,0,0,10,10
2026-08-25T03:00:00+00:00,552.2599257063019,0,0,0,0,10,10
2026-08-25T04:00:00+00:00,797.8301266112991,4.328973475833334,4.237572899444444,4.317885276666666,4.605984578888889,10.082756454444445,10.082762089166666
2026-08-25T05:00:00+00:00,362.9329253667691,9.64565956388889,12.92768937222222,98.78402231694444,109.83407619944444,11,11
2026-08-25T06:00:00+00:00,522.1374686051546,80.41752121722222,82.95899014166666,184.1599880663889,229.01700204138888,12.897414325277778,13.06886276638889
2026-08-25T07:00:00+00:00,37.018248138225005,278.01570627722225,279.91408668805553,393.98605447472215,405.6071699680556,23.286411435833333,23.649904014166665
2026-08-25T08:00:00+00:00,103.941734202725,273.52758397527776,308.68725824194445,281.81241306,463.5580636736111,37.710864683333334,40.44190373
2026-08-25T09:00:00+00:00,148.48898224190472,269.6688819313889,273.59177534194447,293.23805186361113,390.56728931444445,49.84637945944445,56.18589367888888
2026-08-25T10:00:00+00:00,17.726514923296946,549.4148003747222,439.00338734388885,587.1347762405555,601.5199154927778,74.63294715611111,77.72336345222222
2026-08-25T11:00:00+00:00,-543.5445159677959,220.97894125666667,188.00470212638888,600.7992608844444,629.3183935308333,98.10091352,98.04912816805556
2026-08-25T12:00:00+00:00,-499.7377265877967,0,0,291.3737051133333,501.7924053805555,100,100
2026-08-25T13:00:00+00:00,2.0105424955288775,0,0,82.3404696225,156.98806678472224,100,100
2026-08-25T14:00:00+00:00,69.4378562909075,0,0,90.08967997805554,106.412745235,100,100
2026-08-25T15:00:00+00:00,92.37409344377916,0,-4.605034938055556,69.02704046444444,67.93982926944445,100,99.97224084222222
2026-08-25T16:00:00+00:00,175.18435070388804,-5.8368490813888885,0.380727590277778,19.333092912777776,26.39242166,99.5371757436111,99
2026-08-25T17:00:00+00:00,115.71274624407334,-48.565878464166666,-52.844142296388895,0,0.3000860944444445,97.89056423111111,97.54918848666667
2026-08-25T18:00:00+00:00,129.44704482163527,-49.91978686527778,-41.87315106916667,0,0,94.57474578194444,94.0703024925
2026-08-25T19:00:00+00:00,113.59489396062888,-55.67148664472222,-58.80076274777778,0,0,91.383913065,91.04141296777777
2026-08-25T20:00:00+00:00,121.53362198856776,-43.906157760000006,-49.89956553611111,0,0,87.77026650055556,87.46279078777779
2026-08-25T21:00:00+00:00,115.30239413452195,-53.340441336666665,-51.61100530194444,0,0,84.3310841236111,83.93764684944445
2026-08-25T22:00:00+00:00,93.51307755737446,-63.152192245833334,-71.9160948675,0,0,79.68878867694444,79.94445477027777
2026-08-25T23:00:00+00:00,114.40973691391777,-58.00159742861111,-50.44424250416666,0,0,76.22472246583334,75.81443628055555
2026-08-26T00:00:00+00:00,121.45010499566166,-42.10212498944444,-54.11658600333333,0,0,72.72297779472223,72.39848988222222
2026-08-26T01:00:00+00:00,134.1627572491761,-46.19599735305555,-44.39388108361111,0,0,69.4490481375,69.14029299388889
2026-08-26T02:00:00+00:00,120.76721979792029,-49.98771432944445,-52.00779721805555,0,0,66.23509629583333,65.82745172055556
2026-08-26T03:00:00+00:00,123.37498813807251,-45.79350678555556,-53.119806374166664,0,0,62.74946910138889,62.40481157694444
2026-08-26T04:00:00+00:00,109.57808613360083,-50.04052658944445,-54.133019642499995,0,0,59.36005453083333,58.96305826027778
2026-08-26T05:00:00+00:00,170.00147483048528,-1.7534963227777773,3.2703575388888892,20.977764986666667,22.871656131944444,56.83250151916667,56.84994475833333
2026-08-26T06:00:00+00:00,168.81045197421415,27.360327162222223,26.017389029444445,54.275213488055556,52.17461188111111,58.144688988333336,58.0812205325
2026-08-26T07:00:00+00:00,142.48192760375056,95.53168938527779,115.59312348944444,126.12437603916668,157.11629397666667,60.99809527194444,60.74662194638889
2026-08-26T08:00:00+00:00,172.69950584020387,204.79674262611113,222.53127867527778,209.25969953027777,242.3051650036111,71.40094588027777,71.3322490438889
2026-08-26T09:00:00+00:00,-21.683759353657788,348.2030726161111,350.4534358222222,448.31892280194444,478.0373115141667,86.34519569805555,86.24674931861112
2026-08-26T10:00:00+00:00,-567.5771703325616,42.74672785305555,42.77504637222223,444.04964674944443,481.89584528277777,99.77914038,99.69403299361112
2026-08-26T11:00:00+00:00,-255.47203465805612,0,0,245.52839881166665,278.54513748194444,100,100
2026-08-26T12:00:00+00:00,-74.82388326339138,0,0,140.53696963055555,170.0467464986111,100,100
2026-08-26T13:00:00+00:00,-81.76255158240279,0,0,142.5029853925,175.3132867163889,100,100
2026-08-26T14:00:00+00:00,-50.58239799109055,0,0,125.6842381486111,160.30292340055556,100,100
2026-08-26T15:00:00+00:00,54.30318072535139,0,-4.748477828333333,79.47063521111112,97.15477488194445,100,100
2026-08-26T16:00:00+00:00,129.26777369419167,-8.095198247222221,-3.200762984166667,36.798149440555555,46.66184552277778,99.93835744361111,99.42501990222222
2026-08-26T17:00:00+00:00,142.41295496169278,-31.591996430555554,-34.996654495277774,0.46868038888888885,1.8980436658333335,98.55310155138888,98.34886739555556
2026-08-26T18:00:00+00:00,115.58547040894778,-49.84824980777778,-58.72664761222222,0,0,95.45026594472222,95.07275703555554
2026-08-26T19:00:00+00:00,112.08889220275915,-51.5575475025,-58.981542108333336,0,0,91.75643825861111,91.39857067666667
2026-08-26T20:00:00+00:00,114.22290274256443,-54.801377361944446,-55.642837031666666,0,0,88.06673466000001,87.6749378786111
2026-08-26T21:00:00+00:00,121.15021775041555,-44.18076910833333,-56.768587376388886,0,0,84.45959055805555,84.082709565
2026-08-26T22:00:00+00:00,117.49407782490805,-59.4536774425,-49.577564917222226,0,0,80.97727391222223,80.56910250722223
2026-08-26T23:00:00+00:00,124.3286859880825,-43.04979047583333,-54.9642716625,0,0,77.40504806777777,77.0616972188889
2026-08-27T00:00:00+00:00,121.20845227740527,-56.088892378888886,-48.347375156111106,0,0,74.11299530722222,73.70434113861111
2026-08-27T01:00:00+00:00,120.50116667485055,-45.77390878111111,-54.82215805388889,0,0,70.58634146694445,70.26630308555555
2026-08-27T02:00:00+00:00,122.94603942191804,-45.02433685138889,-47.12878593083334,0,0,67.26023705527778,66.80640927416667
2026-08-27T03:00:00+00:00,119.0389907726436,-42.87021710416667,-58.041755763055555,0,0,63.64252990111111,63.300904895277775
2026-08-27T04:00:00+00:00,128.1310789219411,-40.84684072305556,-39.62623641361111,2.3732155597222224,2.815002387222222,60.20978885694444,59.88641062277778
2026-08-27T05:00:00+00:00,167.46551142436917,24.831288371944442,45.48387142111111,62.15455999416667,58.30140398277778,60.17101338277778,59.76882064833333
2026-08-27T06:00:00+00:00,143.79240769857776,93.93350048805557,86.99821502055556,115.76913892083333,132.09610988138888,63.20885056472222,63.290370358055554
2026-08-27T07:00:00+00:00,173.29427537667559,127.75307232916667,159.01998950944446,151.07517490749999,176.90841087222222,70.60611078694444,70.38519097805555
2026-08-27T08:00:00+00:00,19.093222007492788,300.1109052472222,284.5650389283333,378.1686818775,404.3741585563889,81.53579898555556,81.42564309722222
2026-08-27T09:00:00+00:00,-582.6208441302772,155.66410702722223,163.93196455249998,573.2186358686112,591.2760571894445,98.28279165305555,98.11134543416667
2026-08-27T10:00:00+00:00,-915.5179252856619,0,0,607.1145237236111,625.3309217802778,100,100
2026-08-27T11:00:00+00:00,-894.7966958650214,0,0,596.1010445155556,616.6116194963889,100,100
2026-08-27T12:00:00+00:00,-511.9578904891558,0,0,268.51857797944444,529.8943663322221,100,100
2026-08-27T13:00:00+00:00,72.67472060194557,0,-4.086881831111111,51.76549721472222,106.58354040305555,100,100
2026-08-27T14:00:00+00:00,172.6191603366233,-4.464361065,12.714885226111113,26.77613550861111,32.65991938027778,99.82977652611112,99.11894649944445
2026-08-27T15:00:00+00:00,200.21965968642942,10.02221563861111,22.693655159722223,17.95917308611111,26.74018979222222,99,99
2026-08-27T16:00:00+00:00,202.52986062153192,1.3439019416666669,13.553564573333334,6.756567098055555,16.61227526388889,99,99
2026-08-27T17:00:00+00:00,133.37114318216777,-36.57831168638889,-42.44464737194444,0,0.5765563055555555,98.58421404472222,98.29282942611111
2026-08-27T18:00:00+00:00,114.84688062383361,-45.246413642777775,-61.21785702138889,0,0,95.57620305222223,95.26781736305556
2026-08-27T19:00:00+00:00,117.02071538488998,-57.63164564638888,-49.75355872111111,0,0,92.11845980777777,91.707594815
2026-08-27T20:00:00+00:00,62.9760265791575,-131.0372173625,-131.54721959944445,0,0,86.46791622666666,86.51770042694444
2026-08-27T21:00:00+00:00,85.778989901365,-109.35254561694444,-122.20112312861112,0,0,77.37771103472222,77.36182636555556
2026-08-27T22:00:00+00:00,64.36391204408834,-109.61475247,-113.23024639166665,0,0,70.41062035972222,70.13833501722222
2026-08-27T23:00:00+00:00,100.42601006036863,-77.13829588166666,-81.1233127963889,0,0,63.75206301083333,63.41703803611111
2026-08-28T00:00:00+00:00,56.311243985074725,-92.201288935,-88.13440253944445,0,0,58.42592131055556,58.47650673555555
2026-08-28T01:00:00+00:00,44.40573646740111,-99.74129260555556,-97.57862765694443,0,0,51.50478513361111,52.277370750555555
2026-08-28T02:00:00+00:00,126.62797428872419,-39.33091732111111,-65.3029184575,0,0,46.83786016972223,46.62756038638889
2026-08-28T03:00:00+00:00,119.39738831841584,-62.660619492222224,-49.66479660388888,0,0,43.14007335333333,42.754757069166665
2026-08-28T04:00:00+00:00,135.92979475720918,-43.675211533611105,-49.24061047638889,0,0,39.68565215694445,39.37615093
2026-08-28T05:00:00+00:00,156.5216725174528,-23.622325585277782,-29.958797091388888,4.956490729444445,6.600239801944444,36.889197510555555,36.58421163361111
2026-08-28T06:00:00+00:00,183.43621758976778,28.420883865277776,24.417563995277778,46.991044941666665,47.43861631555556,37.396624411944444,37.03302995972222
2026-08-28T07:00:00+00:00,99.0336624892497,41.8850486475,51.37192192805556,120.41710050249999,98.62734628833334,39.201027445,39.355416605833334
2026-08-28T08:00:00+00:00,111.70945142865001,127.31261514166665,103.0386709836111,167.9718585113889,171.67844679194445,43.175941450833335,43.356365456111114
2026-08-28T09:00:00+00:00,2265.0988304908565,4.409434932777778,23.430383209444443,156.35827838166665,148.75831498444444,48,48.7576851225
2026-08-28T10:00:00+00:00,2119.8758293062783,0,0,193.57765496833335,215.1768281147222,48,49
2026-08-28T11:00:00+00:00,649.4701980655511,-50.73101396388888,6.379988307777777,224.5233408183333,257.55374984527776,45.06372029194444,49
2026-08-28T12:00:00+00:00,123.47319890685695,151.93298855527777,80.29065985666666,190.82760926305556,262.0099706527778,48.19310617833333,52.20169068333333
2026-08-28T13:00:00+00:00,120.89396732945004,25.836303019722223,28.967296454444448,83.91637642722222,82.76050279611111,54.67344363750001,54.48605958694444
2026-08-28T14:00:00+00:00,132.60029959075027,0,11.053791179722223,65.03872531,44.73491297888889,55,55.465238237499996
2026-08-28T15:00:00+00:00,4139.109902106502,-29.897181295833338,-28.226193031666668,44.59274074,49.65116551138889,54.929056352222226,55.94702691138889
2026-08-28T16:00:00+00:00,7459.872847551246,-281.557985055,-143.3135575913889,2.3020886919444443,7.210250744166667,45.75177420638889,48.379272926944445
2026-08-28T17:00:00+00:00,7086.671871064608,-182.8662080277778,-325.1802585769444,0,0,26.00903816888889,34.42518240583333
2026-08-28T18:00:00+00:00,7293.205029057684,-161.6514973461111,-203.21042500138887,0,0,13.114823571944443,13.586274548888888
2026-08-28T19:00:00+00:00,11151.153490483071,0,0,0,0,10,10
2026-08-28T20:00:00+00:00,7595.299422470603,0,0,0,0,10,10
2026-08-28T21:00:00+00:00,2393.118888071749,0,0,0,0,10,10
2026-08-28T22:00:00+00:00,609.3158388188064,0,0,0,0,10,10
2026-08-28T23:00:00+00:00,369.0127855307081,0,0,0,0,10,10
2026-08-29T00:00:00+00:00,330.9273309434089,0,0,0,0,10,10
2026-08-29T01:00:00+00:00,317.61385207843335,0,0,0,0,10,10
2026-08-29T02:00:00+00:00,1161.5395888509775,0,0,0,0,10,10
2026-08-29T03:00:00+00:00,1332.8838925247524,0,0,0,0,10,10
2026-08-29T04:00:00+00:00,805.3290053226883,0,0,0,0,10,10
2026-08-29T05:00:00+00:00,307.20846517676915,6.648255415277778,5.400826835277777,16.585048403333335,19.608032434444443,10.236018424166668,10.287999914166667
2026-08-29T06:00:00+00:00,132.72114252512029,100.98582876555555,97.07004418722222,205.18637580916666,205.82323885583332,12.53148109861111,12.600560036111112
2026-08-29T07:00:00+00:00,117.49645968884084,145.00847263527777,129.48064741694444,299.5788282341667,236.09246313416665,21.622543206944442,21.535606327500002
2026-08-29T08:00:00+00:00,322.93325644175997,153.8516750916667,202.27582303416668,280.2792777647222,372.525783805,28.174208075555555,28.67475101222222
2026-08-29T09:00:00+00:00,2997.483142230865,126.72614669194445,157.10437942833332,375.85721831388884,392.62481591444447,35.67208037777778,37.91044288361111
2026-08-29T10:00:00+00:00,528.0199488663255,162.7412793188889,191.18940203888891,305.2741879511111,370.9214843288889,45.37588853611111,46.89063998527778
2026-08-29T11:00:00+00:00,817.0310914937908,89.27789342861111,116.00075712166667,268.94204701694446,349.52758697583334,52.428965582500005,54.09716753722222
2026-08-29T12:00:00+00:00,257.0177767470083,21.53310976138889,79.1699185563889,97.17188949111112,210.78865493083333,57.84457420500001,62.903769535833334
2026-08-29T13:00:00+00:00,212.87032113955306,0.6264467122222223,-19.9079504575,84.56715084138888,99.33552157722222,58,64.67997338166667
2026-08-29T14:00:00+00:00,223.2363851884539,-53.56232660305556,-59.820922222222215,50.45334300694444,66.25690033055555,56.43298839166667,61.55391172111111
2026-08-29T15:00:00+00:00,1380.771698810701,-202.28173426555554,-216.23277812222224,29.77352236027778,39.231361675833334,49.347150713055555,54.373359290555555
2026-08-29T16:00:00+00:00,1755.8610212028632,-289.26440243999997,-208.9041821638889,1.5079385622222221,6.187532301944445,33.218820407222225,39.190488941111106
2026-08-29T17:00:00+00:00,680.9560000310058,-157.05686855805556,-323.2923345022222,0,0.2543589,16.278272425833332,20.9164504425
2026-08-29T18:00:00+00:00,972.3338749783649,-8.214890507222222,-11.704238803333332,0,0,10.055854568888888,10.07396351
2026-08-29T19:00:00+00:00,3966.748100056732,0,0,0,0,10,10
2026-08-29T20:00:00+00:00,1193.869756150519,0,0,0,0,10,10
2026-08-29T21:00:00+00:00,554.1885941811634,0,0,0,0,10,10
2026-08-29T22:00:00+00:00,429.8003533119175,0,0,0,0,10,10
2026-08-29T23:00:00+00:00,410.72019178782944,0,0,0,0,10,10
2026-08-30T00:00:00+00:00,434.92853929626557,0,0,0,0,10,10
2026-08-30T01:00:00+00:00,385.3608879331419,0,0,0,0,10,10
2026-08-30T02:00:00+00:00,1182.221413265633,0,0,0,0,10,10
2026-08-30T03:00:00+00:00,1105.4495654764025,0,0,0,0,10,10
2026-08-30T04:00:00+00:00,498.05877461312053,0,0,0,0,10,10
2026-08-30T05:00:00+00:00,139.74355117263195,14.56514416361111,15.978971800555556,66.5388773438889,69.30162513166667,10.650684597777778,10.650690615833334
2026-08-30T06:00:00+00:00,121.53408561988527,78.7256444575,72.57693317777778,152.03495575861112,137.8420452075,12.75158202,12.791077528611112
2026-08-30T07:00:00+00:00,78.11867721508305,195.44503949333333,196.50377342361114,230.66658624166666,334.15030861305553,20.330812026666667,20.775456744722224
2026-08-30T08:00:00+00:00,536.4675303459657,143.68655648277777,109.89044075444444,241.14633030333334,161.14356442444443,31.936461749722223,31.216853857777778
2026-08-30T09:00:00+00:00,611.0175555510283,78.37339318972222,73.80789260472223,196.8324090136111,159.14431759194446,37.725011549444446,36.25467706277778
2026-08-30T10:00:00+00:00,2120.338169950295,124.04844928277777,123.92564660611112,289.08432011555556,226.75466047777778,43.00501334583333,41.17866779
2026-08-30T11:00:00+00:00,3403.4393146744937,46.84107390361111,60.91137116694444,214.93793127555557,178.0691825038889,49.026621273888885,47.95111512555555
2026-08-30T12:00:00+00:00,461.43910667677227,26.864252840000002,80.47998448444444,122.56889820888888,214.17976298055555,51.454251920555556,52.57298217361111
2026-08-30T13:00:00+00:00,401.8086774825853,-70.63946638,-59.4435699225,61.52068792138889,85.99186383416667,48.45840002777778,53.10893828833333
2026-08-30T14:00:00+00:00,185.9642237632594,-26.47242856638889,-45.9272077875,52.92521341111111,61.99776356833333,46.0036522975,49.212568216111116
2026-08-30T15:00:00+00:00,232.30971654434555,-37.18627769027778,-43.12186591833333,8.621398053055556,21.104893809722224,42.87339804305555,45.5664114925
2026-08-30T16:00:00+00:00,190.3402082409617,-36.17692921555556,-53.349672568888884,6.880271095555556,7.762976546666667,41.15087327222222,42.62830740472222
2026-08-30T17:00:00+00:00,489.5719644590745,-214.6251520288889,-228.79548263694446,0,0,33.322383808333335,33.95306729666667
2026-08-30T18:00:00+00:00,2963.82507627439,-186.14727902277778,-198.57332654444443,0,0,18.677115148333332,19.309005348611112
2026-08-30T19:00:00+00:00,341.1096094283953,0,0,0,0,10,10
2026-08-30T20:00:00+00:00,435.3850851656369,0,0,0,0,10,10
2026-08-30T21:00:00+00:00,568.485465858805,0,0,0,0,10,10
2026-08-30T22:00:00+00:00,408.29197455497587,0,0,0,0,10,10
2026-08-30T23:00:00+00:00,358.98950367976335,0,0,0,0,10,10
2026-08-31T00:00:00+00:00,327.3451803055522,0,0,0,0,10,10
2026-08-31T01:00:00+00:00,256.2348766429339,0,0,0,0,10,10
2026-08-31T02:00:00+00:00,1034.680938354645,0,0,0,0,10,10
2026-08-31T03:00:00+00:00,1286.3283619320785,0,0,0,0,10,10
2026-08-31T04:00:00+00:00,787.3811823921677,0,0,0,0,10,10
2026-08-31T05:00:00+00:00,241.76116898503415,0,0,0,0,10,10
2026-08-31T06:00:00+00:00,647.7399177148209,1.6202132055555554,3.9452445783333334,1.9958164094444444,4.275684268888889,10,10.073020875
2026-08-31T07:00:00+00:00,270.2896086795958,8.2714893225,3.936521439166666,67.6660222911111,77.00587331194446,10.875921899722222,10.939757588055556
2026-08-31T08:00:00+00:00,2349.712018012393,43.483894989166664,35.859011074722225,277.6213269933333,300.7870866538889,12.187412140555557,12.255250088333334
2026-08-31T09:00:00+00:00,78.40680791581529,360.7291005291667,332.55084822833334,517.4472096719445,493.0230873538889,22.121217350277778,22.60107065111111
2026-08-31T10:00:00+00:00,296.46661456553,157.2602510888889,106.18807619555555,310.8987126266667,185.65073266722223,36.57798339027778,37.048169129166666
2026-08-31T11:00:00+00:00,280.0628722586694,202.5127640997222,229.87722425277778,412.8043409177778,448.9400146019445,48.1489085525,49.23777216583333
2026-08-31T12:00:00+00:00,132.67543218780665,50.577488726944445,228.63809629944444,128.72904891805555,428.78552216916665,51.74661423777778,57.89695506444445
2026-08-31T13:00:00+00:00,188.5942146837186,0,-53.58603567916666,69.86002984083333,84.16469098611111,53,63.220548433888894
2026-08-31T14:00:00+00:00,200.0612394425525,-31.816203652500004,-53.45243671722222,58.9346080663889,71.35942415972222,52.53143930805555,60.028133115277775
2026-08-31T15:00:00+00:00,207.15799702098113,1.477323142777777,-21.176572488055555,44.32527478722222,52.29109822361111,51,56.770601263611105
2026-08-31T16:00:00+00:00,127.63853168146862,-20.73819813777778,-103.12116759805555,0,1.868652335,49.772293777222224,52.50806881222223
2026-08-31T17:00:00+00:00,76.08227888069807,-107.46482843861111,-104.28111852222223,0,0,46.14455860861111,46.024361131666666
2026-08-31T18:00:00+00:00,2419.50176105924,-280.32986931638885,-279.08349169083334,0,0,34.253687919444445,34.559829720277776
2026-08-31T19:00:00+00:00,161.05638535754167,-166.40452106944443,-174.66881601194447,0,0,18.521921080833334,19.13042612138889
2026-08-31T20:00:00+00:00,511.5241762523783,0,0,0,0,10,10
2026-08-31T21:00:00+00:00,318.97891744953387,0,0,0,0,10,10
2026-08-31T22:00:00+00:00,247.82575018008222,0,0,0,0,10,10
2026-08-31T23:00:00+00:00,247.14823411604496,0,0,0,0,10,10
2026-09-01T00:00:00+00:00,240.2541377070289,0,0,0,0,10,10
2026-09-01T01:00:00+00:00,341.32023718953167,0,0,0,0,10,10
2026-09-01T02:00:00+00:00,1039.5005100044257,0,0,0,0,10,10
2026-09-01T03:00:00+00:00,1322.893654944846,0,0,0,0,10,10
2026-09-01T04:00:00+00:00,763.222713738479,0,0,0,0,10,10
2026-09-01T05:00:00+00:00,214.84250516472915,10.739884477222224,3.6909968308333347,13.533577700833334,15.785417732777779,10.651081461666667,10.531361593888889
2026-09-01T06:00:00+00:00,1274.7695382993134,3.313394511944445,1.5063236147222223,52.952676562499995,59.567997426111106,11,11
2026-09-01T07:00:00+00:00,2506.797685683056,7.26812446861111,1.4739117105555557,194.75669286094887,205.57382907650356,11,11
2026-09-01T08:00:00+00:00,2714.2227045266022,66.29999968527777,63.72024508944444,270.27997972500003,219.23609297027778,12.839939288333333,12.771321742222222
2026-09-01T09:00:00+00:00,7132.4490880962985,64.10301647,98.65451034666667,214.70599688944444,273.9772330591667,16.72837195972222,17.15635981361111
2026-09-01T10:00:00+00:00,7065.944662920182,7.032913707777779,-84.85194325861112,163.81427973194445,125.70162855638888,19.300827601666665,19.087497071944444
2026-09-01T11:00:00+00:00,7201.581293098883,-5.79955215722222,55.42532331777778,126.61312119777779,196.05717744027777,17.084801410833332,17.38606323611111
2026-09-01T12:00:00+00:00,401.78083815069607,61.24156238861111,69.17440309916667,153.32310707805556,239.2882681075,19.630976252777778,21.827980021388893
2026-09-01T13:00:00+00:00,2728.1465116693507,-24.154172558055553,-24.083298913055557,67.92512597305556,96.42491826444444,20.364969786944446,21.57421372
2026-09-01T14:00:00+00:00,3495.3686111722996,-37.59999220194444,-66.85610278722223,32.20986887916667,43.30722175972222,18.196584097222225,18.94551986611111
2026-09-01T15:00:00+00:00,222.6560358649825,-5.824892800277778,-7.813939881944445,41.73151361222222,51.3042129925,17,16.92862692472222
2026-09-01T16:00:00+00:00,6796.498283212727,-92.19945755472223,-62.848845070277775,3.2732257775,11.982697184722221,13.20958125,13.453007134722222
2026-09-01T17:00:00+00:00,7319.042442992654,0,0,0,0,10,10
2026-09-01T18:00:00+00:00,3807.3321258497217,0,0,0,0,10,10
2026-09-01T19:00:00+00:00,625.307139612178,0,0,0,0,10,10
2026-09-01T20:00:00+00:00,413.25875430253,0,0,0,0,10,10
2026-09-01T21:00:00+00:00,307.15512732237,0,0,0,0,10,10
2026-09-01T22:00:00+00:00,266.4194376387056,0,0,0,0,10,10
2026-09-01T23:00:00+00:00,353.0888905148253,0,0,0,0,10,10
2026-09-02T00:00:00+00:00,296.21208261403666,0,0,0,0,10,10
2026-09-02T01:00:00+00:00,296.3123956101375,0,0,0,0,10,10
2026-09-02T02:00:00+00:00,2446.037776414773,0,0,0,0,10,10
2026-09-02T03:00:00+00:00,253.07603689796974,0,0,0,0,10,10
2026-09-02T04:00:00+00:00,1583.1497967165744,5.5492287524999995,4.245684663055556,5.533167635555556,4.688190281388889,10.066345380833333,10.066351201944444
2026-09-02T05:00:00+00:00,1156.7307069635972,6.881708743333333,0.4921525475000001,59.738318875000004,65.80870701277777,11,11
2026-09-02T06:00:00+00:00,547.4105931241189,64.79831153472222,74.6666674563889,214.43943740583333,217.78975420722224,12.094694787499998,12.11188474861111
2026-09-02T07:00:00+00:00,6090.936994658484,50.47651313638889,48.658922571111106,227.57955873666666,247.57382988472224,16.68465977138889,17.2954834975
2026-09-02T08:00:00+00:00,2894.430171845992,93.28350668194444,88.87285610222223,280.7480199386111,287.1514425638889,19.183745245,19.462137359166665
2026-09-02T09:00:00+00:00,218.3319134187852,116.36784224861111,111.3447512325,340.42586990694446,348.7303327211111,26.458987953333335,26.62919066611111
2026-09-02T10:00:00+00:00,61.04107672628305,165.1983914752778,172.2806141327778,346.2681547425,371.9251465425,32.57491522,33.34300895611111
2026-09-02T11:00:00+00:00,79.54428015426056,43.99846072944444,46.88073718166667,168.850459505,184.70806030694447,39.14410933638889,40.58966493583333
2026-09-02T12:00:00+00:00,107.98526365658888,6.656509134166668,-7.650087727222222,136.5131711361111,144.63168965527777,40,41.11037365722222
2026-09-02T13:00:00+00:00,2749.7537904427177,-30.06404790694444,-31.562189479166666,96.08815590222223,115.88438164249999,39.59367377444445,40.62859765416667
2026-09-02T14:00:00+00:00,189.50130032209836,-28.431705891388887,-27.721542035833334,73.87420258861111,91.79224116416667,37.561911468055555,38.44143662916667
2026-09-02T15:00:00+00:00,222.03374165282528,-57.28905524722222,-70.30659544777778,25.331204550555555,27.06721515138889,34.03007220722222,34.96121298111111
2026-09-02T16:00:00+00:00,266.60600090365085,-37.560972576666664,-0.4776485805555551,4.863481163055556,13.488411331111111,30.71698526611111,32.53831974111111
2026-09-02T17:00:00+00:00,674.1146340466267,-268.66108485944443,-348.3967435319444,0,0,21.86916870277778,23.235543250000003
2026-09-02T18:00:00+00:00,373.3149654423523,-21.448560529999995,-25.138059760555553,0,0,10.1850304875,10.201966386111112
2026-09-02T19:00:00+00:00,588.3256743990786,0,0,0,0,10,10
2026-09-02T20:00:00+00:00,2789.8528977095098,0,0,0,0,10,10
2026-09-02T21:00:00+00:00,386.6956397851225,0,0,0,0,10,10
2026-09-02T22:00:00+00:00,362.31586512543277,0,0,0,0,10,10
2026-09-02T23:00:00+00:00,312.13637562949197,0,0,0,0,10,10
2026-09-03T00:00:00+00:00,284.6632903547836,0,0,0,0,10,10
2026-09-03T01:00:00+00:00,247.67764292721054,0,0,0,0,10,10
2026-09-03T02:00:00+00:00,237.20934840290474,0,0,0,0,10,10
2026-09-03T03:00:00+00:00,226.96177268303276,0,0,0,0,10,10
2026-09-03T04:00:00+00:00,232.83427296218053,0,0,0,0,10,10
2026-09-03T05:00:00+00:00,218.48119403823583,14.746581165107116,14.813682288102127,15.085583216506615,16.215993172806936,10.25,10.25
2026-09-03T06:00:00+00:00,406.4222065434074,-6.287243636737436,-5.433295172712822,69.82025986684067,78.222124141504,11.068814462222223,11.137504658055555
2026-09-03T07:00:00+00:00,10786.82267804459,1.9284128380555554,0,84.70310431583333,103.91416200472223,11,11
2026-09-03T08:00:00+00:00,12347.70920252651,2.525449419722223,0.9654749736111111,75.25903441694444,87.44395437444444,11,11
2026-09-03T09:00:00+00:00,249.40425460242201,0,0.20931246777777776,80.05049669416667,97.29272163972223,11,11
2026-09-03T10:00:00+00:00,292.900559673425,79.16018641361111,76.39299400944445,203.52249879444446,167.67488079027777,11.991822391666666,12.027958949166667
2026-09-03T11:00:00+00:00,382.90075141979224,99.01758035194445,78.75610944694445,232.61154291194444,174.29105924166666,17.164074472777777,16.871447524166665
2026-09-03T12:00:00+00:00,115.71530479388498,61.00841351138889,74.89892093666667,137.9508655097222,183.87997284555556,21.757385242777776,22.449016658333335
2026-09-03T13:00:00+00:00,159.01179726458224,1.9605230083333334,-18.629945096944443,57.137366038611106,62.70592885666667,23,24.292859080555555
2026-09-03T14:00:00+00:00,181.3584842023017,-14.45834351972222,-19.334718310555555,43.01210437666666,51.833291233055554,22.723934581944444,22.895534502222223
2026-09-03T15:00:00+00:00,156.28666811389334,-21.836925029444444,-31.22640883916667,5.707794777777778,6.281338537499999,20.509425544166668,20.918672388333334
2026-09-03T16:00:00+00:00,157.15702611154168,-27.821843265277778,-27.149760413333336,1.1656170336111111,3.9805412933333333,19.31176674611111,19.140353104444443
2026-09-03T17:00:00+00:00,118.44262332247028,-43.93027669916666,-61.5955336925,0,0,16.557530850555555,16.216354528333333
2026-09-03T18:00:00+00:00,113.81311645525085,-66.47437507833332,-56.15402960472222,0,0,13.8145862175,13.45399806111111
2026-09-03T19:00:00+00:00,9200.6970199469,-10.887072133333334,-25.473971563333336,0,0,10.59337299,10.5761606025
2026-09-03T20:00:00+00:00,12172.201485672651,0,0,0,0,10,10
2026-09-03T21:00:00+00:00,11652.95346379721,0,0,0,0,10,10
2026-09-03T22:00:00+00:00,12074.782415723244,0,0,0,0,10,10
2026-09-03T23:00:00+00:00,11683.29282924807,0,0,0,0,10,10
2026-09-04T00:00:00+00:00,11525.012420172505,0,0,0,0,10,10
2026-09-04T01:00:00+00:00,3565.826905903306,0,0,0,0,10,10
2026-09-04T02:00:00+00:00,519.6337310407287,0,0,0,0,10,10
2026-09-04T03:00:00+00:00,488.33492659034715,0,0,0,0,10,10
2026-09-04T04:00:00+00:00,409.3759453960503,0,0,0,0,10,10
2026-09-04T05:00:00+00:00,424.8059935106189,4.110378436666667,7.385177848611111,4.195183017500001,8.436453088888888,10.000040059722222,10.169500631111111
2026-09-04T06:00:00+00:00,625.0992802403458,11.89209614277778,10.237333053333332,67.66297656722223,76.17622565222221,11,11
2026-09-04T07:00:00+00:00,308.65646363592026,19.05248962111111,-4.695146408055558,158.98524550333335,137.78658072444446,11.321694338611112,11.286671578611111
2026-09-04T08:00:00+00:00,264.3207604342528,-11.02281073638889,-2.681805074444441,153.9747300847222,151.8284964738889,11.715393976666666,11.725757226111112
2026-09-04T09:00:00+00:00,121.40821347236859,15.12585446361111,7.379050038888889,137.19427777305557,162.60330438916665,11.836444888611112,11.988640780833334
2026-09-04T10:00:00+00:00,3180.2970827939826,-5.63486205222222,9.649669639444445,111.0223937875,132.49388733166668,11.76438770888889,11.614382990555555
2026-09-04T11:00:00+00:00,211.18209317556662,0,0,53.67368940472222,63.31765805916667,11,11
2026-09-04T12:00:00+00:00,218.85047391326643,0,0.6328943822222223,63.247273597500005,74.21026910666667,11,11
2026-09-04T13:00:00+00:00,27.968988039491112,19.440580614444446,23.95777632722222,124.65863009472223,140.32202802666666,11.873670992222223,12.300102884166668
2026-09-04T14:00:00+00:00,143.74483086663363,-21.0621474625,-30.879353143333336,40.643719634444444,32.268596044166664,11.645501684444445,11.784066603055555
2026-09-04T15:00:00+00:00,584.2054190245007,-2.997784953888889,-4.202971623888889,30.106426603055557,39.199996155,10.918264970555555,10.965579506111112
2026-09-04T16:00:00+00:00,275.23144504939614,1.3569081694444447,-2.5219950275000005,0.7401266997222221,3.625987959166667,10.371344483333333,10.221590006944444
2026-09-04T17:00:00+00:00,314.473038210973,0,0,0,0,10,10
2026-09-04T18:00:00+00:00,643.3921494286094,0,0,0,0,10,10
2026-09-04T19:00:00+00:00,2786.327912885117,0,0,0,0,10,10
2026-09-04T20:00:00+00:00,321.7572905805194,0,0,0,0,10,10
2026-09-04T21:00:00+00:00,392.8210217571,0,0,0,0,10,10
2026-09-04T22:00:00+00:00,283.45142458952165,0,0,0,0,10,10
2026-09-04T23:00:00+00:00,277.8379204431311,0,0,0,0,10,10
2026-09-05T00:00:00+00:00,244.01638202020945,0,0,0,0,10,10
2026-09-05T01:00:00+00:00,215.59376295354915,0,0,0,0,10,10
2026-09-05T02:00:00+00:00,225.90851140507334,0,0,0,0,10,10
2026-09-05T03:00:00+00:00,221.87321315747252,0,0,0,0,10,10
2026-09-05T04:00:00+00:00,225.48410891532282,0,0,0,0,10,10
2026-09-05T05:00:00+00:00,160.19969588104806,29.56048982305555,26.564627112500002,61.80914895805555,45.965663668055555,10.88259497388889,10.94955576777778
2026-09-05T06:00:00+00:00,140.05986023253638,78.21222915222222,60.43959529138889,126.61314961305555,93.93792292777778,13.723344418055555,13.876790359722222
2026-09-05T07:00:00+00:00,133.65260517519332,142.94862896833334,150.6000703661111,231.79522591138888,193.72771097722224,19.998851734444447,19.690725114444444
2026-09-05T08:00:00+00:00,152.38919930692583,135.23637554277778,171.47509746666665,172.39553178083335,187.1128182825,29.997360855277776,29.829184192499998
2026-09-05T09:00:00+00:00,2651.209453930664,81.53154267472222,63.05945307444444,305.67557618222224,266.7000709308333,36.63170068083333,36.71123605416667
2026-09-05T10:00:00+00:00,869.775462549881,-78.46800231944444,-97.85160695694445,198.90176466833336,177.54519417555557,37.14147258944444,37.19097101194445
2026-09-05T11:00:00+00:00,449.64551165482106,127.31849651972222,155.6164235688889,208.0777227938889,256.5664125583333,35.367908460555554,36.82152081361111
2026-09-05T12:00:00+00:00,528.524081036218,-43.32936212444444,47.42107739222222,100.83482055805554,224.24420964833334,40.21744375388889,42.859105812222225
2026-09-05T13:00:00+00:00,1015.3724768863499,-129.15119408277775,-160.08491195916667,28.765429578333336,57.112999090833334,30.487810154444443,35.45525740277778
2026-09-05T14:00:00+00:00,205.76756781692083,-4.7450705169444465,-29.7475024,68.87440367166667,87.53916072416666,26.795008505833334,31.601674653333333
2026-09-05T15:00:00+00:00,598.9163992848997,-149.7112355572222,-137.39564621972224,21.338477700555558,8.651117918611112,19.499720336666666,26.803834883888886
2026-09-05T16:00:00+00:00,,,,,,15.055018007777777,17.397753648055556
2026-09-05T17:00:00+00:00,,,,,,10.042178361666666,11
2026-09-05T18:00:00+00:00,,,,,,10,11
2026-09-05T19:00:00+00:00,,,,,,10,11
2026-09-05T20:00:00+00:00,,,,,,10,10.268832170555555
2026-09-05T21:00:00+00:00,,,,,,10,10
2026-09-05T22:00:00+00:00,,,,,,10,10
2026-09-05T23:00:00+00:00,,,,,,10,10
